<?xml version="1.0" encoding="UTF-8"?>
<alto xmlns:xsi="http://www.w3.org/2001/XMLSchema-instance"
      xmlns="http://www.loc.gov/standards/alto/ns-v4#"
      xsi:schemaLocation="http://www.loc.gov/standards/alto/ns-v4# http://www.loc.gov/standards/alto/v4/alto-4-2.xsd">
  <Description>
    <MeasurementUnit>pixel</MeasurementUnit>
    <sourceImageInformation>
      <fileName>Le_Livre_des_faits_de_..._bpt6k1110614_3XKUpeX.pdf_page_13.png</fileName>
      <fileIdentifier>mets//exports_ALTO_Axel.zip/Le_Livre_des_faits_de_..._bpt6k1110614_3XKUpeX.pdf_page_13.png</fileIdentifier>
    </sourceImageInformation>
  </Description>
  
  <Tags>
    <OtherTag ID="BT5211" LABEL="text" DESCRIPTION="block type text"/><OtherTag ID="BT5210" LABEL="column" DESCRIPTION="block type column"/><OtherTag ID="BT5209" LABEL="Colonne" DESCRIPTION="block type Colonne"/><OtherTag ID="BT4" LABEL="Illustration" DESCRIPTION="block type Illustration"/><OtherTag ID="BT3" LABEL="Commentary" DESCRIPTION="block type Commentary"/><OtherTag ID="BT2" LABEL="Main" DESCRIPTION="block type Main"/><OtherTag ID="BT1" LABEL="Title" DESCRIPTION="block type Title"/>
    <OtherTag ID="LT4" LABEL="Signature" DESCRIPTION="line type Signature"/><OtherTag ID="LT2" LABEL="Numbering" DESCRIPTION="line type Numbering"/><OtherTag ID="LT1718" LABEL="default" DESCRIPTION="line type default"/>
  </Tags>
  
  <Layout>
    <Page WIDTH="4267"
          HEIGHT="6033"
          PHYSICAL_IMG_NR="182"
          ID="eSc_dummypage_">
      <PrintSpace HPOS="0"
                  VPOS="0"
                  WIDTH="4267"
                  HEIGHT="6033">
        
        <TextBlock HPOS="710.0"
                   VPOS="3177.0"
                   WIDTH="2819.0"
                   HEIGHT="1914.0"
                   ID="eSc_textblock_faf5075f"
                   TAGREFS="BT5211">
          <Shape><Polygon POINTS="3321 3177 3462 3177 3529 3324 3502 4742 3435 5091 750 5050 710 4357 777 3204 3321 3177"/></Shape>
          
          
          <TextLine ID="eSc_line_2d74cc10"
                    TAGREFS="LT1718"
                    BASELINE="1163 3311 2081 3311" 
                    HPOS="1163.0"
                    VPOS="3210.0"
                    WIDTH="918.0"
                    HEIGHT="145.0">
            <Shape><Polygon POINTS="1163 3311 1163 3331 1223 3351 1226 3351 1230 3351 1434 3334 1468 3355 1471 3355 1474 3355 1478 3355 1481 3355 1531 3334 1625 3334 1645 3351 1645 3355 1649 3355 1652 3355 1655 3355 1954 3334 2048 3355 2051 3355 2054 3355 2058 3355 2081 3334 2081 3311 2081 3244 1944 3244 1937 3237 1900 3220 1897 3220 1893 3220 1706 3231 1541 3241 1498 3224 1458 3210 1454 3210 1451 3210 1448 3210 1424 3224 1391 3241 1340 3220 1313 3210 1310 3210 1307 3210 1163 3214 1163 3311"/></Shape>
	    <String CONTENT=""
                    HPOS="1163.0"
                    VPOS="3210.0"
                    WIDTH="918.0"
                    HEIGHT="145.0"></String>
          </TextLine>

          
          
          <TextLine ID="eSc_line_c4c91789"
                    TAGREFS="LT1718"
                    BASELINE="2168 3314 3479 3304" 
                    HPOS="2165.0"
                    VPOS="3220.0"
                    WIDTH="1314.0"
                    HEIGHT="138.0">
            <Shape><Polygon POINTS="2168 3314 2168 3338 2208 3355 2212 3355 2215 3355 2296 3338 2299 3338 2339 3358 2342 3358 2346 3358 2349 3358 2353 3358 2353 3355 2373 3338 2379 3338 2564 3351 2567 3351 2570 3351 2614 3334 2617 3334 2644 3355 2648 3355 2651 3355 2654 3355 2658 3355 2701 3338 2761 3355 2765 3355 2768 3355 2886 3334 2889 3334 3033 3355 3036 3355 3224 3331 3227 3331 3231 3331 3254 3351 3258 3351 3261 3351 3264 3355 3395 3355 3395 3351 3398 3351 3479 3328 3479 3304 3469 3237 3365 3244 3331 3237 3244 3220 3241 3220 3154 3241 3137 3247 2882 3247 2869 3247 2728 3224 2725 3224 2721 3224 2718 3224 2718 3227 2698 3244 2507 3227 2503 3227 2500 3227 2497 3227 2497 3231 2473 3254 2255 3254 2195 3227 2192 3227 2188 3227 2185 3227 2182 3227 2182 3231 2165 3247 2168 3314"/></Shape>
	    <String CONTENT=""
                    HPOS="2165.0"
                    VPOS="3220.0"
                    WIDTH="1314.0"
                    HEIGHT="138.0"></String>
          </TextLine>

          
          
          <TextLine ID="eSc_line_9995d8c7"
                    TAGREFS="LT1718"
                    BASELINE="1149 3415 2084 3425" 
                    HPOS="1146.0"
                    VPOS="3328.0"
                    WIDTH="938.0"
                    HEIGHT="140.0">
            <Shape><Polygon POINTS="1149 3415 1146 3438 1176 3458 1179 3458 1183 3458 1186 3458 1320 3445 1337 3458 1337 3462 1340 3462 1344 3462 1347 3462 1716 3442 1799 3468 1803 3468 1806 3468 1810 3468 1877 3445 1913 3462 1917 3462 1920 3462 2081 3442 2084 3425 2084 3361 1930 3334 1927 3334 1826 3358 1820 3358 1779 3331 1776 3331 1773 3331 1769 3331 1766 3331 1709 3355 1675 3331 1672 3331 1669 3331 1665 3331 1535 3355 1531 3355 1528 3355 1427 3328 1424 3328 1421 3328 1260 3351 1189 3328 1186 3328 1183 3328 1179 3328 1176 3328 1149 3344 1149 3415"/></Shape>
	    <String CONTENT=""
                    HPOS="1146.0"
                    VPOS="3328.0"
                    WIDTH="938.0"
                    HEIGHT="140.0"></String>
          </TextLine>

          
          
          <TextLine ID="eSc_line_6a6c61c5"
                    TAGREFS="LT1718"
                    BASELINE="2172 3425 3499 3415" 
                    HPOS="2168.0"
                    VPOS="3331.0"
                    WIDTH="1331.0"
                    HEIGHT="137.0">
            <Shape><Polygon POINTS="2172 3425 2172 3448 2865 3468 2869 3468 2872 3468 2953 3448 3050 3468 3053 3468 3254 3448 3439 3465 3442 3465 3445 3465 3499 3438 3499 3415 3496 3358 3408 3331 3405 3331 3402 3331 3301 3355 3274 3331 3271 3331 3268 3331 3197 3331 3194 3331 3191 3331 3123 3355 3067 3331 3063 3331 3060 3331 3056 3331 3053 3331 3053 3334 3030 3361 2865 3361 2775 3334 2772 3334 2768 3334 2765 3334 2711 3361 2383 3361 2309 3338 2306 3338 2302 3338 2168 3365 2172 3425"/></Shape>
	    <String CONTENT=""
                    HPOS="2168.0"
                    VPOS="3331.0"
                    WIDTH="1331.0"
                    HEIGHT="137.0"></String>
          </TextLine>

          
          
          <TextLine ID="eSc_line_315f5a66"
                    TAGREFS="LT1718"
                    BASELINE="894 3529 2081 3536" 
                    HPOS="891.0"
                    VPOS="3442.0"
                    WIDTH="1190.0"
                    HEIGHT="147.0">
            <Shape><Polygon POINTS="894 3529 891 3559 915 3579 915 3582 918 3582 921 3582 925 3582 1042 3559 1159 3582 1163 3582 1166 3582 1216 3559 1236 3579 1240 3579 1243 3579 1246 3579 1350 3559 1374 3579 1374 3582 1377 3582 1380 3582 1384 3582 1387 3582 1451 3562 1481 3586 1484 3586 1488 3586 1491 3586 1494 3586 1498 3586 1528 3562 1696 3566 1712 3582 1712 3586 1716 3586 1719 3586 1722 3589 1853 3589 1853 3586 1856 3586 1860 3586 1860 3582 1883 3562 2051 3586 2054 3586 2058 3586 2061 3586 2061 3582 2078 3562 2081 3536 2081 3452 2048 3445 2044 3445 2041 3445 2037 3445 2017 3455 1994 3468 1964 3455 1937 3445 1934 3445 1930 3445 1927 3445 1924 3445 1907 3455 1873 3479 1813 3479 1776 3458 1753 3445 1749 3445 1746 3445 1743 3445 1739 3445 1739 3448 1726 3458 1709 3475 1662 3458 1635 3452 1632 3452 1629 3452 1625 3452 1622 3452 1622 3455 1615 3462 1602 3472 1572 3462 1551 3455 1548 3455 1545 3455 1541 3455 1538 3455 1531 3462 1518 3475 1494 3462 1488 3458 1484 3458 1481 3458 1444 3462 1377 3472 1364 3465 1340 3442 1337 3442 1334 3442 1173 3442 1169 3442 1166 3442 1163 3442 1163 3445 1139 3468 1132 3475 1049 3475 1042 3468 1012 3442 1008 3442 1005 3442 1002 3442 998 3442 995 3442 995 3445 968 3468 965 3472 894 3472 894 3529"/></Shape>
	    <String CONTENT=""
                    HPOS="891.0"
                    VPOS="3442.0"
                    WIDTH="1190.0"
                    HEIGHT="147.0"></String>
          </TextLine>

          
          
          <TextLine ID="eSc_line_1daa01ac"
                    TAGREFS="LT1718"
                    BASELINE="2182 3536 3469 3529" 
                    HPOS="2178.0"
                    VPOS="3438.0"
                    WIDTH="1291.0"
                    HEIGHT="148.0">
            <Shape><Polygon POINTS="2182 3536 2182 3566 2406 3566 2416 3566 2503 3586 2507 3586 2644 3569 2731 3586 2735 3586 2852 3562 2865 3562 2872 3562 2919 3579 2922 3579 2926 3579 3026 3562 3036 3562 3040 3562 3070 3582 3073 3582 3077 3582 3080 3582 3465 3559 3469 3529 3462 3472 3331 3472 3301 3442 3301 3438 3298 3438 3294 3438 3291 3438 3288 3438 3177 3472 3003 3472 2932 3438 2929 3438 2926 3438 2922 3438 2919 3438 2886 3468 2782 3475 2604 3475 2574 3445 2574 3442 2570 3442 2567 3442 2564 3442 2560 3442 2507 3465 2483 3445 2483 3442 2480 3442 2477 3442 2473 3442 2470 3442 2467 3442 2443 3462 2423 3445 2423 3442 2420 3442 2416 3442 2413 3442 2410 3442 2339 3458 2229 3442 2225 3442 2222 3442 2218 3442 2178 3468 2182 3536"/></Shape>
	    <String CONTENT=""
                    HPOS="2178.0"
                    VPOS="3438.0"
                    WIDTH="1291.0"
                    HEIGHT="148.0"></String>
          </TextLine>

          
          
          <TextLine ID="eSc_line_498fbfd6"
                    TAGREFS="LT1718"
                    BASELINE="774 3656 2084 3649" 
                    HPOS="770.0"
                    VPOS="3552.0"
                    WIDTH="1314.0"
                    HEIGHT="144.0">
            <Shape><Polygon POINTS="774 3656 774 3686 1035 3676 1075 3683 1139 3696 1143 3696 1277 3680 1324 3676 1347 3680 1421 3696 1424 3696 1427 3696 1464 3680 1474 3673 1484 3676 1521 3693 1525 3693 1528 3693 1850 3673 1867 3673 1887 3690 1887 3693 1890 3693 1893 3693 1897 3696 2041 3696 2041 3693 2044 3693 2048 3693 2084 3670 2084 3649 2078 3582 1917 3562 1913 3562 1910 3562 1907 3562 1907 3566 1890 3582 1746 3582 1692 3552 1689 3552 1686 3552 1682 3552 1605 3579 1525 3566 1521 3566 1421 3582 1367 3556 1364 3556 1360 3556 1199 3582 1166 3556 1163 3556 1159 3556 1156 3556 1153 3556 1096 3579 1025 3556 1022 3556 1018 3556 881 3576 797 3556 794 3556 791 3556 787 3556 784 3556 784 3559 780 3559 770 3566 774 3656"/></Shape>
	    <String CONTENT=""
                    HPOS="770.0"
                    VPOS="3552.0"
                    WIDTH="1314.0"
                    HEIGHT="144.0"></String>
          </TextLine>

          
          
          <TextLine ID="eSc_line_ae6bb823"
                    TAGREFS="LT1718"
                    BASELINE="2161 3656 3475 3646" 
                    HPOS="2158.0"
                    VPOS="3559.0"
                    WIDTH="1317.0"
                    HEIGHT="141.0">
            <Shape><Polygon POINTS="2161 3656 2161 3680 2507 3700 2510 3700 2617 3680 2942 3696 2946 3696 3050 3676 3274 3693 3278 3693 3281 3693 3284 3693 3304 3676 3375 3690 3378 3690 3475 3670 3475 3646 3465 3579 3234 3582 3227 3579 3177 3559 3174 3559 3170 3559 3167 3559 3164 3559 3164 3562 3144 3582 3140 3586 2869 3586 2865 3586 2845 3566 2845 3562 2842 3562 2839 3562 2835 3562 2832 3562 2761 3582 2688 3562 2684 3562 2681 3562 2678 3562 2674 3562 2644 3589 2560 3589 2396 3589 2356 3566 2353 3566 2349 3566 2346 3566 2342 3566 2339 3566 2316 3586 2289 3566 2286 3566 2282 3566 2188 3566 2185 3566 2182 3566 2178 3566 2158 3579 2161 3656"/></Shape>
	    <String CONTENT=""
                    HPOS="2158.0"
                    VPOS="3559.0"
                    WIDTH="1317.0"
                    HEIGHT="141.0"></String>
          </TextLine>

          
          
          <TextLine ID="eSc_line_5a9510d8"
                    TAGREFS="LT1718"
                    BASELINE="770 3763 2111 3763" 
                    HPOS="770.0"
                    VPOS="3676.0"
                    WIDTH="1341.0"
                    HEIGHT="134.0">
            <Shape><Polygon POINTS="770 3763 770 3787 848 3810 851 3810 854 3810 858 3810 941 3790 1146 3810 1149 3810 1478 3790 1592 3810 1595 3810 1598 3810 1682 3790 1759 3810 1763 3810 1766 3810 1974 3794 2001 3810 2004 3810 2007 3810 2011 3810 2111 3787 2111 3763 2111 3703 2004 3683 2001 3683 1997 3683 1994 3683 1974 3703 1853 3703 1820 3676 1816 3676 1813 3676 1719 3676 1716 3676 1712 3676 1709 3676 1709 3680 1686 3703 1538 3703 1508 3676 1505 3676 1501 3676 1498 3676 1394 3693 1337 3676 1334 3676 1330 3676 1327 3676 1263 3700 1089 3676 1086 3676 1082 3676 1079 3676 1079 3680 1059 3700 1018 3683 1015 3683 1012 3683 770 3700 770 3763"/></Shape>
	    <String CONTENT=""
                    HPOS="770.0"
                    VPOS="3676.0"
                    WIDTH="1341.0"
                    HEIGHT="134.0"></String>
          </TextLine>

          
          
          <TextLine ID="eSc_line_f4a13d7f"
                    TAGREFS="LT1718"
                    BASELINE="2155 3767 3472 3760" 
                    HPOS="2151.0"
                    VPOS="3676.0"
                    WIDTH="1321.0"
                    HEIGHT="134.0">
            <Shape><Polygon POINTS="2155 3767 2155 3794 2792 3810 2795 3810 2899 3790 2909 3790 2922 3790 3006 3807 3010 3807 3469 3787 3472 3760 3465 3693 3388 3676 3385 3676 3382 3676 3378 3676 3378 3680 3361 3693 3355 3703 3227 3703 3214 3696 3191 3680 3187 3680 3184 3680 3180 3680 3070 3696 3046 3700 3033 3696 2979 3683 2976 3683 2973 3683 2969 3683 2922 3700 2916 3700 2902 3700 2748 3680 2745 3680 2741 3680 2738 3680 2708 3703 2705 3703 2658 3680 2654 3680 2550 3680 2547 3680 2544 3680 2540 3680 2540 3683 2517 3703 2517 3706 2470 3706 2289 3706 2232 3680 2229 3680 2225 3680 2222 3680 2151 3703 2155 3767"/></Shape>
	    <String CONTENT=""
                    HPOS="2151.0"
                    VPOS="3676.0"
                    WIDTH="1321.0"
                    HEIGHT="134.0"></String>
          </TextLine>

          
          
          <TextLine ID="eSc_line_96ecba4c"
                    TAGREFS="LT1718"
                    BASELINE="770 3877 2088 3884" 
                    HPOS="767.0"
                    VPOS="3784.0"
                    WIDTH="1321.0"
                    HEIGHT="144.0">
            <Shape><Polygon POINTS="770 3877 767 3897 868 3924 871 3924 1424 3904 1776 3928 1779 3928 2084 3904 2088 3884 2084 3817 1984 3814 1950 3787 1947 3787 1944 3787 1940 3787 1937 3787 1870 3814 1823 3814 1756 3814 1709 3787 1706 3787 1702 3787 1592 3810 1525 3787 1521 3787 1518 3787 1515 3787 1468 3814 1464 3814 1424 3784 1421 3784 1417 3784 1414 3784 1411 3784 1354 3810 1327 3810 1173 3810 1149 3787 1149 3784 1146 3784 1143 3784 1018 3784 1015 3784 1012 3784 965 3810 958 3810 770 3810 770 3877"/></Shape>
	    <String CONTENT=""
                    HPOS="767.0"
                    VPOS="3784.0"
                    WIDTH="1321.0"
                    HEIGHT="144.0"></String>
          </TextLine>

          
          
          <TextLine ID="eSc_line_ca5df4f2"
                    TAGREFS="LT1718"
                    BASELINE="2161 3884 3475 3877" 
                    HPOS="2158.0"
                    VPOS="3790.0"
                    WIDTH="1317.0"
                    HEIGHT="144.0">
            <Shape><Polygon POINTS="2161 3884 2161 3911 2239 3928 2242 3928 2359 3911 2366 3911 2369 3911 2423 3931 2426 3931 2430 3931 2433 3931 2470 3914 2513 3934 2517 3934 2520 3934 2523 3934 2567 3914 2668 3934 2671 3934 2674 3934 2678 3934 2678 3931 2694 3918 2715 3934 2718 3934 2721 3934 2725 3934 2728 3934 2731 3934 2755 3914 2818 3931 2822 3931 2825 3931 2829 3931 2832 3931 2852 3911 2896 3928 2899 3928 2902 3928 2906 3928 2909 3928 2939 3908 3040 3924 3043 3924 3046 3924 3120 3908 3435 3931 3439 3931 3442 3931 3445 3931 3475 3904 3475 3877 3469 3790 3385 3790 3382 3790 3378 3790 3375 3790 3375 3794 3348 3820 3060 3820 3026 3800 3006 3790 3003 3790 2999 3790 2996 3790 2993 3790 2993 3794 2983 3804 2966 3820 2899 3820 2872 3807 2839 3790 2835 3790 2832 3790 2829 3790 2825 3790 2825 3794 2808 3807 2798 3824 2617 3824 2594 3814 2520 3794 2517 3794 2513 3794 2510 3794 2507 3794 2507 3797 2487 3817 2413 3820 2376 3820 2369 3820 2208 3794 2205 3794 2202 3794 2198 3794 2158 3817 2161 3884"/></Shape>
	    <String CONTENT=""
                    HPOS="2158.0"
                    VPOS="3790.0"
                    WIDTH="1317.0"
                    HEIGHT="144.0"></String>
          </TextLine>

          
          
          <TextLine ID="eSc_line_fc0a7e7f"
                    TAGREFS="LT1718"
                    BASELINE="767 3991 2088 3998" 
                    HPOS="764.0"
                    VPOS="3904.0"
                    WIDTH="1324.0"
                    HEIGHT="138.0">
            <Shape><Polygon POINTS="767 3991 764 4015 831 4038 834 4038 837 4038 841 4038 844 4038 868 4022 948 4038 951 4038 1397 4022 1421 4042 1424 4042 1427 4042 1431 4042 1545 4025 2061 4042 2064 4042 2068 4042 2071 4042 2071 4038 2084 4022 2088 3998 2084 3931 1913 3931 1913 3928 1893 3911 1893 3908 1890 3908 1887 3908 1883 3908 1880 3908 1820 3924 1776 3908 1773 3908 1769 3908 1766 3908 1763 3908 1739 3928 1538 3928 1267 3928 1233 3904 1230 3904 1226 3904 1223 3904 858 3924 794 3904 791 3904 787 3904 784 3904 780 3904 767 3914 767 3991"/></Shape>
	    <String CONTENT=""
                    HPOS="764.0"
                    VPOS="3904.0"
                    WIDTH="1324.0"
                    HEIGHT="138.0"></String>
          </TextLine>

          
          
          <TextLine ID="eSc_line_ba7c8ea7"
                    TAGREFS="LT1718"
                    BASELINE="2158 4001 3489 3991" 
                    HPOS="2155.0"
                    VPOS="3901.0"
                    WIDTH="1334.0"
                    HEIGHT="144.0">
            <Shape><Polygon POINTS="2158 4001 2158 4028 2413 4028 2456 4045 2460 4045 2463 4045 2614 4025 2627 4025 2637 4025 2718 4042 2721 4042 3489 4022 3489 3991 3482 3931 3315 3931 3281 3901 3278 3901 3274 3901 3207 3901 3204 3901 3201 3901 3197 3901 3157 3924 3134 3904 3134 3901 3130 3901 3127 3901 3073 3901 3070 3901 3067 3901 3063 3901 3026 3934 2906 3934 2875 3908 2875 3904 2872 3904 2869 3904 2818 3904 2815 3904 2812 3904 2808 3904 2808 3908 2785 3931 2691 3931 2604 3904 2601 3904 2597 3904 2594 3904 2523 3934 2198 3908 2195 3908 2192 3908 2188 3908 2155 3931 2158 4001"/></Shape>
	    <String CONTENT=""
                    HPOS="2155.0"
                    VPOS="3901.0"
                    WIDTH="1334.0"
                    HEIGHT="144.0"></String>
          </TextLine>

          
          
          <TextLine ID="eSc_line_59493561"
                    TAGREFS="LT1718"
                    BASELINE="767 4099 2078 4112" 
                    HPOS="764.0"
                    VPOS="4015.0"
                    WIDTH="1314.0"
                    HEIGHT="141.0">
            <Shape><Polygon POINTS="767 4099 764 4122 894 4142 898 4142 1075 4129 1132 4149 1136 4149 1139 4149 1143 4149 1210 4132 1250 4149 1253 4149 1256 4149 1551 4135 1568 4149 1568 4152 1572 4152 1575 4152 1578 4152 1719 4135 1743 4156 1746 4156 1749 4156 1753 4156 2074 4135 2078 4112 2074 4048 1927 4028 1924 4028 1920 4028 1883 4045 1856 4025 1853 4025 1850 4025 1846 4025 1679 4042 1675 4042 1622 4022 1618 4022 1615 4022 1454 4042 1434 4042 1431 4042 1397 4018 1394 4018 1391 4018 1387 4018 1260 4038 1250 4038 1243 4038 1129 4022 1126 4022 931 4035 915 4035 874 4015 871 4015 868 4015 767 4032 767 4099"/></Shape>
	    <String CONTENT=""
                    HPOS="764.0"
                    VPOS="4015.0"
                    WIDTH="1314.0"
                    HEIGHT="141.0"></String>
          </TextLine>

          
          
          <TextLine ID="eSc_line_a18d42e7"
                    TAGREFS="LT1718"
                    BASELINE="2161 4115 3482 4115" 
                    HPOS="2161.0"
                    VPOS="4022.0"
                    WIDTH="1321.0"
                    HEIGHT="144.0">
            <Shape><Polygon POINTS="2161 4115 2161 4139 2396 4142 2413 4159 2413 4162 2416 4162 2420 4162 2423 4162 2426 4162 2480 4142 2503 4162 2507 4162 2510 4162 2513 4166 2594 4166 2594 4162 2597 4162 2601 4162 2624 4142 2741 4162 2745 4166 3010 4166 3010 4162 3013 4162 3046 4146 3140 4162 3144 4162 3147 4162 3221 4142 3251 4162 3254 4162 3258 4162 3261 4162 3264 4162 3318 4146 3382 4162 3385 4162 3388 4162 3482 4139 3482 4115 3482 4045 3418 4022 3415 4022 3412 4022 3408 4022 3348 4042 3217 4022 3214 4022 3211 4022 3207 4022 3207 4025 3184 4048 3073 4048 2999 4022 2996 4022 2993 4022 2989 4022 2986 4022 2956 4048 2818 4048 2755 4022 2751 4022 2748 4022 2745 4022 2741 4022 2741 4025 2718 4048 2637 4048 2614 4025 2614 4022 2611 4022 2607 4022 2497 4022 2493 4022 2490 4022 2450 4042 2386 4028 2383 4028 2272 4045 2208 4022 2205 4022 2202 4022 2198 4022 2195 4022 2161 4042 2161 4115"/></Shape>
	    <String CONTENT=""
                    HPOS="2161.0"
                    VPOS="4022.0"
                    WIDTH="1321.0"
                    HEIGHT="144.0"></String>
          </TextLine>

          
          
          <TextLine ID="eSc_line_88da18cd"
                    TAGREFS="LT1718"
                    BASELINE="764 4219 2081 4226" 
                    HPOS="760.0"
                    VPOS="4135.0"
                    WIDTH="1321.0"
                    HEIGHT="128.0">
            <Shape><Polygon POINTS="764 4219 760 4246 777 4259 780 4259 784 4259 787 4259 1069 4246 1424 4263 1427 4263 2078 4246 2081 4226 2078 4162 1776 4159 1756 4139 1753 4139 1749 4139 1746 4139 1743 4139 1665 4159 1662 4159 1541 4159 1303 4159 1270 4135 1267 4135 1263 4135 1260 4135 1116 4152 1075 4135 1072 4135 784 4135 780 4135 777 4135 774 4135 774 4139 764 4149 764 4219"/></Shape>
	    <String CONTENT=""
                    HPOS="760.0"
                    VPOS="4135.0"
                    WIDTH="1321.0"
                    HEIGHT="128.0"></String>
          </TextLine>

          
          
          <TextLine ID="eSc_line_9a3aaf5a"
                    TAGREFS="LT1718"
                    BASELINE="2165 4226 3465 4226" 
                    HPOS="2165.0"
                    VPOS="4139.0"
                    WIDTH="1300.0"
                    HEIGHT="134.0">
            <Shape><Polygon POINTS="2165 4226 2165 4256 2299 4256 2322 4273 2326 4273 2329 4273 2332 4273 2436 4256 2470 4273 2473 4273 2477 4273 2560 4256 2627 4273 2631 4273 2634 4273 2748 4256 2842 4273 2845 4273 3465 4253 3465 4226 3465 4162 3415 4139 3412 4139 3408 4139 3405 4139 3402 4139 3372 4162 3338 4139 3335 4139 3331 4139 3328 4139 3113 4162 3053 4139 3050 4139 3046 4139 3043 4139 3040 4139 2999 4166 2681 4166 2624 4146 2621 4146 2617 4146 2520 4162 2497 4142 2497 4139 2493 4139 2490 4139 2346 4139 2342 4139 2339 4139 2336 4139 2296 4166 2165 4166 2165 4226"/></Shape>
	    <String CONTENT=""
                    HPOS="2165.0"
                    VPOS="4139.0"
                    WIDTH="1300.0"
                    HEIGHT="134.0"></String>
          </TextLine>

          
          
          <TextLine ID="eSc_line_6240aa86"
                    TAGREFS="LT1718"
                    BASELINE="760 4343 2094 4343" 
                    HPOS="760.0"
                    VPOS="4243.0"
                    WIDTH="1334.0"
                    HEIGHT="140.0">
            <Shape><Polygon POINTS="760 4343 760 4383 868 4367 972 4380 992 4383 995 4383 1015 4380 1099 4367 1132 4380 1143 4383 1146 4383 1149 4383 2094 4363 2094 4343 2094 4276 1820 4276 1789 4246 1789 4243 1786 4243 1783 4243 1649 4243 1645 4243 1642 4243 1639 4243 1639 4246 1625 4259 1608 4246 1608 4243 1605 4243 1602 4243 1535 4243 1531 4243 1528 4243 1525 4243 1525 4246 1494 4273 1407 4273 1384 4249 1380 4249 1377 4249 1374 4249 1216 4273 1146 4243 1143 4243 1139 4243 1136 4243 1132 4243 1132 4246 1102 4276 1059 4276 911 4243 908 4243 905 4243 851 4273 760 4273 760 4343"/></Shape>
	    <String CONTENT=""
                    HPOS="760.0"
                    VPOS="4243.0"
                    WIDTH="1334.0"
                    HEIGHT="140.0"></String>
          </TextLine>

          
          
          <TextLine ID="eSc_line_12daab4e"
                    TAGREFS="LT1718"
                    BASELINE="2165 4343 3449 4337" 
                    HPOS="2161.0"
                    VPOS="4246.0"
                    WIDTH="1288.0"
                    HEIGHT="141.0">
            <Shape><Polygon POINTS="2165 4343 2165 4370 2785 4387 2788 4387 2792 4387 2849 4367 2855 4367 2862 4367 2946 4383 2949 4383 3117 4367 3120 4367 3123 4367 3408 4383 3412 4383 3415 4383 3418 4383 3449 4363 3449 4337 3442 4276 3385 4276 3358 4249 3358 4246 3355 4246 3351 4246 3348 4246 3345 4246 3274 4276 3123 4276 2983 4246 2979 4246 2976 4246 2973 4246 2973 4249 2946 4276 2842 4276 2808 4246 2805 4246 2802 4246 2798 4246 2795 4246 2721 4270 2694 4249 2691 4249 2688 4249 2684 4249 2681 4249 2678 4249 2678 4253 2654 4273 2627 4249 2624 4249 2621 4249 2617 4249 2480 4276 2349 4249 2346 4249 2161 4280 2165 4343"/></Shape>
	    <String CONTENT=""
                    HPOS="2161.0"
                    VPOS="4246.0"
                    WIDTH="1288.0"
                    HEIGHT="141.0"></String>
          </TextLine>

          
          
          <TextLine ID="eSc_line_ea19a49c"
                    TAGREFS="LT1718"
                    BASELINE="750 4461 2071 4451" 
                    HPOS="747.0"
                    VPOS="4360.0"
                    WIDTH="1324.0"
                    HEIGHT="137.0">
            <Shape><Polygon POINTS="750 4461 750 4494 851 4481 1082 4481 1099 4494 1099 4497 1102 4497 1106 4497 1109 4497 1112 4497 1116 4497 1156 4481 1370 4494 1391 4494 1394 4494 1421 4494 1753 4474 2068 4487 2071 4451 2061 4370 1991 4383 1957 4370 1930 4360 1927 4360 1924 4360 1840 4373 1769 4383 1739 4373 1696 4360 1692 4360 1689 4360 1686 4360 1655 4377 1635 4387 1384 4387 1364 4380 1307 4363 1303 4363 1300 4363 1297 4363 1233 4383 1189 4363 1186 4363 1183 4363 1179 4363 1109 4387 1092 4390 1039 4387 821 4370 817 4370 814 4370 747 4387 750 4461"/></Shape>
	    <String CONTENT=""
                    HPOS="747.0"
                    VPOS="4360.0"
                    WIDTH="1324.0"
                    HEIGHT="137.0"></String>
          </TextLine>

          
          
          <TextLine ID="eSc_line_0b03618d"
                    TAGREFS="LT1718"
                    BASELINE="2165 4461 3445 4461" 
                    HPOS="2165.0"
                    VPOS="4370.0"
                    WIDTH="1280.0"
                    HEIGHT="144.0">
            <Shape><Polygon POINTS="2165 4461 2165 4494 2185 4511 2188 4511 2192 4511 2195 4511 2198 4511 2202 4511 2229 4491 2396 4491 2430 4511 2433 4511 2436 4511 2440 4511 2443 4511 2520 4491 2715 4491 2745 4511 2748 4511 2751 4511 2755 4514 2865 4514 2865 4511 2869 4511 2872 4511 2872 4507 2886 4494 2919 4507 2922 4507 2926 4507 2929 4507 2932 4507 2932 4504 2949 4491 3147 4511 3150 4511 3154 4511 3211 4491 3318 4511 3321 4511 3325 4511 3372 4491 3415 4511 3418 4511 3422 4511 3425 4511 3429 4511 3429 4507 3445 4491 3445 4461 3445 4394 3368 4394 3348 4373 3348 4370 3345 4370 3341 4370 3338 4370 3335 4370 3288 4390 2896 4370 2892 4370 2889 4370 2842 4394 2661 4394 2601 4370 2597 4370 2594 4370 2591 4370 2587 4370 2564 4390 2534 4370 2530 4370 2527 4370 2523 4370 2520 4370 2517 4370 2517 4373 2497 4394 2403 4394 2383 4373 2379 4373 2376 4373 2373 4373 2269 4387 2202 4370 2198 4370 2195 4370 2192 4370 2188 4370 2165 4383 2165 4461"/></Shape>
	    <String CONTENT=""
                    HPOS="2165.0"
                    VPOS="4370.0"
                    WIDTH="1280.0"
                    HEIGHT="144.0"></String>
          </TextLine>

          
          
          <TextLine ID="eSc_line_e1582de4"
                    TAGREFS="LT1718"
                    BASELINE="764 4564 2071 4571" 
                    HPOS="760.0"
                    VPOS="4471.0"
                    WIDTH="1311.0"
                    HEIGHT="140.0">
            <Shape><Polygon POINTS="764 4564 760 4585 945 4608 948 4608 951 4608 1005 4591 1025 4608 1029 4608 1032 4608 1035 4608 1394 4591 1427 4611 1431 4611 1434 4611 1437 4611 2068 4591 2071 4571 2071 4504 2014 4481 2011 4481 2007 4481 2004 4481 1930 4501 1900 4474 1897 4474 1893 4474 1890 4474 1887 4474 1793 4501 1622 4501 1505 4501 1478 4477 1478 4474 1474 4474 1471 4474 1424 4474 1421 4474 1417 4474 1414 4474 1380 4494 1357 4474 1357 4471 1354 4471 1350 4471 1347 4471 1112 4497 1109 4497 1042 4471 1039 4471 1035 4471 1032 4471 1029 4471 1029 4474 1002 4497 1002 4501 965 4501 962 4497 925 4471 921 4471 918 4471 844 4471 841 4471 837 4471 764 4494 764 4564"/></Shape>
	    <String CONTENT=""
                    HPOS="760.0"
                    VPOS="4471.0"
                    WIDTH="1311.0"
                    HEIGHT="140.0"></String>
          </TextLine>

          
          
          <TextLine ID="eSc_line_3c794b9f"
                    TAGREFS="LT1718"
                    BASELINE="2165 4575 3469 4575" 
                    HPOS="2165.0"
                    VPOS="4487.0"
                    WIDTH="1304.0"
                    HEIGHT="118.0">
            <Shape><Polygon POINTS="2165 4575 2165 4605 3469 4605 3469 4575 3469 4504 3435 4487 3432 4487 3429 4487 3425 4487 3422 4487 3341 4507 3204 4491 3201 4491 3197 4491 3160 4511 2942 4511 2879 4487 2875 4487 2872 4487 2869 4487 2865 4487 2865 4491 2845 4511 2718 4511 2664 4487 2661 4487 2658 4487 2654 4487 2591 4507 2436 4487 2433 4487 2430 4487 2379 4507 2192 4487 2188 4487 2185 4487 2182 4487 2165 4501 2165 4575"/></Shape>
	    <String CONTENT=""
                    HPOS="2165.0"
                    VPOS="4487.0"
                    WIDTH="1304.0"
                    HEIGHT="118.0"></String>
          </TextLine>

          
          
          <TextLine ID="eSc_line_7ab44df3"
                    TAGREFS="LT1718"
                    BASELINE="764 4675 2071 4685" 
                    HPOS="760.0"
                    VPOS="4591.0"
                    WIDTH="1311.0"
                    HEIGHT="138.0">
            <Shape><Polygon POINTS="764 4675 760 4699 1029 4722 1032 4722 1193 4709 1230 4725 1233 4725 1236 4725 1608 4709 1977 4729 1980 4729 2068 4709 2071 4685 2071 4621 2014 4595 2011 4595 2007 4595 1890 4618 1709 4595 1706 4595 1505 4615 1444 4591 1441 4591 1347 4591 1344 4591 1340 4591 1337 4591 1337 4595 1313 4615 1313 4618 1206 4618 1199 4615 1159 4591 1156 4591 1153 4591 1149 4591 1102 4611 764 4611 764 4675"/></Shape>
	    <String CONTENT=""
                    HPOS="760.0"
                    VPOS="4591.0"
                    WIDTH="1311.0"
                    HEIGHT="138.0"></String>
          </TextLine>

          
          
          <TextLine ID="eSc_line_cacda3d5"
                    TAGREFS="LT1718"
                    BASELINE="2155 4692 3465 4682" 
                    HPOS="2151.0"
                    VPOS="4588.0"
                    WIDTH="1314.0"
                    HEIGHT="154.0">
            <Shape><Polygon POINTS="2155 4692 2155 4719 2342 4742 2346 4742 2537 4719 2587 4715 2607 4719 2658 4735 2661 4735 2664 4735 2775 4719 2818 4715 2829 4719 2862 4739 2865 4739 2869 4742 2969 4742 2969 4739 2973 4739 3023 4719 3046 4712 3070 4719 3110 4735 3113 4735 3117 4735 3187 4719 3227 4712 3459 4719 3465 4682 3455 4618 3201 4618 3197 4618 3157 4588 3154 4588 3150 4588 3147 4588 3144 4588 3056 4618 3056 4621 2999 4621 2996 4621 2939 4591 2936 4591 2932 4591 2929 4591 2859 4621 2822 4591 2818 4591 2815 4591 2812 4591 2808 4591 2805 4591 2775 4618 2748 4605 2745 4605 2741 4605 2624 4621 2591 4595 2591 4591 2587 4591 2584 4591 2580 4591 2446 4595 2443 4595 2440 4595 2440 4598 2423 4611 2399 4595 2396 4595 2393 4595 2302 4595 2299 4595 2151 4625 2155 4692"/></Shape>
	    <String CONTENT=""
                    HPOS="2151.0"
                    VPOS="4588.0"
                    WIDTH="1314.0"
                    HEIGHT="154.0"></String>
          </TextLine>

          
          
          <TextLine ID="eSc_line_5e60c65b"
                    TAGREFS="LT1718"
                    BASELINE="760 4799 2061 4799" 
                    HPOS="760.0"
                    VPOS="4705.0"
                    WIDTH="1301.0"
                    HEIGHT="144.0">
            <Shape><Polygon POINTS="760 4799 760 4823 827 4846 831 4846 834 4849 928 4849 928 4846 931 4846 935 4846 935 4843 955 4826 1146 4846 1149 4846 1313 4826 1913 4846 1917 4846 2061 4823 2061 4799 2061 4729 1997 4705 1994 4705 1991 4705 1987 4705 1984 4705 1984 4709 1957 4732 1813 4732 1789 4709 1789 4705 1786 4705 1783 4705 1779 4705 1776 4705 1729 4729 1605 4705 1602 4705 1598 4705 1511 4729 1451 4705 1448 4705 1444 4705 1441 4705 1370 4732 1233 4732 1210 4709 1210 4705 1206 4705 1203 4705 1199 4705 1196 4705 1149 4729 1122 4705 1119 4705 1116 4705 1112 4705 1109 4705 1055 4729 905 4729 884 4709 884 4705 881 4705 878 4705 784 4705 780 4705 777 4705 774 4705 774 4709 760 4722 760 4799"/></Shape>
	    <String CONTENT=""
                    HPOS="760.0"
                    VPOS="4705.0"
                    WIDTH="1301.0"
                    HEIGHT="144.0"></String>
          </TextLine>

          
          
          <TextLine ID="eSc_line_5237379f"
                    TAGREFS="LT1718"
                    BASELINE="2161 4796 3432 4806" 
                    HPOS="2158.0"
                    VPOS="4722.0"
                    WIDTH="1274.0"
                    HEIGHT="137.0">
            <Shape><Polygon POINTS="2161 4796 2158 4833 2376 4849 2379 4849 2383 4849 2413 4839 2440 4829 2450 4839 2460 4849 2463 4849 2467 4849 2470 4849 2473 4849 2477 4849 2487 4839 2500 4829 2617 4843 2711 4853 2715 4853 2778 4846 2889 4833 2919 4849 2929 4853 2932 4853 2936 4853 2939 4853 2953 4849 3006 4833 3097 4833 3117 4853 3120 4856 3123 4856 3127 4856 3130 4859 3237 4859 3237 4856 3241 4856 3244 4856 3244 4853 3268 4836 3294 4856 3298 4856 3301 4856 3304 4859 3429 4859 3432 4806 3425 4722 2161 4725 2161 4796"/></Shape>
	    <String CONTENT=""
                    HPOS="2158.0"
                    VPOS="4722.0"
                    WIDTH="1274.0"
                    HEIGHT="137.0"></String>
          </TextLine>

          
          
          <TextLine ID="eSc_line_3d934a8c"
                    TAGREFS="LT1718"
                    BASELINE="764 4903 2064 4916" 
                    HPOS="760.0"
                    VPOS="4819.0"
                    WIDTH="1304.0"
                    HEIGHT="134.0">
            <Shape><Polygon POINTS="764 4903 760 4933 780 4947 784 4947 787 4947 791 4947 935 4933 1126 4953 1129 4953 1132 4953 1186 4937 1206 4953 1210 4953 1213 4953 1216 4953 2061 4940 2064 4916 2064 4856 1833 4856 1826 4853 1743 4826 1739 4826 1662 4826 1659 4826 1655 4826 1652 4826 1652 4829 1629 4849 1494 4826 1491 4826 1488 4826 1414 4849 1116 4849 1112 4846 1092 4823 1092 4819 1089 4819 1086 4819 1082 4819 1079 4819 988 4843 985 4843 764 4843 764 4903"/></Shape>
	    <String CONTENT=""
                    HPOS="760.0"
                    VPOS="4819.0"
                    WIDTH="1304.0"
                    HEIGHT="134.0"></String>
          </TextLine>

          
          
          <TextLine ID="eSc_line_a555f36d"
                    TAGREFS="LT1718"
                    BASELINE="2151 4920 3435 4913" 
                    HPOS="2148.0"
                    VPOS="4819.0"
                    WIDTH="1287.0"
                    HEIGHT="158.0">
            <Shape><Polygon POINTS="2151 4920 2151 4953 2168 4970 2172 4970 2175 4970 2178 4970 2182 4970 2185 4970 2215 4947 2356 4947 2389 4973 2393 4973 2396 4973 2399 4973 2403 4973 2406 4973 2430 4953 2450 4970 2450 4973 2453 4973 2456 4973 2460 4977 2537 4977 2537 4973 2540 4973 2544 4973 2580 4947 2681 4970 2684 4970 2688 4970 2691 4970 2728 4943 2839 4943 2842 4943 2916 4970 2919 4970 2922 4970 2926 4970 2929 4970 2969 4943 3010 4970 3013 4970 3016 4970 3020 4973 3110 4973 3110 4970 3113 4970 3177 4943 3234 4970 3237 4970 3241 4970 3358 4953 3382 4970 3385 4970 3388 4970 3392 4970 3395 4970 3398 4970 3435 4940 3435 4913 3425 4849 2939 4849 2909 4823 2909 4819 2906 4819 2902 4819 2818 4819 2815 4819 2812 4819 2808 4819 2772 4846 2664 4823 2661 4823 2658 4823 2597 4849 2567 4823 2564 4823 2560 4823 2483 4823 2480 4823 2477 4823 2473 4823 2473 4826 2443 4849 2195 4823 2192 4823 2188 4823 2185 4823 2148 4843 2151 4920"/></Shape>
	    <String CONTENT=""
                    HPOS="2148.0"
                    VPOS="4819.0"
                    WIDTH="1287.0"
                    HEIGHT="158.0"></String>
          </TextLine>

          
          
          <TextLine ID="eSc_line_e65389e1"
                    TAGREFS="LT1718"
                    BASELINE="770 5024 3442 5037" 
                    HPOS="767.0"
                    VPOS="4930.0"
                    WIDTH="2675.0"
                    HEIGHT="154.0">
            <Shape><Polygon POINTS="3429 4970 3318 4940 3315 4940 3144 4940 3140 4940 3137 4940 3087 4967 3006 4940 3003 4940 2999 4940 2996 4940 2926 4967 2839 4940 2835 4940 2832 4940 2829 4940 2755 4963 2621 4940 2617 4940 2510 4963 2379 4937 2376 4937 2373 4937 2275 4963 2275 4967 2105 4967 2054 4963 2014 4963 1977 4933 1974 4933 1970 4933 1967 4933 1964 4933 1877 4960 1813 4933 1810 4933 1806 4933 1803 4933 1736 4957 1669 4933 1665 4933 1521 4933 1518 4933 1515 4933 1511 4933 1491 4950 1434 4930 1431 4930 1427 4930 1424 4930 1340 4960 1290 4960 1129 4960 1129 4957 1075 4937 1072 4937 1069 4937 1065 4937 1062 4937 1035 4957 1002 4930 998 4930 995 4930 992 4930 988 4930 921 4957 770 4957 770 5024 767 5050 864 5074 868 5074 1032 5057 1055 5074 1059 5074 1062 5074 1065 5074 1216 5057 1240 5074 1243 5074 1246 5074 1250 5074 1585 5061 1692 5077 1696 5077 2105 5061 2802 5084 2805 5084 2976 5067 3368 5084 3372 5084 3375 5084 3439 5064 3442 5037 3442 5014 3429 4970"/></Shape>
	    <String CONTENT=""
                    HPOS="767.0"
                    VPOS="4930.0"
                    WIDTH="2675.0"
                    HEIGHT="154.0"></String>
          </TextLine>

          
        </TextBlock>
        
        <TextBlock HPOS="1645.0"
                   VPOS="1220.0"
                   WIDTH="27.0"
                   HEIGHT="23.0"
                   ID="eSc_textblock_77115c6e"
                   TAGREFS="BT5211">
          <Shape><Polygon POINTS="1672 1220 1669 1243 1645 1230 1645 1220 1672 1220"/></Shape>
          
        </TextBlock>
        
        <TextBlock HPOS="1672.0"
                   VPOS="1126.0"
                   WIDTH="24.0"
                   HEIGHT="23.0"
                   ID="eSc_textblock_01e2d91a"
                   TAGREFS="BT5211">
          <Shape><Polygon POINTS="1696 1129 1682 1149 1672 1149 1672 1126 1696 1129"/></Shape>
          
        </TextBlock>
        
        <TextBlock HPOS="2825.0"
                   VPOS="1206.0"
                   WIDTH="10.0"
                   HEIGHT="24.0"
                   ID="eSc_textblock_2f49e361"
                   TAGREFS="BT5211">
          <Shape><Polygon POINTS="2835 1223 2825 1230 2825 1206 2835 1206 2835 1223"/></Shape>
          
        </TextBlock>
        
        <TextBlock HPOS="2942.0"
                   VPOS="1220.0"
                   WIDTH="11.0"
                   HEIGHT="10.0"
                   ID="eSc_textblock_20840abc"
                   TAGREFS="BT5211">
          <Shape><Polygon POINTS="2946 1230 2942 1220 2953 1220 2953 1230 2946 1230"/></Shape>
          
        </TextBlock>
        
        <TextBlock HPOS="3090.0"
                   VPOS="1220.0"
                   WIDTH="10.0"
                   HEIGHT="10.0"
                   ID="eSc_textblock_06facca6"
                   TAGREFS="BT5211">
          <Shape><Polygon POINTS="3093 1230 3090 1220 3100 1220 3100 1230 3093 1230"/></Shape>
          
        </TextBlock>
        
        <TextBlock HPOS="3103.0"
                   VPOS="1300.0"
                   WIDTH="10.0"
                   HEIGHT="23.0"
                   ID="eSc_textblock_ba3db981"
                   TAGREFS="BT5211">
          <Shape><Polygon POINTS="3113 1317 3103 1323 3103 1300 3113 1300 3113 1317"/></Shape>
          
        </TextBlock>
        
        <TextBlock HPOS="3157.0"
                   VPOS="1220.0"
                   WIDTH="23.0"
                   HEIGHT="10.0"
                   ID="eSc_textblock_16a42d50"
                   TAGREFS="BT5211">
          <Shape><Polygon POINTS="3180 1230 3157 1230 3157 1220 3180 1220 3180 1230"/></Shape>
          
        </TextBlock>
        
        <TextBlock HPOS="3372.0"
                   VPOS="790.0"
                   WIDTH="90.0"
                   HEIGHT="91.0"
                   ID="eSc_textblock_bd69fd41"
                   TAGREFS="BT5211">
          <Shape><Polygon POINTS="3418 790 3462 817 3449 881 3372 868 3418 790"/></Shape>
          
        </TextBlock>
        
        <TextBlock HPOS="992.0"
                   VPOS="1742.0"
                   WIDTH="10.0"
                   HEIGHT="10.0"
                   ID="eSc_textblock_7920146a"
                   TAGREFS="BT5211">
          <Shape><Polygon POINTS="995 1752 992 1742 1002 1742 1002 1752 995 1752"/></Shape>
          
        </TextBlock>
        
        <TextBlock HPOS="951.0"
                   VPOS="2319.0"
                   WIDTH="118.0"
                   HEIGHT="77.0"
                   ID="eSc_textblock_88e2e7a8"
                   TAGREFS="BT5211">
          <Shape><Polygon POINTS="1018 2319 1069 2369 978 2396 951 2346 1018 2319"/></Shape>
          
        </TextBlock>
        
        <TextBlock HPOS="1099.0"
                   VPOS="2590.0"
                   WIDTH="90.0"
                   HEIGHT="168.0"
                   ID="eSc_textblock_4c31db18"
                   TAGREFS="BT5211">
          <Shape><Polygon POINTS="1163 2590 1189 2677 1099 2758 1112 2614 1163 2590"/></Shape>
          
        </TextBlock>
        
        <TextBlock HPOS="2168.0"
                   VPOS="3083.0"
                   WIDTH="10.0"
                   HEIGHT="10.0"
                   ID="eSc_textblock_6f03b2dc"
                   TAGREFS="BT5211">
          <Shape><Polygon POINTS="2172 3093 2168 3083 2178 3083 2178 3093 2172 3093"/></Shape>
          
        </TextBlock>
        
        <TextBlock HPOS="2611.0"
                   VPOS="2537.0"
                   WIDTH="234.0"
                   HEIGHT="167.0"
                   ID="eSc_textblock_e5994ac1"
                   TAGREFS="BT5211">
          <Shape><Polygon POINTS="2688 2537 2808 2574 2782 2637 2845 2704 2611 2704 2637 2547 2688 2537"/></Shape>
          
        </TextBlock>
        
        <TextBlock HPOS="2718.0"
                   VPOS="2493.0"
                   WIDTH="50.0"
                   HEIGHT="10.0"
                   ID="eSc_textblock_6c3a8ad4"
                   TAGREFS="BT5211">
          <Shape><Polygon POINTS="2745 2493 2768 2503 2718 2503 2718 2493 2745 2493"/></Shape>
          
        </TextBlock>
        
        <TextBlock HPOS="2825.0"
                   VPOS="1327.0"
                   WIDTH="34.0"
                   HEIGHT="37.0"
                   ID="eSc_textblock_af0f2fd0"
                   TAGREFS="BT5211">
          <Shape><Polygon POINTS="2849 1340 2859 1364 2825 1364 2825 1327 2849 1340"/></Shape>
          
        </TextBlock>
        
        <TextBlock HPOS="898.0"
                   VPOS="1139.0"
                   WIDTH="157.0"
                   HEIGHT="225.0"
                   ID="eSc_textblock_59b7cfbb"
                   TAGREFS="BT5211">
          <Shape><Polygon POINTS="938 1139 988 1139 975 1189 1055 1273 1002 1364 898 1310 938 1139"/></Shape>
          
        </TextBlock>
        
        <TextBlock HPOS="2490.0"
                   VPOS="1287.0"
                   WIDTH="1012.0"
                   HEIGHT="1726.0"
                   ID="eSc_textblock_9ecf641b"
                   TAGREFS="BT5211">
          <Shape><Polygon POINTS="2728 1287 2782 1313 2772 1394 2993 1434 3100 1394 3090 1354 3154 1407 3194 1340 3395 1488 3395 2758 3435 2855 3462 2748 3502 2865 3412 2879 3328 3013 3023 2999 2993 2959 2570 2999 2490 2959 2557 2748 2872 2801 2862 2574 2939 2614 2969 2570 2939 2168 2845 2198 2926 2409 2785 2409 2718 2476 2517 2396 2570 2275 2530 1863 2584 1354 2728 1287"/></Shape>
          
        </TextBlock>
        

        
      </PrintSpace>
    </Page>
  </Layout>
</alto>
