<mets xmlns="http://www.loc.gov/METS/" xmlns:xlink="http://www.w3.org/1999/xlink">
  <fileSec>
    
    <fileGrp USE="image">
      
        <file ID="image1">
          <FLocat xlink:href="Le_Livre_des_faits_de_..._bpt6k1110614_3XKUpeX.pdf_page_11.png"/>
        </file>
      
        <file ID="image2">
          <FLocat xlink:href="Le_Livre_des_faits_de_..._bpt6k1110614_3XKUpeX.pdf_page_12.png"/>
        </file>
      
        <file ID="image3">
          <FLocat xlink:href="Le_Livre_des_faits_de_..._bpt6k1110614_3XKUpeX.pdf_page_13.png"/>
        </file>
      
    </fileGrp>
    
    <fileGrp USE="export">
      
        <file ID="export1">
          <FLocat xlink:href="Le_Livre_des_faits_de_..._bpt6k1110614_3XKUpeX.pdf_page_11.xml"/>
        </file>
      
        <file ID="export2">
          <FLocat xlink:href="Le_Livre_des_faits_de_..._bpt6k1110614_3XKUpeX.pdf_page_12.xml"/>
        </file>
      
        <file ID="export3">
          <FLocat xlink:href="Le_Livre_des_faits_de_..._bpt6k1110614_3XKUpeX.pdf_page_13.xml"/>
        </file>
      
    </fileGrp>
  </fileSec>
  <structMap TYPE="physical">
    <div TYPE="document">
      
      <div TYPE="page">
        <fptr FILEID="image1"/>
        <fptr FILEID="export1"/>
      </div>
      
      <div TYPE="page">
        <fptr FILEID="image2"/>
        <fptr FILEID="export2"/>
      </div>
      
      <div TYPE="page">
        <fptr FILEID="image3"/>
        <fptr FILEID="export3"/>
      </div>
      
    </div>
  </structMap>
</mets>
