<?xml version="1.0" encoding="UTF-8"?>
<alto xmlns:xsi="http://www.w3.org/2001/XMLSchema-instance"
      xmlns="http://www.loc.gov/standards/alto/ns-v4#"
      xsi:schemaLocation="http://www.loc.gov/standards/alto/ns-v4# http://www.loc.gov/standards/alto/v4/alto-4-2.xsd">
  <Description>
    <MeasurementUnit>pixel</MeasurementUnit>
    <sourceImageInformation>
      <fileName>Le_Livre_des_faits_de_..._bpt6k1110614_qNBpghs.pdf_page_7.png</fileName>
      <fileIdentifier>mets//exports_ALTO_charlie.zip/Le_Livre_des_faits_de_..._bpt6k1110614_qNBpghs.pdf_page_7.png</fileIdentifier>
    </sourceImageInformation>
  </Description>
  
  <Tags>
    <OtherTag ID="BT5449" LABEL="Drop Capital" DESCRIPTION="block type Drop Capital"/><OtherTag ID="BT5448" LABEL="column" DESCRIPTION="block type column"/><OtherTag ID="BT4" LABEL="Illustration" DESCRIPTION="block type Illustration"/><OtherTag ID="BT3" LABEL="Commentary" DESCRIPTION="block type Commentary"/><OtherTag ID="BT2" LABEL="Main" DESCRIPTION="block type Main"/><OtherTag ID="BT1" LABEL="Title" DESCRIPTION="block type Title"/>
    <OtherTag ID="LT4" LABEL="Signature" DESCRIPTION="line type Signature"/><OtherTag ID="LT2" LABEL="Numbering" DESCRIPTION="line type Numbering"/><OtherTag ID="LT1854" LABEL="default" DESCRIPTION="line type default"/>
  </Tags>
  
  <Layout>
    <Page WIDTH="4267"
          HEIGHT="6033"
          PHYSICAL_IMG_NR="0"
          ID="eSc_dummypage_">
      <PrintSpace HPOS="0"
                  VPOS="0"
                  WIDTH="4267"
                  HEIGHT="6033">
        
        <TextBlock HPOS="773"
                   VPOS="1031"
                   WIDTH="1417"
                   HEIGHT="4108"
                   ID="eSc_textblock_5ae1e628"
                   TAGREFS="BT5448">
          <Shape><Polygon POINTS="779 1031 773 5139 2190 5139 2190 1061"/></Shape>
          
          
          <TextLine ID="eSc_line_984f2236"
                    
                    BASELINE="1336 1146 1346 1146 1372 1146 1429 1146 1611 1146 1933 1120 1980 1109 2037 1109 2074 1130 2105 1130" 
                    HPOS="1328"
                    VPOS="1045"
                    WIDTH="775"
                    HEIGHT="136">
            <Shape><Polygon POINTS="2073 1060 2032 1060 1982 1060 1932 1055 1881 1055 1831 1055 1781 1055 1730 1055 1680 1050 1630 1050 1579 1050 1529 1050 1479 1050 1429 1045 1378 1045 1328 1045 1333 1141 1333 1181 2103 1166 2103 1126 2098 1060 2073 1060"/></Shape>
	    <String CONTENT="N ma penſee ſou"
                    HPOS="1328"
                    VPOS="1045"
                    WIDTH="775"
                    HEIGHT="136"></String>
          </TextLine>

          
          
          <TextLine ID="eSc_line_5f2ea17b"
                    TAGREFS="LT1854"
                    BASELINE="1320 1253 2131 1246" 
                    HPOS="1317.0"
                    VPOS="1163.0"
                    WIDTH="814.0"
                    HEIGHT="127.0">
            <Shape><Polygon POINTS="1320 1253 1320 1280 2051 1290 2054 1290 2058 1290 2131 1266 2131 1246 2125 1183 1722 1163 1719 1163 1716 1163 1712 1163 1682 1183 1498 1169 1494 1169 1317 1186 1320 1253"/></Shape>
	    <String CONTENT="uent me ꝸeliccoye"
                    HPOS="1317.0"
                    VPOS="1163.0"
                    WIDTH="814.0"
                    HEIGHT="127.0"></String>
          </TextLine>

          
          
          <TextLine ID="eSc_line_d0e9fa77"
                    TAGREFS="LT1854"
                    BASELINE="1320 1367 2121 1360" 
                    HPOS="1317"
                    VPOS="1276"
                    WIDTH="804"
                    HEIGHT="138">
            <Shape><Polygon POINTS="1320 1400 1437 1414 1441 1414 1444 1414 1478 1397 1494 1390 1535 1397 1645 1414 1649 1414 1652 1414 1655 1414 1686 1394 1692 1390 1729 1390 1947 1404 1950 1404 1954 1404 2007 1387 2031 1404 2034 1404 2037 1404 2041 1404 2044 1404 2121 1380 2121 1360 2118 1300 2074 1280 2071 1280 2068 1280 1880 1293 1833 1297 1806 1293 1722 1276 1719 1276 1716 1276 1712 1276 1712 1280 1709 1280 1702 1290 1692 1300 1317 1283 1320 1367"/></Shape>
	    <String CONTENT="en ouyr liures et"
                    HPOS="1317"
                    VPOS="1276"
                    WIDTH="804"
                    HEIGHT="138"></String>
          </TextLine>

          
          
          <TextLine ID="eSc_line_06add913"
                    TAGREFS="LT1854"
                    BASELINE="1320 1488 2111 1478" 
                    HPOS="1317.0"
                    VPOS="1387.0"
                    WIDTH="794.0"
                    HEIGHT="141.0">
            <Shape><Polygon POINTS="1320 1488 1320 1508 1444 1528 1448 1528 1451 1528 1454 1528 1481 1508 1525 1528 1528 1528 1531 1528 1535 1528 1588 1504 1595 1504 1615 1504 1783 1525 1786 1525 2108 1498 2111 1478 2105 1411 1927 1411 1924 1407 1883 1387 1880 1387 1877 1387 1873 1387 1870 1387 1843 1404 1836 1407 1823 1404 1766 1390 1763 1390 1759 1390 1756 1390 1753 1390 1753 1394 1743 1404 1732 1411 1706 1400 1665 1390 1662 1390 1659 1390 1582 1400 1471 1414 1317 1397 1320 1488"/></Shape>
	    <String CONTENT="cōpter les faiᴣ des"
                    HPOS="1317.0"
                    VPOS="1387.0"
                    WIDTH="794.0"
                    HEIGHT="141.0"></String>
          </TextLine>

          
          
          <TextLine ID="eSc_line_ec68fe28"
                    TAGREFS="LT1854"
                    BASELINE="1317 1595 2115 1588" 
                    HPOS="1313"
                    VPOS="1501"
                    WIDTH="802"
                    HEIGHT="148">
            <Shape><Polygon POINTS="1320 1649 1380 1625 1588 1638 1699 1645 1702 1645 1706 1645 1709 1645 1709 1642 1712 1642 1719 1635 1729 1622 1867 1622 1880 1628 1903 1642 1907 1642 1910 1642 1913 1645 2071 1645 2071 1642 2074 1642 2078 1642 2115 1618 2115 1588 2108 1511 1934 1501 1930 1501 1927 1501 1924 1501 1924 1504 1913 1514 1903 1521 1887 1514 1850 1501 1846 1501 1843 1501 1840 1501 1836 1501 1820 1514 1810 1525 1545 1525 1538 1521 1498 1504 1494 1504 1491 1504 1387 1525 1384 1525 1334 1504 1330 1504 1327 1504 1324 1504 1320 1504 1320 1508 1313 1511 1317 1595"/></Shape>
	    <String CONTENT="anciens parleſ lq̃ᴣ"
                    HPOS="1313"
                    VPOS="1501"
                    WIDTH="802"
                    HEIGHT="148"></String>
          </TextLine>

          
          
          <TextLine ID="eSc_line_8152d023"
                    TAGREFS="LT1854"
                    BASELINE="804 1719 2121 1705" 
                    HPOS="801"
                    VPOS="1608"
                    WIDTH="1320"
                    HEIGHT="151">
            <Shape><Polygon POINTS="1102 1625 1069 1625 1035 1625 1002 1628 968 1628 941 1628 928 1642 898 1632 868 1632 841 1632 801 1649 804 1719 804 1746 1035 1759 1039 1759 1042 1759 1045 1759 1062 1742 1065 1739 1079 1742 1112 1752 1116 1752 1119 1752 1169 1742 1199 1736 1223 1742 1277 1756 1280 1756 1283 1756 1578 1736 1642 1732 1665 1736 1786 1752 1789 1752 1793 1752 1796 1752 1830 1732 1833 1732 1980 1749 1984 1749 2121 1726 2121 1705 2115 1642 2064 1642 2037 1615 2037 1612 2034 1612 2031 1612 2027 1612 2024 1612 2021 1612 2021 1615 1997 1635 1954 1612 1950 1612 1947 1612 1944 1612 1940 1612 1940 1615 1910 1638 1867 1638 1793 1608 1789 1608 1786 1608 1783 1608 1716 1645 1625 1645 1558 1612 1555 1612 1551 1612 1548 1612 1545 1612 1505 1645 1186 1645 1149 1622 1136 1625"/></Shape>
	    <String CONTENT="ſoubᴣ la grace ꝸe noſtre ſei⸝"
                    HPOS="801"
                    VPOS="1608"
                    WIDTH="1320"
                    HEIGHT="151"></String>
          </TextLine>

          
          
          <TextLine ID="eSc_line_5f7ab31f"
                    TAGREFS="LT1854"
                    BASELINE="791 1836 2118 1819" 
                    HPOS="787.0"
                    VPOS="1732.0"
                    WIDTH="1331.0"
                    HEIGHT="141.0">
            <Shape><Polygon POINTS="791 1836 791 1873 1059 1856 1206 1856 1220 1866 1226 1873 1230 1873 1233 1873 1236 1873 1283 1863 1337 1853 1541 1856 1846 1863 1850 1863 1853 1863 1887 1846 1900 1860 1900 1863 1903 1863 1907 1863 1910 1866 2058 1866 2058 1863 2061 1863 2118 1840 2118 1819 2111 1756 2031 1756 2011 1736 2011 1732 2007 1732 2004 1732 2001 1732 1843 1756 1655 1736 1652 1736 1649 1736 1575 1759 1374 1739 1370 1739 1367 1739 1297 1762 1092 1742 1089 1742 988 1762 851 1749 848 1749 844 1749 787 1769 791 1836"/></Shape>
	    <String CONTENT="gneur ꝸuquel tous ᵷien"
                    HPOS="787.0"
                    VPOS="1732.0"
                    WIDTH="1331.0"
                    HEIGHT="141.0"></String>
          </TextLine>

          
          
          <TextLine ID="eSc_line_23568728"
                    TAGREFS="LT1854"
                    BASELINE="801 1940 2118 1933" 
                    HPOS="797.0"
                    VPOS="1850.0"
                    WIDTH="1321.0"
                    HEIGHT="140.0">
            <Shape><Polygon POINTS="801 1940 801 1970 1055 1970 1092 1990 1096 1990 1099 1990 1102 1990 1223 1970 1354 1990 1357 1990 1360 1990 1364 1990 1394 1970 1669 1964 1706 1964 1716 1964 1954 1987 1957 1987 1960 1987 1964 1987 1991 1964 2058 1987 2061 1987 2064 1987 2068 1987 2118 1960 2118 1933 2108 1856 1903 1870 1856 1860 1820 1850 1816 1850 1813 1850 1810 1850 1806 1850 1806 1853 1796 1860 1786 1873 1689 1873 1669 1863 1639 1850 1635 1850 1632 1850 1488 1866 1421 1873 1414 1866 1401 1856 1401 1853 1397 1853 1394 1853 1293 1853 1290 1853 1287 1853 1283 1853 1283 1856 1267 1870 1263 1873 1203 1870 978 1860 975 1860 797 1876 801 1940"/></Shape>
	    <String CONTENT="nent cognoiſſance œ raiſon eſt"
                    HPOS="797.0"
                    VPOS="1850.0"
                    WIDTH="1321.0"
                    HEIGHT="140.0"></String>
          </TextLine>

          
          
          <TextLine ID="eSc_line_05b4eb68"
                    TAGREFS="LT1854"
                    BASELINE="804 2064 2151 2051" 
                    HPOS="801.0"
                    VPOS="1960.0"
                    WIDTH="1350.0"
                    HEIGHT="128.0">
            <Shape><Polygon POINTS="804 2064 804 2088 2148 2074 2151 2051 2145 1990 1994 1990 1954 1960 1950 1960 1947 1960 1873 1960 1870 1960 1867 1960 1806 1990 1702 1964 1699 1964 1696 1964 1692 1964 1629 1990 1407 1967 1404 1967 1293 1990 1240 1967 1236 1967 1233 1967 1230 1967 1226 1967 1226 1970 1196 1997 1146 1997 1132 1997 1122 1997 1052 1997 1029 1974 1029 1970 1025 1970 1022 1970 1018 1970 921 1990 844 1970 841 1970 837 1970 834 1970 831 1970 801 1990 804 2064"/></Shape>
	    <String CONTENT="ꝸonnee a tout humain. Et de"
                    HPOS="801.0"
                    VPOS="1960.0"
                    WIDTH="1350.0"
                    HEIGHT="128.0"></String>
          </TextLine>

          
          
          <TextLine ID="eSc_line_4c358823"
                    TAGREFS="LT1854"
                    BASELINE="811 2175 2125 2175" 
                    HPOS="811.0"
                    VPOS="2084.0"
                    WIDTH="1314.0"
                    HEIGHT="118.0">
            <Shape><Polygon POINTS="811 2175 811 2202 2125 2202 2125 2175 2125 2108 1605 2084 1602 2084 1461 2104 1354 2084 1350 2084 1347 2084 1290 2108 811 2108 811 2175"/></Shape>
	    <String CONTENT="uant toute rien au fait ꝸe cheua"
                    HPOS="811.0"
                    VPOS="2084.0"
                    WIDTH="1314.0"
                    HEIGHT="118.0"></String>
          </TextLine>

          
          
          <TextLine ID="eSc_line_46f1c1ff"
                    TAGREFS="LT1854"
                    BASELINE="804 2292 2131 2282" 
                    HPOS="801.0"
                    VPOS="2188.0"
                    WIDTH="1330.0"
                    HEIGHT="148.0">
            <Shape><Polygon POINTS="804 2292 804 2316 1250 2329 1253 2329 1256 2329 1310 2312 1317 2312 1324 2312 1387 2332 1391 2332 1394 2332 1397 2332 1478 2312 1498 2329 1498 2332 1501 2332 1505 2332 1508 2336 1598 2336 1598 2332 1602 2332 1649 2312 1964 2329 1967 2329 2128 2305 2131 2282 2125 2215 2001 2215 1964 2191 1960 2191 1957 2191 1954 2191 1950 2191 1903 2212 1840 2188 1836 2188 1743 2188 1739 2188 1736 2188 1732 2188 1712 2205 1692 2188 1689 2188 1686 2188 1682 2188 1679 2188 1675 2188 1675 2191 1652 2215 1508 2191 1505 2191 1501 2191 1498 2191 1498 2195 1474 2212 1448 2191 1444 2191 1441 2191 1437 2191 1320 2215 1260 2191 1256 2191 1253 2191 1250 2191 1246 2191 1213 2222 1005 2222 975 2195 972 2195 968 2195 965 2195 962 2195 894 2215 837 2195 834 2195 831 2195 827 2195 824 2195 824 2198 801 2215 804 2292"/></Shape>
	    <String CONTENT="lerie et de clergie q̃ ꝸe iuſtice ſont"
                    HPOS="801.0"
                    VPOS="2188.0"
                    WIDTH="1330.0"
                    HEIGHT="148.0"></String>
          </TextLine>

          
          
          <TextLine ID="eSc_line_462fb4b9"
                    TAGREFS="LT1854"
                    BASELINE="814 2409 2135 2399" 
                    HPOS="811.0"
                    VPOS="2309.0"
                    WIDTH="1324.0"
                    HEIGHT="147.0">
            <Shape><Polygon POINTS="814 2409 814 2433 837 2446 841 2446 844 2446 848 2446 901 2429 945 2453 948 2453 951 2456 1005 2456 1005 2453 1008 2453 1012 2453 1012 2450 1032 2433 1045 2446 1049 2446 1052 2446 1055 2446 1059 2446 1062 2446 1089 2426 1102 2426 1377 2426 1380 2426 1441 2450 1444 2450 1448 2453 1679 2453 1679 2450 1682 2450 1783 2423 1786 2423 1803 2440 1806 2440 1810 2440 1813 2440 2131 2419 2135 2399 2128 2336 2021 2332 2001 2312 2001 2309 1997 2309 1994 2309 1991 2309 1987 2309 1984 2309 1947 2332 1806 2309 1803 2309 1632 2336 1427 2312 1424 2312 1421 2312 1337 2332 1263 2312 1260 2312 1256 2312 1253 2312 1250 2312 1223 2336 1203 2319 1199 2319 1196 2319 1193 2319 1089 2339 841 2316 837 2316 834 2316 831 2316 831 2319 811 2336 814 2409"/></Shape>
	    <String CONTENT="boyes et ꝸꝛoictes garꝸes ia⸝"
                    HPOS="811.0"
                    VPOS="2309.0"
                    WIDTH="1324.0"
                    HEIGHT="147.0"></String>
          </TextLine>

          
          
          <TextLine ID="eSc_line_d5ba1b4e"
                    TAGREFS="LT1854"
                    BASELINE="811 2520 2175 2513" 
                    HPOS="807.0"
                    VPOS="2429.0"
                    WIDTH="1368.0"
                    HEIGHT="135.0">
            <Shape><Polygon POINTS="811 2520 811 2547 1471 2564 1474 2564 1561 2543 1575 2543 1612 2543 1856 2560 1860 2560 2172 2540 2175 2513 2168 2453 1652 2429 1649 2429 1645 2429 1588 2450 1350 2433 1347 2433 1344 2433 1340 2433 1340 2436 1324 2453 992 2453 928 2433 925 2433 921 2433 807 2456 811 2520"/></Shape>
	    <String CONTENT="coit ce que ne ſoye point telle que⸝"
                    HPOS="807.0"
                    VPOS="2429.0"
                    WIDTH="1368.0"
                    HEIGHT="135.0"></String>
          </TextLine>

          
          
          <TextLine ID="eSc_line_b783e96f"
                    TAGREFS="LT1854"
                    BASELINE="811 2637 2128 2631" 
                    HPOS="807.0"
                    VPOS="2540.0"
                    WIDTH="1321.0"
                    HEIGHT="137.0">
            <Shape><Polygon POINTS="811 2637 811 2661 1143 2677 1146 2677 1149 2677 1206 2661 1210 2661 1303 2677 1307 2677 1404 2661 1458 2677 1461 2677 1464 2677 1468 2677 1471 2677 1501 2657 1505 2657 1521 2657 1645 2674 1649 2674 1749 2657 1756 2657 1769 2657 2074 2674 2078 2674 2081 2674 2128 2654 2128 2631 2125 2567 2051 2540 2048 2540 2044 2540 2041 2540 2037 2540 2007 2564 1635 2540 1632 2540 1629 2540 1585 2564 1464 2540 1461 2540 1458 2540 1404 2570 1250 2570 1179 2543 1176 2543 1173 2543 1169 2543 1166 2543 1129 2567 807 2570 811 2637"/></Shape>
	    <String CONTENT="en moy ꝸoyve eſtre chiere.mais"
                    HPOS="807.0"
                    VPOS="2540.0"
                    WIDTH="1321.0"
                    HEIGHT="137.0"></String>
          </TextLine>

          
          
          <TextLine ID="eSc_line_f5ee7b50"
                    TAGREFS="LT1854"
                    BASELINE="814 2751 2128 2751" 
                    HPOS="814.0"
                    VPOS="2657.0"
                    WIDTH="1314.0"
                    HEIGHT="121.0">
            <Shape><Polygon POINTS="814 2751 814 2778 2128 2778 2128 2751 2128 2684 1890 2684 1813 2657 1810 2657 1806 2657 1803 2657 1753 2681 1669 2657 1665 2657 1662 2657 1659 2657 1608 2681 1464 2657 1461 2657 1458 2657 1454 2657 1421 2684 1354 2684 1290 2657 1287 2657 1283 2657 1280 2657 1277 2657 1277 2661 1260 2677 1086 2681 1029 2657 1025 2657 1022 2657 1018 2657 1015 2657 978 2684 901 2684 844 2657 841 2657 837 2657 834 2657 831 2657 831 2661 814 2677 814 2751"/></Shape>
	    <String CONTENT="les clers et les cheualierſ en ma"
                    HPOS="814.0"
                    VPOS="2657.0"
                    WIDTH="1314.0"
                    HEIGHT="121.0"></String>
          </TextLine>

          
          
          <TextLine ID="eSc_line_059cc996"
                    TAGREFS="LT1854"
                    BASELINE="811 2869 2135 2858" 
                    HPOS="807.0"
                    VPOS="2765.0"
                    WIDTH="1328.0"
                    HEIGHT="147.0">
            <Shape><Polygon POINTS="811 2869 811 2895 1099 2912 1102 2912 1106 2912 1169 2895 1173 2895 1240 2912 1243 2912 1246 2912 1347 2892 1360 2892 1387 2892 1605 2909 1608 2909 1719 2889 1736 2889 1763 2889 1940 2905 1944 2905 2131 2885 2135 2858 2125 2771 1984 2788 1967 2775 1960 2768 1960 2765 1957 2765 1954 2765 1897 2765 1893 2765 1890 2765 1887 2765 1887 2768 1877 2775 1863 2791 1669 2791 1629 2781 1578 2768 1575 2768 1572 2768 1568 2768 1565 2768 1548 2785 1538 2791 1528 2785 1494 2768 1491 2768 1488 2768 1484 2768 1417 2788 1401 2791 1384 2788 1324 2768 1320 2768 1317 2768 1313 2768 1310 2768 1283 2791 1280 2795 1163 2795 1159 2791 1139 2775 1139 2771 1136 2771 1132 2771 1059 2771 1055 2771 1052 2771 1049 2771 1008 2798 901 2798 864 2771 861 2771 858 2771 854 2771 851 2771 848 2771 807 2791 811 2869"/></Shape>
	    <String CONTENT="ieuneſſe ay ƃoulu hanter. ƃoulẽ"
                    HPOS="807.0"
                    VPOS="2765.0"
                    WIDTH="1328.0"
                    HEIGHT="147.0"></String>
          </TextLine>

          
          
          <TextLine ID="eSc_line_51fc4843"
                    TAGREFS="LT1854"
                    BASELINE="817 2986 2141 2976" 
                    HPOS="814.0"
                    VPOS="2889.0"
                    WIDTH="1327.0"
                    HEIGHT="120.0">
            <Shape><Polygon POINTS="817 3009 2141 3009 2141 2976 2138 2912 2054 2889 2051 2889 2048 2889 2044 2889 1994 2909 1622 2892 1618 2892 1240 2915 1216 2895 1213 2895 1210 2895 1206 2895 1039 2915 1005 2895 1002 2895 998 2895 884 2895 881 2895 878 2895 814 2919 817 2986"/></Shape>
	    <String CONTENT="tiers et ſouvent et le cueur ꝸe"
                    HPOS="814.0"
                    VPOS="2889.0"
                    WIDTH="1327.0"
                    HEIGHT="120.0"></String>
          </TextLine>

          
          
          <TextLine ID="eSc_line_126460ef"
                    TAGREFS="LT1854"
                    BASELINE="821 3106 2131 3090" 
                    HPOS="817.0"
                    VPOS="3003.0"
                    WIDTH="1314.0"
                    HEIGHT="144.0">
            <Shape><Polygon POINTS="821 3106 821 3130 1075 3147 1079 3147 1082 3147 1122 3127 1126 3127 1163 3127 1458 3140 1461 3140 1464 3140 1508 3123 1515 3123 1756 3133 1759 3133 1856 3117 1863 3117 1867 3117 1887 3133 1890 3133 1893 3133 1897 3137 2084 3137 2084 3133 2088 3133 2131 3113 2131 3090 2128 3023 2061 3003 2058 3003 2054 3003 2051 3003 2017 3019 1830 3006 1826 3006 1823 3006 1820 3006 1796 3023 1622 3006 1618 3006 1615 3006 1612 3006 1612 3009 1592 3026 1367 3013 1364 3013 1173 3029 1079 3013 1075 3013 817 3036 821 3106"/></Shape>
	    <String CONTENT="moy foꝛment y trait.et ꝸepuis"
                    HPOS="817.0"
                    VPOS="3003.0"
                    WIDTH="1314.0"
                    HEIGHT="144.0"></String>
          </TextLine>

          
          
          <TextLine ID="eSc_line_9e1463f5"
                    TAGREFS="LT1854"
                    BASELINE="824 3217 2138 3207" 
                    HPOS="821.0"
                    VPOS="3123.0"
                    WIDTH="1317.0"
                    HEIGHT="134.0">
            <Shape><Polygon POINTS="824 3217 827 3257 898 3241 1193 3257 1246 3257 1250 3257 1253 3257 1256 3257 1256 3254 1260 3254 1273 3237 2131 3247 2138 3207 2135 3140 2108 3123 2105 3123 2101 3123 2098 3123 2094 3123 2061 3140 1950 3123 1947 3123 1689 3143 1364 3127 1360 3127 821 3150 824 3217"/></Shape>
	    <String CONTENT="pour mon delit comme celluy"
                    HPOS="821.0"
                    VPOS="3123.0"
                    WIDTH="1317.0"
                    HEIGHT="134.0"></String>
          </TextLine>

          
          
          <TextLine ID="eSc_line_453985ce"
                    TAGREFS="LT1854"
                    BASELINE="827 3338 2198 3321" 
                    HPOS="824.0"
                    VPOS="3227.0"
                    WIDTH="1374.0"
                    HEIGHT="148.0">
            <Shape><Polygon POINTS="827 3338 827 3358 1022 3375 1025 3375 1163 3355 1176 3355 1186 3355 1250 3371 1253 3371 1256 3371 1394 3355 1629 3365 1632 3365 1635 3365 1669 3348 1672 3348 1686 3361 1686 3365 1689 3365 1692 3365 1696 3368 1920 3368 1920 3365 2195 3341 2198 3321 2192 3254 1991 3227 1987 3227 1984 3227 1930 3254 1796 3237 1793 3237 1789 3237 1786 3237 1759 3254 1699 3231 1696 3231 1692 3231 1689 3231 1686 3231 1652 3257 1461 3234 1458 3234 1454 3234 1451 3234 1421 3261 1055 3264 968 3241 965 3241 962 3241 824 3267 827 3338"/></Shape>
	    <String CONTENT="qui par entroublier la ꝸuerſite"
                    HPOS="824.0"
                    VPOS="3227.0"
                    WIDTH="1374.0"
                    HEIGHT="148.0"></String>
          </TextLine>

          
          
          <TextLine ID="eSc_line_d668e6d6"
                    TAGREFS="LT1854"
                    BASELINE="831 3452 2138 3435" 
                    HPOS="827.0"
                    VPOS="3344.0"
                    WIDTH="1311.0"
                    HEIGHT="131.0">
            <Shape><Polygon POINTS="831 3452 831 3475 2135 3458 2138 3435 2131 3368 1910 3348 1907 3348 1903 3348 1870 3365 1833 3348 1830 3348 1826 3348 1823 3348 1820 3348 1820 3351 1799 3371 1662 3371 1615 3344 1612 3344 1608 3344 1505 3348 1501 3348 1498 3348 1498 3351 1478 3368 1421 3348 1417 3348 1414 3348 1411 3348 1313 3378 1230 3378 1206 3355 1206 3351 1203 3351 1199 3351 1119 3351 1116 3351 1112 3351 1109 3351 1109 3355 1089 3371 945 3355 941 3355 827 3381 831 3452"/></Shape>
	    <String CONTENT="mõdaine par la q̃lle mañ cueur"
                    HPOS="827.0"
                    VPOS="3344.0"
                    WIDTH="1311.0"
                    HEIGHT="131.0"></String>
          </TextLine>

          
          
          <TextLine ID="eSc_line_d138ca67"
                    TAGREFS="LT1854"
                    BASELINE="831 3562 2131 3549" 
                    HPOS="827.0"
                    VPOS="3462.0"
                    WIDTH="1304.0"
                    HEIGHT="147.0">
            <Shape><Polygon POINTS="831 3562 831 3589 871 3609 874 3609 878 3609 881 3609 951 3589 1089 3609 1092 3609 1096 3609 1153 3586 1193 3606 1196 3606 1199 3606 1203 3606 1290 3586 1474 3606 1478 3606 1481 3606 1484 3606 1518 3586 2004 3599 2007 3599 2011 3599 2014 3599 2014 3596 2034 3579 2098 3592 2101 3592 2105 3592 2108 3592 2131 3576 2131 3549 2125 3492 1927 3489 1843 3462 1840 3462 1836 3462 1833 3462 1773 3495 1649 3495 1602 3465 1598 3465 1595 3465 1592 3465 1454 3495 1146 3492 1122 3472 1119 3472 1116 3472 1112 3472 1109 3472 1025 3492 894 3472 891 3472 888 3472 827 3499 831 3562"/></Shape>
	    <String CONTENT="eſt deſuoye ay pꝛins aulcun re"
                    HPOS="827.0"
                    VPOS="3462.0"
                    WIDTH="1304.0"
                    HEIGHT="147.0"></String>
          </TextLine>

          
          
          <TextLine ID="eSc_line_8f8d60c5"
                    TAGREFS="LT1854"
                    BASELINE="834 3683 2125 3670" 
                    HPOS="831.0"
                    VPOS="3579.0"
                    WIDTH="1294.0"
                    HEIGHT="141.0">
            <Shape><Polygon POINTS="834 3683 834 3703 1206 3700 1233 3706 1273 3720 1277 3720 1280 3720 1347 3706 1374 3703 1404 3706 1468 3720 1471 3720 1474 3720 1478 3720 1478 3716 1481 3716 1488 3706 1494 3696 1645 3696 1675 3710 1692 3716 1696 3716 1699 3716 1776 3710 1873 3700 1927 3710 1947 3713 1950 3713 1954 3713 1967 3710 2031 3693 2118 3710 2125 3670 2111 3579 2044 3599 1984 3582 1974 3579 1970 3579 1967 3579 1793 3586 1424 3606 1350 3599 1210 3586 1206 3586 1203 3586 1166 3606 1159 3609 831 3613 834 3683"/></Shape>
	    <String CONTENT="mede de cõfoꝛt pour ma pẽſee eſ"
                    HPOS="831.0"
                    VPOS="3579.0"
                    WIDTH="1294.0"
                    HEIGHT="141.0"></String>
          </TextLine>

          
          
          <TextLine ID="eSc_line_0ed961bb"
                    TAGREFS="LT1854"
                    BASELINE="831 3797 2141 3784" 
                    HPOS="827.0"
                    VPOS="3696.0"
                    WIDTH="1314.0"
                    HEIGHT="121.0">
            <Shape><Polygon POINTS="831 3817 2138 3804 2141 3784 2135 3716 2048 3696 2044 3696 2041 3696 2007 3713 1930 3696 1927 3696 1766 3716 1561 3700 1558 3700 1555 3700 1551 3700 1531 3716 1327 3703 1324 3703 1072 3723 854 3706 851 3706 848 3706 844 3706 827 3716 831 3797"/></Shape>
	    <String CONTENT="leuer et me ſuis mis a traictier"
                    HPOS="827.0"
                    VPOS="3696.0"
                    WIDTH="1314.0"
                    HEIGHT="121.0"></String>
          </TextLine>

          
          
          <TextLine ID="eSc_line_0dcaf854"
                    
                    BASELINE="834 3877 2145 3875" 
                    HPOS="825.0"
                    VPOS="3861.0"
                    WIDTH="1318.0"
                    HEIGHT="75.0">
            <Shape><Polygon POINTS="2133 3866 2083 3866 2032 3866 1982 3866 1932 3866 1881 3866 1831 3866 1781 3866 1730 3866 1680 3871 1630 3871 1579 3871 1529 3871 1479 3861 1429 3861 1378 3861 1328 3861 1278 3861 1227 3866 1177 3866 1127 3866 1076 3866 1026 3866 976 3866 925 3866 875 3866 825 3866 830 3876 830 3936 2138 3931 2143 3871 2138 3866 2133 3866"/></Shape>
	    <String CONTENT="et racompter par hyſstoireſ les"
                    HPOS="825.0"
                    VPOS="3861.0"
                    WIDTH="1318.0"
                    HEIGHT="75.0"></String>
          </TextLine>

          
          
          <TextLine ID="eSc_line_4482658c"
                    
                    BASELINE="842 4012 910 4012 1174 4012 1439 4012 1623 4012 1758 3987 1894 3975 2054 3975 2103 3987 2121 3993 2127 3993 2127 3999 2115 3956" 
                    HPOS="842"
                    VPOS="3956"
                    WIDTH="1285"
                    HEIGHT="56">
            
	    <String CONTENT="faiᴣ de meſtre Bertrãꝸ ꝸu gueſ⸝"
                    HPOS="842"
                    VPOS="3956"
                    WIDTH="1285"
                    HEIGHT="56"></String>
          </TextLine>

          
          
          <TextLine ID="eSc_line_de2eb331"
                    TAGREFS="LT1854"
                    BASELINE="831 4146 2145 4129" 
                    HPOS="827"
                    VPOS="4035"
                    WIDTH="1318"
                    HEIGHT="147">
            <Shape><Polygon POINTS="831 4166 1089 4182 1092 4182 1414 4162 2111 4169 2115 4169 2118 4169 2121 4169 2145 4152 2145 4129 2135 4058 2058 4058 2054 4058 2024 4038 2021 4038 2017 4038 2014 4038 2011 4038 2007 4038 2007 4042 1987 4058 1987 4062 1887 4062 1850 4062 1823 4038 1820 4038 1816 4038 1813 4038 1810 4038 1746 4062 1689 4035 1686 4035 1682 4035 1679 4035 1608 4065 1602 4068 1508 4068 1505 4065 1451 4038 1448 4038 1444 4038 1441 4038 1377 4065 1354 4042 1354 4038 1350 4038 1347 4038 1344 4038 1340 4038 1230 4068 1226 4068 1223 4068 1082 4042 1079 4042 1075 4042 1072 4042 1072 4045 1042 4072 1039 4072 901 4045 898 4045 894 4045 827 4068 831 4146"/></Shape>
	    <String CONTENT="clin chevalier q̃ par ſa ꝸoctrine"
                    HPOS="827"
                    VPOS="4035"
                    WIDTH="1318"
                    HEIGHT="147"></String>
          </TextLine>

          
          
          <TextLine ID="eSc_line_e0b83da6"
                    
                    BASELINE="858 4261 889 4261 1004 4261 1245 4261 1621 4261 1820 4261 1883 4251 2123 4251" 
                    HPOS="850"
                    VPOS="4167"
                    WIDTH="1268"
                    HEIGHT="131">
            <Shape><Polygon POINTS="855 4258 855 4293 2108 4298 2118 4248 2113 4167 850 4167 855 4258"/></Shape>
	    <String CONTENT="et par ſa ƃaillãce ſurmõta en"
                    HPOS="850"
                    VPOS="4167"
                    WIDTH="1268"
                    HEIGHT="131"></String>
          </TextLine>

          
          
          <TextLine ID="eSc_line_1866a7fb"
                    TAGREFS="LT1854"
                    BASELINE="841 4377 2148 4360" 
                    HPOS="837.0"
                    VPOS="4263.0"
                    WIDTH="1311.0"
                    HEIGHT="137.0">
            <Shape><Polygon POINTS="841 4377 841 4400 2145 4383 2148 4360 2141 4293 2027 4293 1980 4263 1977 4263 1974 4263 1970 4263 1967 4263 1964 4263 1917 4293 1820 4293 1736 4266 1732 4266 1729 4266 1726 4266 1722 4266 1722 4270 1696 4296 1618 4296 1545 4296 1521 4273 1521 4270 1518 4270 1515 4270 1511 4270 1508 4270 1448 4296 1337 4273 1334 4273 1330 4273 1277 4290 1109 4273 1106 4273 1102 4273 1099 4273 1055 4303 837 4306 841 4377"/></Shape>
	    <String CONTENT="pꝛoueſſe toɂ aultres cheualiers"
                    HPOS="837.0"
                    VPOS="4263.0"
                    WIDTH="1311.0"
                    HEIGHT="137.0"></String>
          </TextLine>

          
          
          <TextLine ID="eSc_line_9cb19a3f"
                    TAGREFS="LT1854"
                    BASELINE="837 4487 2155 4481" 
                    HPOS="834.0"
                    VPOS="4383.0"
                    WIDTH="1321.0"
                    HEIGHT="145.0">
            <Shape><Polygon POINTS="837 4487 837 4511 1008 4528 1012 4528 1112 4511 1119 4511 1122 4511 1173 4528 1176 4528 1179 4528 1451 4511 1484 4528 1488 4528 1491 4528 1494 4528 1538 4507 1545 4507 1575 4507 1776 4524 1779 4524 2151 4504 2155 4481 2151 4414 2091 4383 2088 4383 2084 4383 2081 4383 2017 4414 1836 4414 1769 4410 1746 4387 1746 4383 1743 4383 1739 4383 1736 4383 1575 4404 1494 4383 1491 4383 1488 4383 1484 4383 1481 4383 1434 4414 1310 4387 1307 4387 1303 4387 1263 4410 1243 4390 1240 4390 1236 4390 1156 4390 1153 4390 1149 4390 1055 4414 998 4387 995 4387 992 4387 988 4387 985 4387 985 4390 958 4417 834 4417 837 4487"/></Shape>
	    <String CONTENT="en ſon ƃiuãt. Et ꝸe luy et de ſa"
                    HPOS="834.0"
                    VPOS="4383.0"
                    WIDTH="1321.0"
                    HEIGHT="145.0"></String>
          </TextLine>

          
          
          <TextLine ID="eSc_line_3c513b87"
                    TAGREFS="LT1854"
                    BASELINE="848 4608 2158 4591" 
                    HPOS="844.0"
                    VPOS="4497.0"
                    WIDTH="1314.0"
                    HEIGHT="135.0">
            <Shape><Polygon POINTS="848 4608 848 4632 2155 4615 2158 4591 2151 4524 1984 4524 1930 4497 1927 4497 1924 4497 1920 4497 1860 4524 1665 4501 1662 4501 1659 4501 1655 4501 1655 4504 1635 4524 1582 4504 1578 4504 1575 4504 1572 4504 1568 4504 1568 4507 1541 4531 1427 4531 1370 4504 1367 4504 1364 4504 1360 4504 1277 4531 1139 4531 1112 4507 1109 4507 1106 4507 1102 4507 1015 4511 1012 4511 1008 4511 1008 4514 985 4534 881 4511 878 4511 874 4511 871 4511 844 4531 848 4608"/></Shape>
	    <String CONTENT="ƃaillance ala tant la renõmee"
                    HPOS="844.0"
                    VPOS="4497.0"
                    WIDTH="1314.0"
                    HEIGHT="135.0"></String>
          </TextLine>

          
          
          <TextLine ID="eSc_line_5bb779b9"
                    TAGREFS="LT1854"
                    BASELINE="834 4725 2158 4709" 
                    HPOS="831.0"
                    VPOS="4615.0"
                    WIDTH="1327.0"
                    HEIGHT="151.0">
            <Shape><Polygon POINTS="834 4725 834 4742 905 4766 908 4766 911 4766 1099 4742 1263 4762 1267 4762 1270 4762 1273 4762 1303 4742 1334 4762 1337 4762 1340 4762 1344 4762 1347 4762 1421 4739 1816 4756 1820 4756 1984 4732 2007 4752 2011 4752 2014 4752 2017 4756 2094 4756 2094 4752 2098 4752 2158 4725 2158 4709 2151 4625 1816 4621 1813 4621 1810 4621 1806 4621 1796 4632 1783 4638 1763 4632 1719 4615 1716 4615 1712 4615 1709 4615 1706 4615 1706 4618 1689 4632 1682 4638 1669 4632 1615 4615 1612 4615 1608 4615 1605 4615 1602 4615 1602 4618 1582 4635 1572 4645 1525 4645 1508 4635 1464 4618 1461 4618 1458 4618 1454 4618 1414 4638 1407 4642 1401 4638 1350 4618 1347 4618 1344 4618 1340 4618 1287 4642 1273 4645 1223 4642 1022 4625 1018 4625 1015 4625 972 4648 968 4652 831 4652 834 4725"/></Shape>
	    <String CONTENT="quele roy charles de france qui"
                    HPOS="831.0"
                    VPOS="4615.0"
                    WIDTH="1327.0"
                    HEIGHT="151.0"></String>
          </TextLine>

          
          
          <TextLine ID="eSc_line_bf28a3aa"
                    TAGREFS="LT1854"
                    BASELINE="841 4833 2161 4823" 
                    HPOS="841.0"
                    VPOS="4732.0"
                    WIDTH="1320.0"
                    HEIGHT="144.0">
            <Shape><Polygon POINTS="841 4856 945 4876 948 4876 1793 4853 2084 4869 2088 4869 2091 4869 2161 4846 2161 4823 2158 4759 2101 4732 2098 4732 2094 4732 2091 4732 2088 4732 2088 4735 2064 4759 2014 4759 1652 4759 1642 4756 1615 4735 1612 4735 1608 4735 1605 4735 1437 4756 1391 4759 1364 4756 1277 4735 1273 4735 1270 4735 1267 4735 1246 4752 1233 4762 1089 4762 1075 4752 1055 4739 1052 4739 1049 4739 962 4739 958 4739 955 4739 951 4739 935 4752 925 4759 915 4752 908 4745 908 4742 905 4742 901 4742 898 4742 894 4742 874 4752 854 4762 844 4752 841 4833 841 4856"/></Shape>
	    <String CONTENT="iuſtice et cheualerie tãt aymoit"
                    HPOS="841.0"
                    VPOS="4732.0"
                    WIDTH="1320.0"
                    HEIGHT="144.0"></String>
          </TextLine>

          
          
          <TextLine ID="eSc_line_52355760"
                    TAGREFS="LT1854"
                    BASELINE="864 4947 2155 4943" 
                    HPOS="861.0"
                    VPOS="4849.0"
                    WIDTH="1294.0"
                    HEIGHT="144.0">
            <Shape><Polygon POINTS="864 4947 868 4993 938 4970 1277 4970 1290 4983 1297 4990 1297 4993 1300 4993 1303 4993 1307 4993 1310 4993 1347 4983 1394 4970 1407 4983 1417 4990 1417 4993 1421 4993 1424 4993 1427 4993 1598 4977 1682 4970 1692 4977 1702 4987 1706 4987 1709 4987 1712 4987 1863 4977 1913 4993 1917 4993 1920 4993 1924 4993 1927 4993 1927 4990 1950 4970 2017 4983 2021 4983 2155 4963 2155 4943 2148 4876 1863 4876 1860 4869 1840 4853 1840 4849 1836 4849 1833 4849 1830 4849 1826 4849 1786 4869 1773 4876 1675 4876 1669 4866 1652 4853 1652 4849 1649 4849 1645 4849 1642 4849 1558 4863 1525 4869 1501 4863 1458 4849 1454 4849 1451 4849 1448 4849 1424 4863 1401 4876 1189 4876 1116 4856 1082 4849 1079 4849 1075 4849 1072 4849 1072 4853 1069 4856 1052 4873 935 4873 911 4853 911 4849 908 4849 905 4849 901 4849 861 4849 864 4947"/></Shape>
	    <String CONTENT="le retint conneſtable de ſon roy⸝"
                    HPOS="861.0"
                    VPOS="4849.0"
                    WIDTH="1294.0"
                    HEIGHT="144.0"></String>
          </TextLine>

          
          
          <TextLine ID="eSc_line_f971c6e2"
                    TAGREFS="LT1854"
                    BASELINE="894 5067 2165 5057" 
                    HPOS="891.0"
                    VPOS="4960.0"
                    WIDTH="1274.0"
                    HEIGHT="161.0">
            <Shape><Polygon POINTS="894 5067 894 5101 1189 5101 1196 5104 1233 5121 1236 5121 1240 5121 1370 5101 1377 5101 1387 5101 1491 5117 1494 5117 1498 5117 1538 5097 1541 5097 1545 5097 1575 5117 1578 5117 1582 5117 1585 5121 1736 5121 1736 5117 1739 5117 1743 5117 1773 5097 1773 5094 1984 5094 1987 5094 2041 5114 2044 5114 2048 5114 2161 5091 2165 5057 2158 4993 1934 4993 1934 4990 1893 4960 1890 4960 1887 4960 1883 4960 1880 4960 1823 4987 1719 4963 1716 4963 1712 4963 1709 4963 1709 4967 1682 4990 1679 4997 1595 4997 1592 4990 1565 4967 1565 4963 1561 4963 1558 4963 1555 4963 1448 4987 1337 4963 1334 4963 1330 4963 1327 4963 1327 4967 1310 4980 1210 4967 1206 4967 1203 4967 1199 4967 1199 4970 1176 4990 1166 4997 1052 4990 1049 4990 1029 4970 1029 4967 1025 4967 1022 4967 1018 4967 891 4987 894 5067"/></Shape>
	    <String CONTENT="aulme E eſtuy roy charles fut"
                    HPOS="891.0"
                    VPOS="4960.0"
                    WIDTH="1274.0"
                    HEIGHT="161.0"></String>
          </TextLine>

          
        </TextBlock>
        
        <TextBlock HPOS="1804"
                   VPOS="637"
                   WIDTH="788"
                   HEIGHT="272"
                   ID="eSc_textblock_60061081"
                   TAGREFS="BT1">
          <Shape><Polygon POINTS="1804 637 1804 909 2592 909 2592 637"/></Shape>
          
          
          <TextLine ID="eSc_line_5b97e5c7"
                    
                    BASELINE="1885 842 1909 842 2033 842 2452 842" 
                    HPOS="1881"
                    VPOS="638"
                    WIDTH="569"
                    HEIGHT="231">
            <Shape><Polygon POINTS="1997 638 1982 638 1932 638 1881 638 1881 839 1881 869 2450 854 2450 839 2450 718 2354 718 2339 698 2284 653 2284 648 2279 648 2274 648 2269 648 2264 648 2203 683 2143 713 2042 658 2002 638 1997 638"/></Shape>
	    <String CONTENT="Y I63"
                    HPOS="1881"
                    VPOS="638"
                    WIDTH="569"
                    HEIGHT="231"></String>
          </TextLine>

          
        </TextBlock>
        
        <TextBlock HPOS="2236"
                   VPOS="1061"
                   WIDTH="1417"
                   HEIGHT="4103"
                   ID="eSc_textblock_d364181c"
                   TAGREFS="BT5448">
          <Shape><Polygon POINTS="2236 1061 2267 5164 3653 5101 3653 1061"/></Shape>
          
          
          <TextLine ID="eSc_line_c2c8b160"
                    TAGREFS="LT1854"
                    BASELINE="2229 1132 3107 1122 3556 1136" 
                    HPOS="2225"
                    VPOS="1032"
                    WIDTH="1331"
                    HEIGHT="137">
            <Shape><Polygon POINTS="3405 1032 3385 1042 3365 1055 3251 1055 3241 1045 3227 1032 3224 1032 3221 1032 3134 1032 3130 1032 3127 1032 3080 1045 3060 1052 3013 1049 2879 1032 2875 1032 2872 1032 2869 1032 2869 1035 2852 1049 2849 1052 2835 1049 2735 1032 2731 1032 2728 1032 2681 1052 2678 1055 2540 1055 2520 1055 2456 1032 2453 1032 2450 1032 2446 1032 2443 1032 2416 1052 2286 1035 2282 1035 2279 1035 2225 1052 2229 1132 2229 1156 2239 1166 2239 1169 2242 1169 2245 1169 2249 1169 2426 1149 2450 1149 3549 1166 3556 1136 3549 1042 3462 1049 3449 1042 3439 1035 3432 1035"/></Shape>
	    <String CONTENT="pꝛeurdons et de ſaĩcte bie en ſon"
                    HPOS="2225"
                    VPOS="1032"
                    WIDTH="1331"
                    HEIGHT="137"></String>
          </TextLine>

          
          
          <TextLine ID="eSc_line_7f6d170a"
                    TAGREFS="LT1854"
                    BASELINE="2242 1250 3563 1240" 
                    HPOS="2239.0"
                    VPOS="1159.0"
                    WIDTH="1324.0"
                    HEIGHT="128.0">
            <Shape><Polygon POINTS="2242 1250 2242 1270 2265 1287 2269 1287 2272 1287 2275 1287 2715 1263 2869 1280 2872 1280 2969 1266 3030 1287 3033 1287 3036 1287 3294 1260 3318 1280 3318 1283 3321 1283 3325 1283 3328 1287 3532 1287 3532 1283 3536 1283 3539 1283 3539 1280 3563 1256 3563 1240 3556 1169 2644 1159 2641 1159 2637 1159 2584 1176 2547 1159 2544 1159 2540 1159 2423 1176 2272 1159 2269 1159 2265 1159 2262 1159 2239 1173 2242 1250"/></Shape>
	    <String CONTENT="ƃiuant. car auecques ce q̃l fut"
                    HPOS="2239.0"
                    VPOS="1159.0"
                    WIDTH="1324.0"
                    HEIGHT="128.0"></String>
          </TextLine>

          
          
          <TextLine ID="eSc_line_8e61118a"
                    TAGREFS="LT1854"
                    BASELINE="2245 1360 3553 1354" 
                    HPOS="2242.0"
                    VPOS="1263.0"
                    WIDTH="1311.0"
                    HEIGHT="141.0">
            <Shape><Polygon POINTS="2245 1360 2245 1384 2510 1384 2517 1384 2611 1404 2614 1404 2761 1384 2812 1404 2815 1404 2818 1404 2822 1404 2825 1404 2825 1400 2845 1384 3284 1397 3288 1397 3291 1397 3335 1380 3351 1397 3351 1400 3355 1400 3358 1400 3361 1404 3512 1404 3512 1400 3516 1400 3519 1400 3553 1377 3553 1354 3542 1273 3040 1287 3026 1280 3006 1266 3003 1266 2999 1266 2996 1266 2825 1283 2768 1290 2751 1287 2681 1263 2678 1263 2470 1263 2467 1263 2463 1263 2413 1283 2369 1263 2366 1263 2363 1263 2359 1263 2242 1293 2245 1360"/></Shape>
	    <String CONTENT="tenu le plus pꝛeudomme de ſõ"
                    HPOS="2242.0"
                    VPOS="1263.0"
                    WIDTH="1311.0"
                    HEIGHT="141.0"></String>
          </TextLine>

          
          
          <TextLine ID="eSc_line_fadd0325"
                    TAGREFS="LT1854"
                    BASELINE="2252 1478 3559 1468" 
                    HPOS="2249.0"
                    VPOS="1377.0"
                    WIDTH="1310.0"
                    HEIGHT="148.0">
            <Shape><Polygon POINTS="2252 1478 2252 1504 2631 1525 2634 1525 2637 1525 2684 1501 2688 1501 2755 1501 2758 1501 2775 1518 2775 1521 2778 1521 2782 1521 2785 1521 3013 1501 3016 1501 3070 1521 3073 1521 3077 1521 3080 1521 3083 1521 3083 1518 3103 1501 3482 1518 3486 1518 3489 1518 3559 1494 3559 1468 3553 1394 3482 1377 3479 1377 3372 1394 3351 1397 3338 1394 3271 1377 3268 1377 3264 1377 3261 1377 3258 1377 3258 1380 3241 1397 3237 1397 3234 1397 3150 1380 3147 1380 3144 1380 3140 1380 3117 1397 3110 1404 2953 1404 2932 1400 2701 1380 2698 1380 2694 1380 2641 1404 2637 1404 2631 1404 2473 1384 2470 1384 2249 1407 2252 1478"/></Shape>
	    <String CONTENT="royaulme il regna par ſa iuſti"
                    HPOS="2249.0"
                    VPOS="1377.0"
                    WIDTH="1310.0"
                    HEIGHT="148.0"></String>
          </TextLine>

          
          
          <TextLine ID="eSc_line_c922a27a"
                    TAGREFS="LT1854"
                    BASELINE="2249 1585 3563 1592" 
                    HPOS="2245.0"
                    VPOS="1498.0"
                    WIDTH="1318.0"
                    HEIGHT="130.0">
            <Shape><Polygon POINTS="2249 1585 2245 1608 2269 1625 2272 1625 2275 1625 2279 1625 2282 1625 2349 1608 2399 1625 2403 1625 2406 1625 2410 1625 2463 1608 2487 1625 2490 1625 2493 1625 2497 1625 2812 1608 3526 1628 3529 1628 3532 1628 3536 1628 3559 1608 3563 1592 3559 1525 3405 1525 3405 1521 3385 1504 3385 1501 3382 1501 3378 1501 3375 1501 2946 1518 2912 1498 2909 1498 2906 1498 2902 1498 2899 1498 2812 1518 2775 1518 2614 1518 2597 1501 2597 1498 2594 1498 2591 1498 2587 1498 2249 1514 2249 1585"/></Shape>
	    <String CONTENT="ce en telle maniere et puiſſance"
                    HPOS="2245.0"
                    VPOS="1498.0"
                    WIDTH="1318.0"
                    HEIGHT="130.0"></String>
          </TextLine>

          
          
          <TextLine ID="eSc_line_d9849c21"
                    TAGREFS="LT1854"
                    BASELINE="2245 1709 3553 1709" 
                    HPOS="2245.0"
                    VPOS="1625.0"
                    WIDTH="1308.0"
                    HEIGHT="121.0">
            <Shape><Polygon POINTS="2245 1709 2245 1729 2275 1746 2279 1746 2282 1746 2383 1729 2386 1729 2389 1729 2510 1746 2513 1746 2604 1732 2631 1729 3549 1746 3553 1709 3553 1652 3475 1652 3445 1625 3395 1652 3221 1652 3174 1625 3087 1652 2936 1652 2879 1625 2852 1652 2621 1652 2594 1625 2443 1625 2383 1652 2245 1652 2245 1709"/></Shape>
	    <String CONTENT="que bien pouoit on ꝸire ꝸe luy"
                    HPOS="2245.0"
                    VPOS="1625.0"
                    WIDTH="1308.0"
                    HEIGHT="121.0"></String>
          </TextLine>

          
          
          <TextLine ID="eSc_line_76015b52"
                    TAGREFS="LT1854"
                    BASELINE="2252 1819 3563 1813" 
                    HPOS="2249"
                    VPOS="1716"
                    WIDTH="1314"
                    HEIGHT="150">
            <Shape><Polygon POINTS="2252 1843 2369 1843 2373 1843 2389 1860 2389 1863 2393 1863 2396 1863 2399 1863 2403 1863 2446 1843 2477 1863 2480 1863 2483 1863 2487 1866 2738 1866 2738 1863 2906 1840 2919 1840 2953 1840 3529 1860 3532 1860 3536 1860 3539 1860 3563 1836 3563 1813 3556 1749 3479 1749 3445 1719 3445 1716 3442 1716 3439 1716 3435 1716 3432 1716 3375 1746 3318 1726 3315 1726 3311 1726 3308 1726 3304 1726 3281 1749 3110 1749 3020 1716 3016 1716 3013 1716 3010 1716 3006 1716 2959 1749 2815 1749 2681 1716 2678 1716 2467 1716 2463 1716 2460 1716 2456 1716 2440 1732 2389 1716 2386 1716 2383 1716 2379 1716 2376 1716 2376 1719 2349 1746 2249 1752 2252 1819"/></Shape>
	    <String CONTENT="ce q̃ nrẽ ſeigneur ꝸit par la bou"
                    HPOS="2249"
                    VPOS="1716"
                    WIDTH="1314"
                    HEIGHT="150"></String>
          </TextLine>

          
          
          <TextLine ID="eSc_line_b2278174"
                    TAGREFS="LT1854"
                    BASELINE="2255 1937 3563 1937" 
                    HPOS="2255.0"
                    VPOS="1843.0"
                    WIDTH="1308.0"
                    HEIGHT="144.0">
            <Shape><Polygon POINTS="2255 1937 2255 1957 2326 1984 2329 1984 2332 1984 2336 1984 2406 1960 2430 1980 2430 1984 2433 1984 2436 1984 2440 1987 2544 1987 2544 1984 2547 1984 2550 1984 2550 1980 2574 1960 2842 1960 2865 1980 2865 1984 2869 1984 2872 1984 2875 1984 2879 1984 2946 1960 2976 1984 2979 1984 2983 1984 2986 1984 2989 1984 3080 1960 3489 1984 3492 1984 3496 1984 3563 1957 3563 1937 3563 1866 3512 1843 3509 1843 3506 1843 3502 1843 3418 1870 3311 1870 3278 1843 3274 1843 3271 1843 3268 1843 3264 1843 3261 1843 3227 1870 3127 1870 3097 1843 3093 1843 3090 1843 3087 1843 3083 1843 3013 1863 2886 1843 2882 1843 2879 1843 2875 1843 2839 1866 2782 1843 2778 1843 2775 1843 2772 1843 2705 1863 2574 1846 2570 1846 2406 1866 2383 1846 2383 1843 2379 1843 2376 1843 2319 1843 2316 1843 2312 1843 2255 1866 2255 1937"/></Shape>
	    <String CONTENT="che de geremie ſon benoit ꝓphe"
                    HPOS="2255.0"
                    VPOS="1843.0"
                    WIDTH="1308.0"
                    HEIGHT="144.0"></String>
          </TextLine>

          
          
          <TextLine ID="eSc_line_0ce08742"
                    TAGREFS="LT1854"
                    BASELINE="2259 2051 3559 2044" 
                    HPOS="2255.0"
                    VPOS="1954.0"
                    WIDTH="1304.0"
                    HEIGHT="117.0">
            <Shape><Polygon POINTS="2259 2051 2259 2071 3559 2071 3559 2044 3553 1977 3435 1957 3432 1957 3311 1974 3264 1954 3261 1954 3258 1954 3254 1954 3251 1954 3251 1957 3231 1977 3134 1977 3077 1954 3073 1954 3070 1954 3067 1954 3063 1954 3063 1957 3043 1977 2983 1977 2912 1954 2909 1954 2906 1954 2902 1954 2899 1954 2899 1957 2872 1977 2497 1957 2493 1957 2255 1980 2259 2051"/></Shape>
	    <String CONTENT="te qui au liure ꝸes lamẽtaciõs"
                    HPOS="2255.0"
                    VPOS="1954.0"
                    WIDTH="1304.0"
                    HEIGHT="117.0"></String>
          </TextLine>

          
          
          <TextLine ID="eSc_line_bfc1d9ce"
                    TAGREFS="LT1854"
                    BASELINE="2265 2165 3569 2165" 
                    HPOS="2265.0"
                    VPOS="2067.0"
                    WIDTH="1304.0"
                    HEIGHT="145.0">
            <Shape><Polygon POINTS="2265 2165 2265 2188 2460 2188 2480 2205 2480 2208 2483 2208 2487 2208 2490 2208 2641 2188 2684 2205 2688 2205 2691 2205 2906 2188 2963 2208 2966 2208 2969 2208 2973 2208 3026 2191 3043 2205 3043 2208 3046 2208 3050 2208 3053 2212 3184 2212 3184 2208 3187 2208 3191 2208 3191 2205 3207 2191 3358 2208 3361 2208 3365 2208 3368 2208 3398 2188 3425 2208 3429 2208 3432 2208 3435 2208 3569 2185 3569 2165 3569 2094 3526 2074 3522 2074 3519 2074 3516 2074 3512 2074 3486 2098 3278 2098 3248 2074 3244 2074 3241 2074 3237 2074 3234 2074 3231 2074 3231 2078 3211 2098 3140 2098 3083 2067 3080 2067 3077 2067 3073 2067 3070 2067 3070 2071 3043 2098 2892 2098 2859 2067 2855 2067 2852 2067 2849 2067 2607 2088 2587 2071 2587 2067 2584 2067 2580 2067 2456 2067 2453 2067 2450 2067 2446 2067 2410 2094 2326 2067 2322 2067 2319 2067 2316 2067 2265 2091 2265 2165"/></Shape>
	    <String CONTENT="dit. Regnabit rex ſapiens erit"
                    HPOS="2265.0"
                    VPOS="2067.0"
                    WIDTH="1304.0"
                    HEIGHT="145.0"></String>
          </TextLine>

          
          
          <TextLine ID="eSc_line_a04193fb"
                    TAGREFS="LT1854"
                    BASELINE="2265 2279 3569 2279" 
                    HPOS="2265.0"
                    VPOS="2175.0"
                    WIDTH="1304.0"
                    HEIGHT="130.0">
            <Shape><Polygon POINTS="2265 2279 2265 2305 3569 2305 3569 2279 3569 2195 3549 2185 3546 2185 3542 2185 3539 2185 3455 2202 3425 2212 3150 2212 3140 2205 3097 2175 3093 2175 3090 2175 3087 2175 3083 2175 3026 2205 3016 2212 2966 2212 2963 2205 2932 2178 2932 2175 2929 2175 2926 2175 2922 2175 2919 2175 2825 2198 2748 2175 2745 2175 2554 2175 2550 2175 2547 2175 2463 2208 2399 2175 2396 2175 2393 2175 2389 2175 2386 2175 2386 2178 2356 2208 2265 2208 2265 2279"/></Shape>
	    <String CONTENT="et facietſuꝸiciũ. Et certes biẽ"
                    HPOS="2265.0"
                    VPOS="2175.0"
                    WIDTH="1304.0"
                    HEIGHT="130.0"></String>
          </TextLine>

          
          
          <TextLine ID="eSc_line_d3139ea3"
                    TAGREFS="LT1854"
                    BASELINE="2272 2396 3569 2389" 
                    HPOS="2269.0"
                    VPOS="2299.0"
                    WIDTH="1300.0"
                    HEIGHT="137.0">
            <Shape><Polygon POINTS="2272 2396 2272 2426 2869 2419 2875 2423 2909 2436 2912 2436 2916 2436 3100 2419 3147 2416 3204 2419 3489 2433 3492 2433 3496 2433 3569 2413 3569 2389 3563 2329 3331 2329 3304 2302 3304 2299 3301 2299 3298 2299 3227 2299 3224 2299 3221 2299 3217 2299 3217 2302 3191 2329 3056 2329 3030 2302 3030 2299 3026 2299 3023 2299 2919 2299 2916 2299 2912 2299 2909 2299 2909 2302 2886 2326 2839 2302 2835 2302 2832 2302 2829 2302 2755 2322 2701 2302 2698 2302 2694 2302 2691 2302 2651 2322 2433 2309 2430 2309 2426 2309 2373 2329 2306 2302 2302 2302 2299 2302 2296 2302 2292 2302 2292 2305 2269 2326 2272 2396"/></Shape>
	    <String CONTENT="ſe gouuernoit ſelon telles pa⸝"
                    HPOS="2269.0"
                    VPOS="2299.0"
                    WIDTH="1300.0"
                    HEIGHT="137.0"></String>
          </TextLine>

          
          
          <TextLine ID="eSc_line_b54d4d27"
                    TAGREFS="LT1854"
                    BASELINE="2269 2510 3569 2503" 
                    HPOS="2265.0"
                    VPOS="2409.0"
                    WIDTH="1304.0"
                    HEIGHT="141.0">
            <Shape><Polygon POINTS="2269 2510 2269 2533 2872 2550 2875 2550 2879 2550 2946 2533 2953 2533 3566 2533 3569 2503 3563 2440 3348 2413 3345 2413 3341 2413 3298 2436 3211 2409 3207 2409 3204 2409 3201 2409 3197 2409 3164 2440 3060 2440 3003 2409 2999 2409 2996 2409 2993 2409 2989 2409 2953 2436 2896 2413 2892 2413 2842 2413 2839 2413 2835 2413 2832 2413 2832 2416 2805 2443 2634 2443 2574 2413 2570 2413 2567 2413 2564 2413 2560 2413 2523 2440 2379 2413 2376 2413 2373 2413 2265 2443 2269 2510"/></Shape>
	    <String CONTENT="rolles le roy charles. Et biẽ ꝸe"
                    HPOS="2265.0"
                    VPOS="2409.0"
                    WIDTH="1304.0"
                    HEIGHT="141.0"></String>
          </TextLine>

          
          
          <TextLine ID="eSc_line_0ae089bc"
                    TAGREFS="LT1854"
                    BASELINE="2272 2631 3579 2624" 
                    HPOS="2269.0"
                    VPOS="2530.0"
                    WIDTH="1310.0"
                    HEIGHT="141.0">
            <Shape><Polygon POINTS="2272 2631 2272 2654 2906 2671 2909 2671 2912 2671 2976 2651 2986 2651 2996 2651 3063 2667 3067 2667 3070 2667 3123 2651 3130 2651 3137 2651 3207 2667 3211 2667 3214 2667 3268 2651 3291 2667 3294 2667 3298 2667 3301 2667 3576 2647 3579 2624 3576 2560 3522 2530 3519 2530 3516 2530 3512 2530 3452 2560 3184 2560 3150 2530 3147 2530 3144 2530 3063 2530 3060 2530 3056 2530 2996 2557 2480 2533 2477 2533 2473 2533 2470 2533 2470 2537 2443 2560 2373 2547 2369 2547 2269 2564 2272 2631"/></Shape>
	    <String CONTENT="ura cheſcun cõgnoiſtre par ceſte"
                    HPOS="2269.0"
                    VPOS="2530.0"
                    WIDTH="1310.0"
                    HEIGHT="141.0"></String>
          </TextLine>

          
          
          <TextLine ID="eSc_line_aa114d3a"
                    TAGREFS="LT1854"
                    BASELINE="2275 2748 3583 2738" 
                    HPOS="2272.0"
                    VPOS="2641.0"
                    WIDTH="1311.0"
                    HEIGHT="144.0">
            <Shape><Polygon POINTS="2275 2748 2275 2768 2413 2785 2416 2785 2420 2785 2423 2785 2443 2768 2446 2765 2718 2765 2725 2765 2775 2781 2778 2781 2782 2781 3050 2765 3117 2781 3120 2781 3123 2781 3549 2778 3553 2778 3556 2778 3583 2758 3583 2738 3573 2667 3248 2667 3244 2667 3207 2641 3204 2641 3201 2641 3197 2641 3194 2641 3144 2667 3137 2671 3120 2667 3020 2647 3016 2647 3013 2647 3010 2647 2976 2667 2953 2647 2953 2644 2949 2644 2946 2644 2942 2644 2788 2671 2772 2671 2761 2671 2684 2647 2681 2647 2678 2647 2564 2667 2537 2647 2534 2647 2530 2647 2527 2647 2523 2647 2520 2647 2520 2651 2497 2671 2470 2647 2467 2647 2463 2647 2286 2647 2282 2647 2279 2647 2275 2647 2275 2651 2272 2651 2275 2748"/></Shape>
	    <String CONTENT="hyſtoire laquelle ꝸoꝛeſenauant"
                    HPOS="2272.0"
                    VPOS="2641.0"
                    WIDTH="1311.0"
                    HEIGHT="144.0"></String>
          </TextLine>

          
          
          <TextLine ID="eSc_line_dd137905"
                    TAGREFS="LT1854"
                    BASELINE="2275 2858 3569 2845" 
                    HPOS="2272.0"
                    VPOS="2761.0"
                    WIDTH="1297.0"
                    HEIGHT="131.0">
            <Shape><Polygon POINTS="2275 2858 2275 2882 3234 2892 3237 2892 3569 2869 3569 2845 3556 2761 3509 2788 3341 2788 3311 2768 3294 2761 3291 2761 3288 2761 3284 2761 3268 2771 3234 2788 3083 2778 2999 2771 2996 2771 2705 2788 2698 2788 2594 2768 2591 2768 2497 2785 2383 2771 2379 2771 2376 2771 2373 2771 2356 2788 2306 2771 2302 2771 2299 2771 2296 2771 2292 2771 2292 2775 2272 2791 2275 2858"/></Shape>
	    <String CONTENT="ie ƃueil commencer. mais a toɂ"
                    HPOS="2272.0"
                    VPOS="2761.0"
                    WIDTH="1297.0"
                    HEIGHT="131.0"></String>
          </TextLine>

          
          
          <TextLine ID="eSc_line_60e6c796"
                    TAGREFS="LT1854"
                    BASELINE="2282 2976 3579 2969" 
                    HPOS="2279.0"
                    VPOS="2879.0"
                    WIDTH="1300.0"
                    HEIGHT="130.0">
            <Shape><Polygon POINTS="2282 2976 2282 3009 3576 3003 3579 2969 3573 2905 3445 2905 3422 2882 3422 2879 3418 2879 3415 2879 3412 2879 3408 2879 3361 2905 3271 2905 3251 2885 3251 2882 3248 2882 3244 2882 3241 2882 3237 2882 3174 2902 3144 2879 3140 2879 3137 2879 3134 2879 3130 2879 3127 2879 3097 2902 2956 2902 2926 2879 2922 2879 2919 2879 2832 2879 2829 2879 2825 2879 2741 2902 2694 2879 2691 2879 2517 2879 2513 2879 2510 2879 2443 2905 2312 2879 2309 2879 2306 2879 2302 2879 2302 2882 2279 2902 2282 2976"/></Shape>
	    <String CONTENT="ſupplie humblement que ſe en"
                    HPOS="2279.0"
                    VPOS="2879.0"
                    WIDTH="1300.0"
                    HEIGHT="130.0"></String>
          </TextLine>

          
          
          <TextLine ID="eSc_line_6781846e"
                    TAGREFS="LT1854"
                    BASELINE="2279 3090 3579 3083" 
                    HPOS="2275.0"
                    VPOS="2993.0"
                    WIDTH="1304.0"
                    HEIGHT="124.0">
            <Shape><Polygon POINTS="2279 3090 2279 3117 3576 3117 3579 3083 3569 3013 3502 3016 3496 3013 3465 2993 3462 2993 3459 2993 3455 2993 3452 2993 3449 2993 3449 2996 3429 3013 3422 3019 3251 3019 3244 3016 3217 2996 3214 2996 3211 2996 3207 2996 3204 2996 3157 3016 3154 3016 3110 2993 3107 2993 3103 2993 3100 2993 3097 2993 3067 3013 2999 2993 2996 2993 2993 2993 2989 2993 2986 2993 2986 2996 2966 3013 2932 2993 2929 2993 2926 2993 2922 2993 2919 2993 2916 2993 2916 2996 2889 3019 2886 3023 2785 3023 2782 3019 2735 2996 2731 2996 2728 2996 2591 3016 2416 2996 2413 2996 2275 3023 2279 3090"/></Shape>
	    <String CONTENT="aulcuns lieux ie fais ce que ſou"
                    HPOS="2275.0"
                    VPOS="2993.0"
                    WIDTH="1304.0"
                    HEIGHT="124.0"></String>
          </TextLine>

          
          
          <TextLine ID="eSc_line_7eec9e21"
                    TAGREFS="LT1854"
                    BASELINE="2282 3207 3586 3197" 
                    HPOS="2279.0"
                    VPOS="3106.0"
                    WIDTH="1307.0"
                    HEIGHT="141.0">
            <Shape><Polygon POINTS="2282 3207 2282 3231 2591 3247 2594 3247 2694 3231 2718 3227 3006 3227 3013 3227 3043 3244 3046 3244 3050 3244 3583 3224 3586 3197 3579 3137 3398 3137 3358 3106 3355 3106 3351 3106 3348 3106 3345 3106 3341 3106 3341 3110 3315 3137 3160 3137 3123 3110 3120 3110 3117 3110 3113 3110 3110 3110 3050 3133 3030 3113 3030 3110 3026 3110 3023 3110 2969 3110 2966 3110 2963 3110 2959 3110 2916 3137 2534 3113 2530 3113 2279 3143 2282 3207"/></Shape>
	    <String CONTENT="uenteſfois me aꝸuient Ɉlᴣ me"
                    HPOS="2279.0"
                    VPOS="3106.0"
                    WIDTH="1307.0"
                    HEIGHT="141.0"></String>
          </TextLine>

          
          
          <TextLine ID="eSc_line_af750e3a"
                    TAGREFS="LT1854"
                    BASELINE="2279 3321 3589 3314" 
                    HPOS="2275.0"
                    VPOS="3220.0"
                    WIDTH="1314.0"
                    HEIGHT="128.0">
            <Shape><Polygon POINTS="2279 3321 2279 3348 3586 3348 3589 3314 3579 3234 3455 3247 3442 3234 3429 3224 3429 3220 3425 3220 3422 3220 3351 3220 3348 3220 3345 3220 3341 3220 3321 3237 3304 3251 3167 3251 3144 3241 3077 3220 3073 3220 3070 3220 3067 3220 3013 3244 3003 3247 2993 3244 2932 3220 2929 3220 2926 3220 2922 3220 2919 3220 2919 3224 2892 3247 2886 3254 2688 3254 2678 3251 2577 3224 2574 3224 2570 3224 2396 3247 2329 3224 2326 3224 2322 3224 2319 3224 2316 3224 2275 3247 2279 3321"/></Shape>
	    <String CONTENT="ƃueillent mes faultes debõnai"
                    HPOS="2275.0"
                    VPOS="3220.0"
                    WIDTH="1314.0"
                    HEIGHT="128.0"></String>
          </TextLine>

          
          
          <TextLine ID="eSc_line_987771ed"
                    TAGREFS="LT1854"
                    BASELINE="2289 3432 3449 3438" 
                    HPOS="2286.0"
                    VPOS="3341.0"
                    WIDTH="1163.0"
                    HEIGHT="144.0">
            <Shape><Polygon POINTS="2289 3432 2286 3455 2353 3479 2356 3479 2359 3479 2470 3462 2601 3482 2604 3485 2792 3485 2792 3482 2795 3482 2855 3462 3157 3462 3194 3485 3197 3485 3201 3485 3204 3485 3351 3465 3375 3485 3378 3485 3382 3485 3385 3485 3388 3485 3445 3462 3449 3438 3445 3371 3254 3344 3251 3344 3248 3344 3164 3368 3160 3371 2973 3371 2963 3368 2872 3341 2869 3341 2865 3341 2761 3361 2621 3341 2617 3341 2614 3341 2557 3365 2289 3365 2289 3432"/></Shape>
	    <String CONTENT="rement ſupplier et coꝛriger."
                    HPOS="2286.0"
                    VPOS="3341.0"
                    WIDTH="1163.0"
                    HEIGHT="144.0"></String>
          </TextLine>

          
          
          <TextLine ID="eSc_line_e06549d7"
                    TAGREFS="LT1854"
                    BASELINE="2617 3666 3593 3656" 
                    HPOS="2614.0"
                    VPOS="3552.0"
                    WIDTH="979.0"
                    HEIGHT="164.0">
            <Shape><Polygon POINTS="2617 3666 2617 3690 2835 3690 2839 3690 2936 3716 2939 3716 2942 3716 2946 3716 2949 3716 2993 3686 3060 3686 3147 3686 3150 3686 3187 3713 3191 3713 3194 3713 3197 3716 3268 3716 3268 3713 3271 3713 3274 3713 3308 3693 3482 3710 3486 3710 3489 3710 3593 3680 3593 3656 3583 3589 3529 3589 3522 3586 3489 3556 3489 3552 3486 3552 3482 3552 3479 3552 3475 3552 3472 3552 3432 3582 3418 3592 3217 3579 3214 3579 3211 3579 3160 3596 3093 3576 3090 3576 3087 3576 3083 3576 3080 3576 3056 3596 2849 3596 2792 3566 2775 3559 2772 3559 2768 3559 2614 3559 2617 3666"/></Shape>
	    <String CONTENT="AU temps et regne phe⸝"
                    HPOS="2614.0"
                    VPOS="3552.0"
                    WIDTH="979.0"
                    HEIGHT="164.0"></String>
          </TextLine>

          
          
          <TextLine ID="eSc_line_5a0ba0e6"
                    TAGREFS="LT1854"
                    BASELINE="2658 3779 3589 3777" 
                    HPOS="2656"
                    VPOS="3680"
                    WIDTH="931"
                    HEIGHT="140">
            <Shape><Polygon POINTS="2656 3815 3582 3820 3587 3775 3587 3695 2656 3680 2656 3775"/></Shape>
	    <String CONTENT="lippe le roy de frãce filᴣ"
                    HPOS="2656"
                    VPOS="3680"
                    WIDTH="931"
                    HEIGHT="140"></String>
          </TextLine>

          
          
          <TextLine ID="eSc_line_1ef3d8f2"
                    TAGREFS="LT1854"
                    BASELINE="2668 3894 3589 3897" 
                    HPOS="2661"
                    VPOS="3800"
                    WIDTH="926"
                    HEIGHT="131">
            <Shape><Polygon POINTS="2661 3931 3582 3926 3587 3896 3582 3805 2666 3800 2666 3891"/></Shape>
	    <String CONTENT="de charles conte de ƃal⸝"
                    HPOS="2661"
                    VPOS="3800"
                    WIDTH="926"
                    HEIGHT="131"></String>
          </TextLine>

          
          
          <TextLine ID="eSc_line_5c1ea226"
                    
                    BASELINE="2339 3984 2417 3984 2614 3984 3108 3984 3259 3984 3378 3994 3529 4025 3591 4025 3612 4025 3617 4025 3607 4010" 
                    HPOS="2339"
                    VPOS="3984"
                    WIDTH="1278"
                    HEIGHT="41">
            
	    <String CONTENT="de lois frere ꝸe phelippe le bel roy"
                    HPOS="2339"
                    VPOS="3984"
                    WIDTH="1278"
                    HEIGHT="41"></String>
          </TextLine>

          
          
          <TextLine ID="eSc_line_ab6d4be9"
                    
                    BASELINE="2308 4103 2323 4103 2386 4103 2708 4103 3248 4103 3430 4098 3612 4129" 
                    HPOS="2299"
                    VPOS="4037"
                    WIDTH="1308"
                    HEIGHT="120">
            <Shape><Polygon POINTS="2304 4102 2299 4147 3597 4157 3607 4127 3607 4042 2304 4037 2304 4102"/></Shape>
	    <String CONTENT="de frãnce et ꝸe nauarre qui en ſon"
                    HPOS="2299"
                    VPOS="4037"
                    WIDTH="1308"
                    HEIGHT="120"></String>
          </TextLine>

          
          
          <TextLine ID="eSc_line_43d15c18"
                    TAGREFS="LT1854"
                    BASELINE="2306 4243 3583 4236" 
                    HPOS="2302.0"
                    VPOS="4149.0"
                    WIDTH="1281.0"
                    HEIGHT="144.0">
            <Shape><Polygon POINTS="2306 4243 2306 4270 2376 4270 2379 4270 2399 4290 2399 4293 2403 4293 2406 4293 2410 4293 2413 4293 2460 4270 2463 4270 2483 4270 2761 4293 2765 4293 2768 4293 2812 4270 2936 4286 2939 4286 2942 4286 3010 4266 3013 4266 3070 4286 3073 4286 3077 4286 3080 4286 3083 4286 3103 4273 3207 4290 3211 4290 3214 4290 3217 4290 3244 4273 3261 4286 3261 4290 3264 4290 3268 4290 3271 4293 3408 4293 3408 4290 3412 4290 3415 4290 3435 4273 3542 4290 3546 4290 3549 4290 3553 4290 3583 4263 3583 4236 3579 4166 3553 4149 3549 4149 3546 4149 3542 4149 3402 4166 3284 4149 3281 4149 3278 4149 3274 4149 3274 4152 3258 4166 2889 4152 2886 4152 2882 4152 2818 4169 2316 4152 2312 4152 2309 4152 2306 4152 2306 4156 2302 4156 2306 4243"/></Shape>
	    <String CONTENT="ƃiuant engenꝸꝛa tꝛoys filᴣ leſ⸝"
                    HPOS="2302.0"
                    VPOS="4149.0"
                    WIDTH="1281.0"
                    HEIGHT="144.0"></String>
          </TextLine>

          
          
          <TextLine ID="eSc_line_3015a9b2"
                    TAGREFS="LT1854"
                    BASELINE="2299 4360 3603 4353" 
                    HPOS="2296.0"
                    VPOS="4266.0"
                    WIDTH="1307.0"
                    HEIGHT="138.0">
            <Shape><Polygon POINTS="2299 4360 2299 4383 2336 4404 2339 4404 2342 4404 2346 4404 2423 4383 2426 4383 2430 4383 2483 4404 2487 4404 2490 4404 2493 4404 2544 4383 2550 4383 2765 4404 2768 4404 2772 4404 2815 4383 2889 4404 2892 4404 2896 4404 3040 4380 3053 4380 3067 4380 3217 4400 3221 4400 3599 4377 3603 4353 3596 4293 3479 4273 3475 4273 3311 4286 3258 4266 3254 4266 3251 4266 3248 4266 3184 4290 3117 4266 3113 4266 3110 4266 3107 4266 3103 4266 3103 4270 3080 4290 2976 4276 2973 4276 2969 4276 2922 4293 2845 4270 2842 4270 2839 4270 2835 4270 2832 4270 2802 4290 2785 4276 2782 4276 2778 4276 2775 4276 2772 4276 2735 4290 2591 4270 2587 4270 2584 4270 2580 4270 2580 4273 2557 4293 2467 4270 2463 4270 2460 4270 2296 4296 2299 4360"/></Shape>
	    <String CONTENT="quelᴣ lung apꝛes laultre ꝸe"
                    HPOS="2296.0"
                    VPOS="4266.0"
                    WIDTH="1307.0"
                    HEIGHT="138.0"></String>
          </TextLine>

          
          
          <TextLine ID="eSc_line_63077ddc"
                    TAGREFS="LT1854"
                    BASELINE="2299 4474 3599 4481" 
                    HPOS="2296.0"
                    VPOS="4377.0"
                    WIDTH="1303.0"
                    HEIGHT="144.0">
            <Shape><Polygon POINTS="2299 4474 2296 4507 2306 4518 2309 4518 2309 4521 2312 4521 2316 4521 2319 4521 2322 4521 2373 4501 2544 4501 2587 4521 2591 4521 2594 4521 2597 4521 2661 4501 2741 4521 2745 4521 2748 4521 2751 4521 2822 4501 2879 4521 2882 4521 2886 4521 3596 4507 3599 4481 3599 4400 3576 4380 3573 4380 3569 4380 3502 4380 3499 4380 3496 4380 3492 4380 3492 4383 3472 4400 3321 4380 3318 4380 3315 4380 3311 4380 3288 4400 3221 4383 3217 4383 3214 4383 3211 4383 3154 4400 3103 4380 3100 4380 3097 4380 3093 4380 3090 4380 3090 4383 3070 4400 3070 4404 3003 4404 3003 4400 2953 4377 2949 4377 2946 4377 2942 4377 2879 4397 2802 4377 2798 4377 2795 4377 2792 4377 2711 4397 2601 4377 2597 4377 2594 4377 2537 4397 2534 4397 2473 4377 2470 4377 2467 4377 2463 4377 2460 4377 2430 4397 2426 4397 2299 4397 2299 4474"/></Shape>
	    <String CONTENT="puis le treſpassemẽt ꝸuꝸit phe"
                    HPOS="2296.0"
                    VPOS="4377.0"
                    WIDTH="1303.0"
                    HEIGHT="144.0"></String>
          </TextLine>

          
          
          <TextLine ID="eSc_line_4394395e"
                    TAGREFS="LT1854"
                    BASELINE="2302 4595 3603 4595" 
                    HPOS="2302.0"
                    VPOS="4497.0"
                    WIDTH="1301.0"
                    HEIGHT="148.0">
            <Shape><Polygon POINTS="2302 4595 2302 4618 2379 4642 2383 4642 2386 4642 2389 4642 2426 4625 2460 4642 2463 4642 2467 4642 2470 4642 2473 4642 2473 4638 2493 4621 2634 4642 2637 4642 2641 4642 2644 4642 2678 4621 2761 4642 2765 4642 2768 4642 2772 4642 2832 4621 2919 4621 2939 4638 2939 4642 2942 4642 2946 4642 2949 4642 2953 4642 2986 4625 2999 4638 2999 4642 3003 4642 3006 4642 3010 4645 3164 4645 3164 4642 3348 4621 3408 4642 3412 4642 3415 4642 3418 4642 3422 4642 3442 4621 3479 4638 3482 4638 3486 4638 3603 4618 3603 4595 3596 4497 3539 4524 3338 4524 3318 4504 3315 4501 3315 4497 3311 4497 3308 4497 3304 4497 3301 4497 3284 4504 3244 4521 3211 4504 3191 4497 3187 4497 3184 4497 3180 4497 3154 4507 3120 4518 3103 4507 3090 4497 3087 4497 3083 4497 3080 4497 3077 4497 3053 4507 3030 4524 2862 4524 2842 4514 2812 4497 2808 4497 2560 4497 2557 4497 2440 4521 2336 4497 2332 4497 2329 4497 2326 4497 2302 4514 2302 4595"/></Shape>
	    <String CONTENT="lippe le bel leur pere furẽt courõ"
                    HPOS="2302.0"
                    VPOS="4497.0"
                    WIDTH="1301.0"
                    HEIGHT="148.0"></String>
          </TextLine>

          
          
          <TextLine ID="eSc_line_4acdfadb"
                    TAGREFS="LT1854"
                    BASELINE="2306 4705 3630 4712" 
                    HPOS="2302.0"
                    VPOS="4611.0"
                    WIDTH="1328.0"
                    HEIGHT="148.0">
            <Shape><Polygon POINTS="2306 4705 2302 4725 2420 4752 2423 4752 2426 4752 2470 4732 2570 4752 2574 4752 2661 4732 2664 4732 2671 4732 2738 4752 2741 4752 2745 4752 2839 4735 2862 4732 2892 4735 2983 4749 2986 4749 3120 4739 3184 4735 3204 4742 3251 4756 3254 4756 3258 4759 3405 4759 3405 4756 3408 4756 3412 4756 3425 4745 3442 4735 3623 4745 3630 4712 3623 4621 2973 4635 2882 4635 2875 4625 2862 4615 2862 4611 2859 4611 2855 4611 2852 4611 2778 4625 2745 4632 2708 4628 2597 4611 2594 4611 2591 4611 2587 4611 2587 4615 2570 4628 2567 4632 2306 4632 2306 4705"/></Shape>
	    <String CONTENT="neᴣ roys de france par la fucoiſ"
                    HPOS="2302.0"
                    VPOS="4611.0"
                    WIDTH="1328.0"
                    HEIGHT="148.0"></String>
          </TextLine>

          
          
          <TextLine ID="eSc_line_b959dde3"
                    TAGREFS="LT1854"
                    BASELINE="2296 4819 3603 4826" 
                    HPOS="2292.0"
                    VPOS="4725.0"
                    WIDTH="1311.0"
                    HEIGHT="148.0">
            <Shape><Polygon POINTS="2296 4819 2292 4863 2443 4849 2477 4866 2487 4869 2490 4869 2493 4869 2497 4869 2500 4869 2500 4866 2503 4866 2523 4846 2694 4863 2701 4863 2705 4863 2715 4863 2879 4849 2912 4863 2946 4873 2949 4873 2953 4873 3097 4859 3211 4849 3258 4859 3338 4873 3341 4873 3599 4853 3603 4826 3603 4749 3559 4729 3556 4729 3553 4729 3549 4729 3499 4749 3492 4749 3479 4749 3372 4729 3368 4729 3231 4745 3207 4749 3201 4745 3177 4729 3174 4729 3170 4729 3040 4729 3036 4729 3033 4729 2979 4745 2963 4749 2956 4745 2929 4725 2926 4725 2922 4725 2919 4725 2916 4725 2912 4725 2882 4745 2879 4745 2849 4745 2674 4729 2671 4729 2668 4729 2621 4742 2611 4745 2604 4742 2570 4725 2567 4725 2564 4725 2560 4725 2517 4742 2503 4745 2483 4742 2403 4725 2399 4725 2296 4739 2296 4819"/></Shape>
	    <String CONTENT="ſion ꝸu derrain ¶ Et deſquelᴣ"
                    HPOS="2292.0"
                    VPOS="4725.0"
                    WIDTH="1311.0"
                    HEIGHT="148.0"></String>
          </TextLine>

          
          
          <TextLine ID="eSc_line_b5310f3b"
                    TAGREFS="LT1854"
                    BASELINE="2282 4943 3616 4933" 
                    HPOS="2279.0"
                    VPOS="4839.0"
                    WIDTH="1337.0"
                    HEIGHT="151.0">
            <Shape><Polygon POINTS="2282 4943 2282 4973 2453 4990 2456 4990 2460 4990 2463 4990 2490 4973 2493 4970 2503 4973 2557 4990 2560 4990 2564 4990 2567 4990 2604 4973 2607 4970 2611 4970 2634 4983 2637 4983 2641 4983 2839 4970 2892 4967 2902 4970 2953 4987 2956 4987 2959 4987 3274 4963 3311 4963 3315 4963 3341 4983 3345 4983 3348 4983 3351 4987 3479 4987 3479 4983 3613 4960 3616 4933 3610 4859 3445 4839 3442 4839 3439 4839 3435 4839 3435 4843 3415 4859 3412 4859 3298 4843 3294 4843 3291 4843 3241 4859 3174 4839 3170 4839 3167 4839 3164 4839 3100 4863 3093 4863 3073 4863 2862 4843 2859 4843 2855 4843 2852 4843 2818 4863 2329 4846 2326 4846 2322 4846 2279 4863 2282 4943"/></Shape>
	    <String CONTENT="le royaulme ꝸeſcenꝸiteteſcheut"
                    HPOS="2279.0"
                    VPOS="4839.0"
                    WIDTH="1337.0"
                    HEIGHT="151.0"></String>
          </TextLine>

          
          
          <TextLine ID="eSc_line_caee75a6"
                    TAGREFS="LT1854"
                    BASELINE="2316 5057 3610 5047" 
                    HPOS="2312.0"
                    VPOS="4953.0"
                    WIDTH="1298.0"
                    HEIGHT="158.0">
            <Shape><Polygon POINTS="2316 5057 2316 5091 2694 5111 2698 5111 2701 5111 2751 5094 2879 5107 2882 5107 2886 5107 2932 5087 2936 5087 2946 5087 3103 5107 3107 5107 3368 5084 3382 5084 3388 5084 3516 5104 3519 5104 3522 5104 3610 5081 3610 5047 3603 4983 3345 4983 3318 4963 3315 4963 3311 4963 3308 4963 3304 4963 3301 4963 3301 4967 3291 4977 3268 4957 3268 4953 3264 4953 3261 4953 3197 4953 3194 4953 3191 4953 3187 4953 3187 4957 3160 4983 3090 4963 3087 4963 3083 4963 3080 4963 3077 4963 3050 4987 2845 4987 2745 4957 2741 4957 2738 4957 2463 4960 2312 4990 2316 5057"/></Shape>
	    <String CONTENT="audit phelippe de (u)allois nep⸝"
                    HPOS="2312.0"
                    VPOS="4953.0"
                    WIDTH="1298.0"
                    HEIGHT="158.0"></String>
          </TextLine>

          
        </TextBlock>
        
        <TextBlock HPOS="2238"
                   VPOS="3571"
                   WIDTH="513"
                   HEIGHT="471"
                   ID="eSc_textblock_d7db88a5"
                   TAGREFS="BT5449">
          <Shape><Polygon POINTS="2238 3582 2238 4042 2751 4042 2751 3571"/></Shape>
          
        </TextBlock>
        

        
        <TextBlock ID="eSc_dummyblock_">
          
          
          <TextLine ID="eSc_line_d638329f"
                    TAGREFS="LT2"
                    BASELINE="3485 837 3576 858 3585 858 3585 866" 
                    HPOS="3471"
                    VPOS="774"
                    WIDTH="121"
                    HEIGHT="120">
            <Shape><Polygon POINTS="3471 869 3562 894 3582 864 3592 799 3492 774 3482 834"/></Shape>
	    <String CONTENT="1."
                    HPOS="3471"
                    VPOS="774"
                    WIDTH="121"
                    HEIGHT="120"></String>
          </TextLine>

          
          
          <TextLine ID="eSc_line_cf1ea435"
                    TAGREFS="LT1854"
                    BASELINE="3341 5178 3556 5171" 
                    HPOS="3335.0"
                    VPOS="5081.0"
                    WIDTH="221.0"
                    HEIGHT="130.0">
            <Shape><Polygon POINTS="3341 5178 3341 5201 3465 5191 3482 5195 3526 5211 3529 5211 3532 5211 3536 5211 3539 5211 3556 5195 3556 5171 3542 5081 3439 5117 3405 5107 3372 5094 3368 5094 3365 5094 3361 5094 3358 5094 3335 5107 3341 5178"/></Shape>
	    <String CONTENT="a ii"
                    HPOS="3335.0"
                    VPOS="5081.0"
                    WIDTH="221.0"
                    HEIGHT="130.0"></String>
          </TextLine>

          
        </TextBlock>
        
      </PrintSpace>
    </Page>
  </Layout>
</alto>
