<?xml version="1.0" encoding="UTF-8"?>
<alto xmlns:xsi="http://www.w3.org/2001/XMLSchema-instance"
      xmlns="http://www.loc.gov/standards/alto/ns-v4#"
      xsi:schemaLocation="http://www.loc.gov/standards/alto/ns-v4# http://www.loc.gov/standards/alto/v4/alto-4-2.xsd">
  <Description>
    <MeasurementUnit>pixel</MeasurementUnit>
    <sourceImageInformation>
      <fileName>Le_Livre_des_faits_de_..._bpt6k1110614_qNBpghs.pdf_page_8.png</fileName>
      <fileIdentifier>mets//exports_ALTO_charlie.zip/Le_Livre_des_faits_de_..._bpt6k1110614_qNBpghs.pdf_page_8.png</fileIdentifier>
    </sourceImageInformation>
  </Description>
  
  <Tags>
    <OtherTag ID="BT5449" LABEL="Drop Capital" DESCRIPTION="block type Drop Capital"/><OtherTag ID="BT5448" LABEL="column" DESCRIPTION="block type column"/><OtherTag ID="BT4" LABEL="Illustration" DESCRIPTION="block type Illustration"/><OtherTag ID="BT3" LABEL="Commentary" DESCRIPTION="block type Commentary"/><OtherTag ID="BT2" LABEL="Main" DESCRIPTION="block type Main"/><OtherTag ID="BT1" LABEL="Title" DESCRIPTION="block type Title"/>
    <OtherTag ID="LT4" LABEL="Signature" DESCRIPTION="line type Signature"/><OtherTag ID="LT2" LABEL="Numbering" DESCRIPTION="line type Numbering"/><OtherTag ID="LT1854" LABEL="default" DESCRIPTION="line type default"/>
  </Tags>
  
  <Layout>
    <Page WIDTH="4267"
          HEIGHT="6033"
          PHYSICAL_IMG_NR="1"
          ID="eSc_dummypage_">
      <PrintSpace HPOS="0"
                  VPOS="0"
                  WIDTH="4267"
                  HEIGHT="6033">
        
        <TextBlock HPOS="743"
                   VPOS="910"
                   WIDTH="1380"
                   HEIGHT="4089"
                   ID="eSc_textblock_f2b66512"
                   TAGREFS="BT5448">
          <Shape><Polygon POINTS="743 910 743 4999 2123 4999 2123 910"/></Shape>
          
          
          <TextLine ID="eSc_line_472f042d"
                    TAGREFS="LT1854"
                    BASELINE="774 1018 2105 992" 
                    HPOS="770"
                    VPOS="898"
                    WIDTH="1335"
                    HEIGHT="164">
            <Shape><Polygon POINTS="1977 898 1944 898 1913 898 1893 918 1890 921 1763 921 1756 921 1729 901 1709 901 1675 901 1662 901 1639 908 1625 901 1608 901 1575 901 1565 901 1498 925 1454 901 1441 904 1407 904 1404 904 1357 928 1354 928 1300 904 1273 904 1196 931 1193 931 1146 904 1139 908 1119 908 1096 931 1049 908 1039 908 1029 908 1002 935 770 938 774 1018 774 1039 824 1059 827 1059 831 1062 928 1062 928 1059 931 1059 935 1059 935 1055 938 1055 955 1035 962 1035 1102 1055 1106 1055 1484 1025 1491 1025 1515 1045 1518 1045 1521 1045 1525 1045 1528 1045 1561 1028 1598 1045 1602 1045 1605 1045 1913 1015 1934 1015 1944 1015 2058 1035 2061 1035 2064 1035 2068 1035 2105 1012 2105 992 2098 915 2004 898 1977 898"/></Shape>
	    <String CONTENT="ueu ainſne ꝸuꝸit phelippe. En"
                    HPOS="770"
                    VPOS="898"
                    WIDTH="1335"
                    HEIGHT="164"></String>
          </TextLine>

          
          
          <TextLine ID="eSc_line_3c7e3c02"
                    TAGREFS="LT1854"
                    BASELINE="770 1126 2091 1102" 
                    HPOS="767"
                    VPOS="1012"
                    WIDTH="1324"
                    HEIGHT="157">
            <Shape><Polygon POINTS="770 1126 770 1152 1012 1169 1015 1169 1109 1149 1136 1169 1139 1169 1143 1169 1146 1169 1320 1142 1334 1142 1344 1142 1434 1163 1437 1163 1441 1163 1444 1163 1444 1159 1461 1146 1484 1163 1488 1163 1491 1163 1494 1163 1498 1163 1501 1163 1528 1139 1531 1139 1608 1139 1709 1159 1712 1159 1716 1159 1796 1136 2054 1152 2058 1152 2061 1152 2064 1152 2091 1132 2091 1102 2084 1035 1900 1012 1897 1012 1893 1012 1890 1012 1890 1015 1867 1039 1853 1039 1749 1025 1746 1025 1561 1042 1558 1042 1525 1018 1521 1018 1518 1018 1515 1018 1511 1018 1454 1045 1451 1045 1441 1045 1283 1025 1280 1025 1277 1025 1273 1025 1273 1028 1250 1049 1173 1025 1169 1025 1166 1025 1163 1025 1159 1025 1126 1052 1122 1052 1109 1052 955 1028 951 1028 948 1028 945 1028 905 1055 898 1059 767 1059 770 1126"/></Shape>
	    <String CONTENT="ce tẽps eſtoit en bretaigne ƃng"
                    HPOS="767"
                    VPOS="1012"
                    WIDTH="1324"
                    HEIGHT="157"></String>
          </TextLine>

          
          
          <TextLine ID="eSc_line_fb3c8f83"
                    TAGREFS="LT1854"
                    BASELINE="774 1250 2081 1216" 
                    HPOS="770"
                    VPOS="1126"
                    WIDTH="1311"
                    HEIGHT="164">
            <Shape><Polygon POINTS="774 1250 774 1266 898 1290 901 1290 1173 1260 1491 1273 1494 1273 1498 1273 1558 1253 1682 1270 1686 1270 1689 1270 1692 1270 1722 1246 1813 1266 1816 1266 1957 1240 2051 1260 2054 1260 2058 1260 2061 1260 2081 1240 2081 1216 2074 1149 1880 1126 1877 1126 1759 1152 1686 1139 1682 1139 1132 1169 1109 1149 1109 1146 1106 1146 1102 1146 1039 1146 1035 1146 1032 1146 982 1173 824 1152 821 1152 817 1152 770 1176 774 1250"/></Shape>
	    <String CONTENT="cheualier nomme regnanꝸ ꝸu"
                    HPOS="770"
                    VPOS="1126"
                    WIDTH="1311"
                    HEIGHT="164"></String>
          </TextLine>

          
          
          <TextLine ID="eSc_line_9b83e5ef"
                    TAGREFS="LT1854"
                    BASELINE="774 1364 2084 1330" 
                    HPOS="770"
                    VPOS="1243"
                    WIDTH="1314"
                    HEIGHT="157">
            <Shape><Polygon POINTS="774 1364 774 1400 1065 1380 1109 1390 1132 1397 1136 1397 1139 1397 1143 1397 1146 1397 1156 1390 1169 1377 1189 1387 1203 1394 1206 1394 1210 1394 1344 1380 1424 1374 1431 1377 1444 1387 1448 1387 1451 1387 1454 1387 1525 1374 1561 1367 1622 1370 1816 1380 1820 1380 1991 1357 2051 1370 2054 1370 2058 1370 2061 1370 2064 1370 2084 1354 2084 1330 2074 1263 1843 1263 1743 1243 1739 1243 1736 1243 1732 1243 1732 1246 1712 1263 1645 1246 1642 1246 1639 1246 1635 1246 1632 1246 1595 1270 1451 1260 1448 1260 1444 1260 1384 1276 1310 1253 1307 1253 1303 1253 1300 1253 1297 1253 1297 1256 1293 1256 1280 1273 1233 1256 1230 1256 1226 1256 1223 1256 1146 1283 1032 1260 1029 1260 770 1293 774 1364"/></Shape>
	    <String CONTENT="gueſclin ſeigneur ꝸe la mote"
                    HPOS="770"
                    VPOS="1243"
                    WIDTH="1314"
                    HEIGHT="157"></String>
          </TextLine>

          
          
          <TextLine ID="eSc_line_aad4afc9"
                    TAGREFS="LT1854"
                    BASELINE="780 1474 2081 1447" 
                    HPOS="777"
                    VPOS="1347"
                    WIDTH="1304"
                    HEIGHT="167">
            <Shape><Polygon POINTS="780 1474 780 1498 1263 1514 1267 1514 1444 1488 1518 1488 1538 1504 1538 1508 1541 1508 1545 1508 1548 1508 1551 1508 1555 1508 1588 1488 1783 1501 1786 1501 1924 1478 2051 1498 2054 1498 2058 1498 2061 1498 2061 1494 2081 1474 2081 1447 2074 1380 1917 1347 1913 1347 1910 1347 1907 1347 1860 1380 1820 1350 1816 1350 1813 1350 1753 1350 1749 1350 1746 1350 1743 1350 1743 1354 1719 1374 1662 1354 1659 1354 1655 1354 1652 1354 1649 1354 1649 1357 1625 1377 1598 1354 1595 1354 1592 1354 1588 1354 1528 1357 1525 1357 1521 1357 1521 1360 1488 1390 1240 1394 1156 1370 1153 1370 1149 1370 1146 1370 1092 1400 988 1400 948 1367 945 1367 941 1367 938 1367 935 1367 931 1367 884 1404 777 1404 780 1474"/></Shape>
	    <String CONTENT="de bꝛon ƃng foꝛt chaſtelet et bien"
                    HPOS="777"
                    VPOS="1347"
                    WIDTH="1304"
                    HEIGHT="167"></String>
          </TextLine>

          
          
          <TextLine ID="eSc_line_a349c012"
                    TAGREFS="LT1854"
                    BASELINE="784 1585 2084 1565" 
                    HPOS="780"
                    VPOS="1478"
                    WIDTH="1304"
                    HEIGHT="147">
            <Shape><Polygon POINTS="784 1585 784 1625 998 1622 1002 1622 1005 1622 1008 1618 1039 1602 1143 1615 1210 1622 1213 1622 1216 1622 1220 1622 1220 1618 1230 1612 1243 1598 1340 1608 1421 1615 1424 1615 1655 1598 1739 1592 1753 1595 1810 1612 1813 1612 1816 1612 1984 1588 2007 1605 2011 1605 2014 1605 2017 1605 2021 1605 2084 1581 2084 1565 2081 1498 2054 1478 2051 1478 2048 1478 2044 1478 2041 1478 1974 1498 1863 1478 1860 1478 1856 1478 1820 1494 1578 1484 1575 1484 1572 1484 1568 1484 1545 1508 1411 1508 1293 1488 1290 1488 1287 1488 1210 1511 1176 1491 1173 1491 1169 1491 1166 1491 988 1514 811 1494 807 1494 804 1494 801 1494 801 1498 780 1514 784 1585"/></Shape>
	    <String CONTENT="ſeans a ſix lieues ꝸe regnes le"
                    HPOS="780"
                    VPOS="1478"
                    WIDTH="1304"
                    HEIGHT="147"></String>
          </TextLine>

          
          
          <TextLine ID="eSc_line_d403a304"
                    TAGREFS="LT1854"
                    BASELINE="777 1705 2084 1675" 
                    HPOS="774"
                    VPOS="1581"
                    WIDTH="1310"
                    HEIGHT="168">
            <Shape><Polygon POINTS="777 1705 777 1729 891 1749 894 1749 898 1749 901 1749 931 1732 1206 1742 1210 1742 1213 1742 1287 1722 1350 1739 1354 1739 1357 1739 1360 1739 1364 1739 1394 1719 1498 1736 1501 1736 1505 1736 1508 1736 1535 1716 1903 1726 1907 1726 2084 1699 2084 1675 2078 1608 1957 1581 1954 1581 1950 1581 1897 1612 1863 1585 1860 1585 1856 1585 1779 1585 1776 1585 1712 1588 1709 1588 1706 1588 1672 1615 1672 1618 1572 1618 1568 1618 1535 1598 1531 1598 1528 1598 1525 1598 1521 1598 1518 1598 1484 1622 1481 1625 1280 1625 1213 1598 1210 1598 1206 1598 1203 1598 1132 1628 1109 1605 1109 1602 1106 1602 1102 1602 1055 1602 1052 1602 1049 1602 1045 1602 995 1632 992 1632 834 1608 831 1608 827 1608 774 1632 777 1705"/></Shape>
	    <String CONTENT="cheualier fut pꝛeudons loyal et"
                    HPOS="774"
                    VPOS="1581"
                    WIDTH="1310"
                    HEIGHT="168"></String>
          </TextLine>

          
          
          <TextLine ID="eSc_line_49769cea"
                    TAGREFS="LT1854"
                    BASELINE="784 1823 2078 1793" 
                    HPOS="780"
                    VPOS="1709"
                    WIDTH="1298"
                    HEIGHT="131">
            <Shape><Polygon POINTS="784 1823 784 1840 2078 1809 2078 1793 2068 1709 1203 1739 1199 1739 1149 1722 1146 1722 1143 1722 1139 1722 1062 1742 955 1726 951 1726 948 1726 898 1746 804 1729 801 1729 797 1729 794 1729 794 1732 780 1742 784 1823"/></Shape>
	    <String CONTENT="ꝸꝛoicturier enuers ꝸieu et le mõ"
                    HPOS="780"
                    VPOS="1709"
                    WIDTH="1298"
                    HEIGHT="131"></String>
          </TextLine>

          
          
          <TextLine ID="eSc_line_12384237"
                    TAGREFS="LT1854"
                    BASELINE="787 1933 2078 1903" 
                    HPOS="784"
                    VPOS="1816"
                    WIDTH="1294"
                    HEIGHT="154">
            <Shape><Polygon POINTS="787 1933 787 1957 915 1970 918 1970 1270 1947 1354 1964 1357 1964 1360 1964 1424 1947 1471 1970 1474 1970 1478 1970 1786 1964 1789 1964 1860 1933 2044 1947 2048 1947 2051 1947 2054 1947 2078 1927 2078 1903 2074 1840 2017 1816 2014 1816 2011 1816 1883 1840 1789 1819 1786 1819 1783 1819 1712 1843 1551 1833 1548 1833 1310 1853 1236 1833 1233 1833 1230 1833 1226 1833 1223 1833 1223 1836 1196 1860 1099 1860 1079 1840 1079 1836 1075 1836 1072 1836 1069 1836 784 1866 787 1933"/></Shape>
	    <String CONTENT="de renõme ꝸe grant ꝓueſſe et ꝸe"
                    HPOS="784"
                    VPOS="1816"
                    WIDTH="1294"
                    HEIGHT="154"></String>
          </TextLine>

          
          
          <TextLine ID="eSc_line_6292f9b7"
                    TAGREFS="LT1854"
                    BASELINE="777 2047 2074 2021" 
                    HPOS="774"
                    VPOS="1933"
                    WIDTH="1300"
                    HEIGHT="165">
            <Shape><Polygon POINTS="777 2047 777 2074 804 2094 807 2094 811 2094 814 2098 814 2094 1132 2067 1421 2084 1424 2084 1427 2084 1478 2064 1521 2078 1525 2078 1528 2078 1662 2057 1696 2078 1699 2078 1702 2078 1706 2078 1806 2054 1880 2074 1883 2074 1887 2074 1890 2074 1893 2074 1893 2071 1920 2051 2027 2064 2031 2064 2034 2064 2074 2044 2074 2021 2068 1957 1893 1933 1890 1933 1749 1960 1726 1964 1702 1960 1632 1950 1629 1950 1407 1967 1327 1970 1320 1967 1277 1947 1273 1947 1270 1947 1267 1947 1263 1947 1240 1967 1233 1974 1213 1970 1143 1950 1139 1950 1136 1950 1132 1950 1086 1970 1069 1977 1049 1970 995 1954 992 1954 988 1954 985 1954 931 1974 911 1980 894 1974 858 1957 854 1957 851 1957 774 1974 777 2047"/></Shape>
	    <String CONTENT="harꝸemẽt ¶Sur toute riens"
                    HPOS="774"
                    VPOS="1933"
                    WIDTH="1300"
                    HEIGHT="165"></String>
          </TextLine>

          
          
          <TextLine ID="eSc_line_3c426934"
                    TAGREFS="LT1854"
                    BASELINE="780 2165 2081 2138" 
                    HPOS="777"
                    VPOS="2054"
                    WIDTH="1304"
                    HEIGHT="151">
            <Shape><Polygon POINTS="780 2165 780 2185 888 2205 891 2205 894 2205 975 2185 1029 2202 1032 2202 1035 2202 1417 2195 1421 2195 1424 2195 1424 2191 1427 2191 1441 2175 2024 2181 2027 2181 2031 2181 2081 2158 2081 2138 2074 2078 1840 2078 1816 2054 1813 2054 1810 2054 1806 2054 1803 2054 1726 2074 1699 2054 1696 2054 1692 2054 1592 2054 1588 2054 1585 2054 1582 2054 1548 2084 1324 2088 1270 2061 1267 2061 1263 2061 1260 2061 1173 2088 1116 2064 1112 2064 1109 2064 1106 2064 1102 2064 1102 2067 1099 2067 1086 2084 1055 2067 1052 2067 1049 2067 1045 2067 1042 2067 1039 2067 1039 2071 1012 2098 918 2098 874 2071 871 2071 868 2071 864 2071 861 2071 777 2101 780 2165"/></Shape>
	    <String CONTENT="aimoit legliſe pour la reueren⸝"
                    HPOS="777"
                    VPOS="2054"
                    WIDTH="1304"
                    HEIGHT="151"></String>
          </TextLine>

          
          
          <TextLine ID="eSc_line_28169f69"
                    TAGREFS="LT1854"
                    BASELINE="780 2285 2078 2255" 
                    HPOS="777"
                    VPOS="2171"
                    WIDTH="1301"
                    HEIGHT="151">
            <Shape><Polygon POINTS="780 2285 780 2305 915 2319 918 2319 1032 2302 1106 2322 1109 2322 1112 2322 1116 2322 1189 2299 1350 2319 1354 2319 1357 2319 1421 2292 1602 2289 1756 2309 1759 2309 1763 2309 1833 2282 2024 2295 2027 2295 2031 2295 2078 2272 2078 2255 2071 2188 1820 2171 1816 2171 1813 2171 1810 2171 1773 2195 1454 2198 1354 2181 1350 2181 1347 2181 1303 2198 1086 2188 1082 2188 1079 2188 1035 2212 777 2215 780 2285"/></Shape>
	    <String CONTENT="ce ꝸe noſtre ſeigneur ꝸe qui tous"
                    HPOS="777"
                    VPOS="2171"
                    WIDTH="1301"
                    HEIGHT="151"></String>
          </TextLine>

          
          
          <TextLine ID="eSc_line_0fd8c80f"
                    TAGREFS="LT1854"
                    BASELINE="777 2399 2074 2369" 
                    HPOS="774"
                    VPOS="2279"
                    WIDTH="1300"
                    HEIGHT="140">
            <Shape><Polygon POINTS="777 2399 777 2419 2074 2393 2074 2369 2064 2302 1893 2305 1890 2305 1833 2279 1830 2279 1826 2279 1823 2279 1820 2279 1820 2282 1789 2305 1632 2295 1629 2295 1625 2295 1588 2312 1565 2289 1565 2285 1561 2285 1558 2285 1474 2285 1471 2285 1468 2285 1411 2316 1357 2302 1354 2302 1350 2302 1347 2302 1344 2302 1320 2319 1320 2322 1297 2322 1183 2322 1156 2299 1156 2295 1153 2295 1149 2295 1069 2295 1065 2295 1062 2295 1059 2295 1059 2299 1029 2326 801 2302 797 2302 794 2302 791 2302 791 2305 774 2319 777 2399"/></Shape>
	    <String CONTENT="biens ƃiennẽt. cõfoꝛtoit les po"
                    HPOS="774"
                    VPOS="2279"
                    WIDTH="1300"
                    HEIGHT="140"></String>
          </TextLine>

          
          
          <TextLine ID="eSc_line_5b5a2179"
                    TAGREFS="LT1854"
                    BASELINE="777 2510 2084 2490" 
                    HPOS="774"
                    VPOS="2396"
                    WIDTH="1310"
                    HEIGHT="154">
            <Shape><Polygon POINTS="777 2510 777 2533 791 2547 794 2547 797 2547 801 2550 962 2550 962 2547 965 2547 968 2547 998 2527 1156 2543 1159 2543 1330 2523 1384 2540 1387 2540 1391 2540 1649 2517 2004 2530 2007 2530 2011 2530 2084 2507 2084 2490 2081 2426 2031 2396 2027 2396 2024 2396 2021 2396 2017 2396 1920 2419 1799 2399 1796 2399 1793 2399 1789 2399 1789 2403 1763 2426 1716 2409 1712 2409 1709 2409 1706 2409 1642 2433 1605 2403 1602 2403 1598 2403 1595 2403 1592 2403 1548 2423 1471 2403 1468 2403 1464 2403 1461 2403 1458 2403 1458 2406 1437 2423 1370 2406 1367 2406 1364 2406 1360 2406 1357 2406 1357 2409 1327 2436 1153 2409 1149 2409 1146 2409 1143 2409 1143 2413 1116 2440 1082 2426 1079 2426 1075 2426 774 2446 777 2510"/></Shape>
	    <String CONTENT="ures et leur faiſoit aulmoſ⸝"
                    HPOS="774"
                    VPOS="2396"
                    WIDTH="1310"
                    HEIGHT="154"></String>
          </TextLine>

          
          
          <TextLine ID="eSc_line_74fa1739"
                    TAGREFS="LT1854"
                    BASELINE="777 2624 2084 2600" 
                    HPOS="774"
                    VPOS="2513"
                    WIDTH="1310"
                    HEIGHT="151">
            <Shape><Polygon POINTS="777 2624 777 2644 1146 2664 1149 2664 1525 2634 1870 2651 1873 2651 2084 2621 2084 2600 2078 2540 1826 2513 1823 2513 1820 2513 1816 2513 1783 2537 1769 2527 1769 2523 1766 2523 1763 2523 1605 2517 1602 2517 1598 2517 1515 2547 1437 2520 1434 2520 1431 2520 1427 2520 1424 2520 1384 2547 1256 2523 1253 2523 1250 2523 1246 2523 1199 2553 1082 2553 1008 2527 1005 2527 1002 2527 998 2527 995 2527 951 2560 774 2560 777 2624"/></Shape>
	    <String CONTENT="nes.bꝛay eſt q̃ ꝸe celluy cheua⸝"
                    HPOS="774"
                    VPOS="2513"
                    WIDTH="1310"
                    HEIGHT="151"></String>
          </TextLine>

          
          
          <TextLine ID="eSc_line_75f40579"
                    TAGREFS="LT1854"
                    BASELINE="774 2738 2084 2718" 
                    HPOS="770"
                    VPOS="2631"
                    WIDTH="1314"
                    HEIGHT="130">
            <Shape><Polygon POINTS="774 2738 774 2761 2081 2745 2084 2718 2078 2651 1903 2631 1900 2631 1897 2631 1893 2631 1893 2634 1873 2654 1867 2654 1793 2654 1786 2654 1672 2634 1669 2634 1665 2634 1605 2657 1602 2661 1347 2661 1313 2661 1250 2641 1246 2641 1243 2641 1240 2641 1236 2641 1236 2644 1216 2661 1159 2644 1156 2644 1153 2644 1149 2644 1146 2644 1116 2667 891 2667 871 2651 871 2647 868 2647 864 2647 794 2647 791 2647 787 2647 784 2647 770 2654 774 2738"/></Shape>
	    <String CONTENT="lier et de ſa femme qui moult de"
                    HPOS="770"
                    VPOS="2631"
                    WIDTH="1314"
                    HEIGHT="130"></String>
          </TextLine>

          
          
          <TextLine ID="eSc_line_f0c12264"
                    TAGREFS="LT1854"
                    BASELINE="780 2858 2081 2828" 
                    HPOS="777"
                    VPOS="2741"
                    WIDTH="1304"
                    HEIGHT="148">
            <Shape><Polygon POINTS="780 2858 780 2889 2078 2852 2081 2828 2071 2761 1907 2761 1853 2741 1850 2741 1846 2741 1719 2765 1649 2745 1645 2745 1642 2745 1488 2771 1357 2751 1354 2751 1350 2751 1263 2775 1159 2758 1156 2758 972 2781 925 2761 921 2761 918 2761 915 2761 911 2761 881 2785 817 2765 814 2765 811 2765 807 2765 804 2765 777 2781 780 2858"/></Shape>
	    <String CONTENT="ſaincte ƃie eſtoit et biẽ renõmee"
                    HPOS="777"
                    VPOS="2741"
                    WIDTH="1304"
                    HEIGHT="148"></String>
          </TextLine>

          
          
          <TextLine ID="eSc_line_b4136de4"
                    TAGREFS="LT1854"
                    BASELINE="774 2976 2078 2952" 
                    HPOS="770"
                    VPOS="2848"
                    WIDTH="1308"
                    HEIGHT="171">
            <Shape><Polygon POINTS="774 2976 774 3003 787 3016 791 3016 794 3016 797 3019 941 3019 941 3016 945 3016 988 2996 1005 3013 1008 3013 1012 3013 1015 3013 1210 2993 1327 3009 1330 3009 1518 2986 1887 2999 1890 2999 1893 2999 1964 2979 2058 2996 2061 2996 2064 2996 2068 2996 2068 2993 2071 2993 2078 2982 2078 2952 2061 2848 2021 2879 1903 2855 1877 2852 1873 2852 1806 2855 1803 2855 1799 2855 1799 2858 1796 2858 1776 2879 1746 2862 1736 2855 1732 2855 1729 2855 1726 2855 1722 2855 1689 2865 1612 2885 1551 2869 1508 2858 1505 2858 1501 2858 1498 2858 1494 2858 1478 2872 1468 2879 1461 2872 1451 2865 1451 2862 1448 2862 1444 2862 1360 2862 1357 2862 1354 2862 1324 2879 1297 2892 1260 2882 1206 2865 1203 2865 1199 2865 1196 2865 1193 2865 1193 2869 1176 2885 1166 2895 985 2895 978 2892 951 2869 948 2869 945 2869 941 2869 938 2869 935 2869 905 2895 898 2902 770 2902 774 2976"/></Shape>
	    <String CONTENT="en ſon pais. yſſirẽt trois filᴣ deſ"
                    HPOS="770"
                    VPOS="2848"
                    WIDTH="1308"
                    HEIGHT="171"></String>
          </TextLine>

          
          
          <TextLine ID="eSc_line_2b0133d7"
                    TAGREFS="LT1854"
                    BASELINE="774 3093 2081 3066" 
                    HPOS="770"
                    VPOS="2979"
                    WIDTH="1311"
                    HEIGHT="144">
            <Shape><Polygon POINTS="774 3093 774 3113 1256 3123 1260 3123 1263 3123 1267 3123 1290 3106 1732 3113 1736 3113 1739 3113 1793 3096 2044 3106 2048 3106 2051 3106 2054 3106 2081 3090 2081 3066 2071 2993 1789 2996 1759 2979 1756 2979 1753 2979 1749 2979 1317 3006 1263 2989 1260 2989 1256 2989 1253 2989 1213 3009 1153 2993 1149 2993 1146 2993 1025 3013 938 2996 935 2996 931 2996 928 2996 898 3019 770 3019 774 3093"/></Shape>
	    <String CONTENT="quelx lainſne eut nom Bertranꝸ"
                    HPOS="770"
                    VPOS="2979"
                    WIDTH="1311"
                    HEIGHT="144"></String>
          </TextLine>

          
          
          <TextLine ID="eSc_line_5285de64"
                    TAGREFS="LT1854"
                    BASELINE="777 3204 2088 3184" 
                    HPOS="774"
                    VPOS="3100"
                    WIDTH="1314"
                    HEIGHT="141">
            <Shape><Polygon POINTS="777 3204 777 3224 992 3241 995 3241 2088 3204 2088 3184 2081 3120 1960 3100 1957 3100 1588 3123 1448 3106 1444 3106 1441 3106 1397 3127 1273 3110 1270 3110 1267 3110 1206 3130 1139 3113 1136 3113 1132 3113 1129 3113 1126 3113 1126 3117 1109 3133 774 3137 777 3204"/></Shape>
	    <String CONTENT="ꝸont en ſes iourſ courut tant de"
                    HPOS="774"
                    VPOS="3100"
                    WIDTH="1314"
                    HEIGHT="141"></String>
          </TextLine>

          
          
          <TextLine ID="eSc_line_afadd4e1"
                    TAGREFS="LT1854"
                    BASELINE="774 3318 2084 3298" 
                    HPOS="770"
                    VPOS="3214"
                    WIDTH="1314"
                    HEIGHT="144">
            <Shape><Polygon POINTS="774 3318 774 3338 881 3358 884 3358 1649 3328 1860 3344 1863 3344 1867 3344 1870 3344 1870 3341 1887 3328 1997 3341 2001 3341 2004 3341 2084 3318 2084 3298 2078 3227 1887 3214 1883 3214 1880 3214 1843 3231 1833 3237 1558 3237 1545 3234 1498 3220 1494 3220 1491 3220 1401 3237 1377 3241 1337 3237 1179 3227 1176 3227 1173 3227 1169 3227 1169 3231 1156 3241 1153 3247 1005 3247 1002 3244 982 3227 978 3227 975 3227 972 3227 770 3247 774 3318"/></Shape>
	    <String CONTENT="renõmee par toute terre xpien⸝"
                    HPOS="770"
                    VPOS="3214"
                    WIDTH="1314"
                    HEIGHT="144"></String>
          </TextLine>

          
          
          <TextLine ID="eSc_line_830889dc"
                    TAGREFS="LT1854"
                    BASELINE="774 3432 2088 3415" 
                    HPOS="770"
                    VPOS="3324"
                    WIDTH="1318"
                    HEIGHT="144">
            <Shape><Polygon POINTS="774 3432 774 3455 1280 3468 1283 3468 1404 3448 1407 3448 1424 3462 1424 3465 1427 3465 1431 3465 1434 3468 1558 3468 1558 3465 1561 3465 1639 3445 1649 3445 1655 3445 1712 3458 1716 3458 2084 3438 2088 3415 2081 3351 1850 3324 1846 3324 1843 3324 1786 3351 1558 3328 1555 3328 1414 3331 1411 3331 1360 3355 1300 3331 1297 3331 1293 3331 1290 3331 1287 3331 1287 3334 1256 3361 1069 3361 1039 3334 1035 3334 1032 3334 1029 3334 1025 3334 1022 3334 975 3365 770 3365 774 3432"/></Shape>
	    <String CONTENT="ne et ſarraᴣine q̃  il fut craint et"
                    HPOS="770"
                    VPOS="3324"
                    WIDTH="1318"
                    HEIGHT="144"></String>
          </TextLine>

          
          
          <TextLine ID="eSc_line_d6e5fe50"
                    TAGREFS="LT1854"
                    BASELINE="774 3549 2088 3529" 
                    HPOS="770"
                    VPOS="3435"
                    WIDTH="1318"
                    HEIGHT="151">
            <Shape><Polygon POINTS="774 3549 774 3576 1384 3586 1387 3586 1391 3586 1394 3586 1417 3569 1417 3566 1719 3562 1732 3562 1860 3579 1863 3579 2084 3556 2088 3529 2084 3458 2044 3435 2041 3435 2037 3435 2034 3435 2031 3435 1950 3462 1853 3462 1796 3438 1793 3438 1789 3438 1786 3438 1783 3438 1749 3462 1632 3448 1629 3448 1625 3448 1588 3465 1474 3442 1471 3442 1468 3442 1464 3442 1424 3465 1404 3448 1404 3445 1401 3445 1397 3445 1394 3445 1391 3445 1300 3468 1246 3445 1243 3445 1240 3445 1236 3445 1233 3445 1196 3472 1039 3448 1035 3448 1032 3448 975 3475 905 3455 901 3455 898 3455 770 3479 774 3549"/></Shape>
	    <String CONTENT="reꝸoubte. Le ſecõꝸ eut nõ guil⸝"
                    HPOS="770"
                    VPOS="3435"
                    WIDTH="1318"
                    HEIGHT="151"></String>
          </TextLine>

          
          
          <TextLine ID="eSc_line_eb4bc549"
                    TAGREFS="LT1854"
                    BASELINE="774 3666 2084 3649" 
                    HPOS="770"
                    VPOS="3559"
                    WIDTH="1314"
                    HEIGHT="131">
            <Shape><Polygon POINTS="774 3666 774 3690 2081 3673 2084 3649 2078 3582 1880 3582 1823 3559 1820 3559 1816 3559 1813 3559 1756 3582 1384 3566 1380 3566 1377 3566 1374 3566 1357 3582 1303 3566 1300 3566 1297 3566 1293 3566 1290 3566 1260 3592 1096 3592 1035 3569 1032 3569 1029 3569 1025 3569 982 3592 797 3572 794 3572 791 3572 787 3572 787 3576 770 3589 774 3666"/></Shape>
	    <String CONTENT="lame q̃ moult ƃalut mais pou"
                    HPOS="770"
                    VPOS="3559"
                    WIDTH="1314"
                    HEIGHT="131"></String>
          </TextLine>

          
          
          <TextLine ID="eSc_line_78c234b9"
                    TAGREFS="LT1854"
                    BASELINE="774 3780 2088 3763" 
                    HPOS="770"
                    VPOS="3676"
                    WIDTH="1318"
                    HEIGHT="144">
            <Shape><Polygon POINTS="774 3780 774 3800 1012 3820 1015 3820 1018 3820 1065 3804 1236 3817 1240 3817 1243 3817 1246 3817 1267 3797 1575 3794 1930 3807 1934 3807 1937 3807 1940 3807 1957 3790 2024 3807 2027 3807 2031 3807 2034 3807 2088 3784 2088 3763 2078 3680 1494 3700 1484 3693 1468 3680 1468 3676 1464 3676 1461 3676 1458 3676 1454 3676 1417 3693 1310 3676 1307 3676 1303 3676 1300 3676 1300 3680 1297 3680 1283 3696 1186 3680 1183 3680 1179 3680 1176 3680 1149 3703 1146 3703 1049 3683 1045 3683 1042 3683 1039 3683 1039 3686 1035 3686 1018 3706 1012 3706 791 3683 787 3683 784 3683 780 3683 780 3686 777 3686 770 3693 774 3780"/></Shape>
	    <String CONTENT="ƃeſquit. Et le tiers eut nom oli"
                    HPOS="770"
                    VPOS="3676"
                    WIDTH="1318"
                    HEIGHT="144"></String>
          </TextLine>

          
          
          <TextLine ID="eSc_line_0557911b"
                    TAGREFS="LT1854"
                    BASELINE="777 3904 2084 3877" 
                    HPOS="774"
                    VPOS="3810"
                    WIDTH="1310"
                    HEIGHT="124">
            <Shape><Polygon POINTS="777 3904 777 3921 1086 3934 1089 3934 1092 3934 1132 3918 1411 3928 1414 3928 1595 3908 2058 3914 2061 3914 2064 3914 2068 3914 2084 3897 2084 3877 2078 3810 1102 3810 1099 3810 1096 3810 1092 3810 1092 3814 1089 3814 1079 3827 864 3817 861 3817 774 3834 777 3904"/></Shape>
	    <String CONTENT="uier qui oꝛes regne conte de lon"
                    HPOS="774"
                    VPOS="3810"
                    WIDTH="1310"
                    HEIGHT="124"></String>
          </TextLine>

          
          
          <TextLine ID="eSc_line_1559c2ae"
                    TAGREFS="LT1854"
                    BASELINE="777 4022 2088 3998" 
                    HPOS="774"
                    VPOS="3891"
                    WIDTH="1314"
                    HEIGHT="167">
            <Shape><Polygon POINTS="777 4022 777 4045 787 4055 787 4058 791 4058 794 4058 797 4058 1595 4028 1706 4045 1709 4045 1712 4045 1759 4025 1893 4042 1897 4042 2088 4015 2088 3998 2084 3921 2031 3901 2027 3901 2024 3901 2021 3901 1970 3921 1940 3894 1940 3891 1937 3891 1934 3891 1930 3891 1927 3891 1836 3924 1836 3928 1702 3931 1642 3931 1642 3928 1612 3901 1612 3897 1608 3897 1605 3897 1602 3897 1598 3897 1518 3931 1461 3901 1458 3901 1454 3901 1340 3918 1199 3904 1196 3904 1193 3904 1189 3904 1146 3934 1112 3908 1109 3908 1106 3908 1045 3908 1042 3908 1039 3908 1035 3908 995 3938 831 3924 827 3924 824 3924 774 3944 777 4022"/></Shape>
	    <String CONTENT="gueuille. A la haulte ꝓueſſe ꝸi"
                    HPOS="774"
                    VPOS="3891"
                    WIDTH="1314"
                    HEIGHT="167"></String>
          </TextLine>

          
          
          <TextLine ID="eSc_line_2ac62344"
                    TAGREFS="LT1854"
                    BASELINE="774 4129 2088 4112" 
                    HPOS="770"
                    VPOS="4032"
                    WIDTH="1318"
                    HEIGHT="137">
            <Shape><Polygon POINTS="774 4129 774 4152 1029 4169 1032 4169 1199 4149 1206 4149 1210 4149 1293 4166 1297 4166 1397 4146 1407 4146 1431 4146 1696 4159 1699 4159 1702 4159 1706 4159 1726 4142 1766 4159 1769 4159 1773 4159 1776 4159 1820 4139 1826 4139 1833 4139 1890 4156 1893 4156 1897 4156 2084 4135 2088 4112 2081 4045 1531 4035 1528 4035 1350 4052 1347 4052 1287 4032 1283 4032 1280 4032 1277 4032 1273 4032 1273 4035 1250 4055 1246 4055 1233 4055 1075 4035 1072 4035 1069 4035 1065 4035 1065 4038 1045 4055 871 4038 868 4038 770 4058 774 4129"/></Shape>
	    <String CONTENT="celluy.b.ne ſe peut nul compa⸝"
                    HPOS="770"
                    VPOS="4032"
                    WIDTH="1318"
                    HEIGHT="137"></String>
          </TextLine>

          
          
          <TextLine ID="eSc_line_5ec76115"
                    TAGREFS="LT1854"
                    BASELINE="777 4249 2088 4229" 
                    HPOS="774"
                    VPOS="4135"
                    WIDTH="1314"
                    HEIGHT="135">
            <Shape><Polygon POINTS="777 4249 777 4270 2084 4249 2088 4229 2081 4162 2017 4162 1994 4139 1994 4135 1991 4135 1987 4135 1984 4135 1980 4135 1907 4159 1793 4139 1789 4139 1786 4139 1783 4139 1783 4142 1759 4162 1565 4146 1561 4146 1558 4146 1555 4146 1555 4149 1541 4159 1521 4146 1518 4146 1515 4146 1511 4146 1397 4169 1243 4146 1240 4146 1236 4146 1233 4146 1199 4172 1069 4149 1065 4149 1062 4149 1059 4149 1059 4152 1035 4176 774 4179 777 4249"/></Shape>
	    <String CONTENT="rer en ſon ƃiuant dont charles"
                    HPOS="774"
                    VPOS="4135"
                    WIDTH="1314"
                    HEIGHT="135"></String>
          </TextLine>

          
          
          <TextLine ID="eSc_line_cf59752e"
                    TAGREFS="LT1854"
                    BASELINE="784 4357 2091 4343" 
                    HPOS="780"
                    VPOS="4263"
                    WIDTH="1311"
                    HEIGHT="137">
            <Shape><Polygon POINTS="784 4357 784 4383 1092 4400 1096 4400 1099 4400 1163 4380 1169 4380 1183 4380 1297 4394 1300 4394 1639 4377 1692 4394 1696 4394 1699 4394 1810 4373 1816 4373 1826 4373 2051 4390 2054 4390 2058 4390 2061 4390 2091 4370 2091 4343 2084 4280 1535 4263 1531 4263 1421 4283 1330 4266 1327 4266 1136 4283 1112 4266 1109 4266 1106 4266 1102 4266 1099 4266 1029 4290 780 4290 784 4357"/></Shape>
	    <String CONTENT="roy de france le retint ſon conne"
                    HPOS="780"
                    VPOS="4263"
                    WIDTH="1311"
                    HEIGHT="137"></String>
          </TextLine>

          
          
          <TextLine ID="eSc_line_97a9a029"
                    TAGREFS="LT1854"
                    BASELINE="780 4474 2094 4461" 
                    HPOS="777"
                    VPOS="4367"
                    WIDTH="1317"
                    HEIGHT="144">
            <Shape><Polygon POINTS="780 4474 780 4507 1716 4494 1756 4511 1759 4511 1763 4511 1766 4511 1769 4511 1803 4491 2054 4507 2058 4507 2061 4507 2064 4507 2094 4487 2094 4461 2088 4394 1813 4394 1766 4367 1763 4367 1759 4367 1756 4367 1753 4367 1716 4397 1431 4397 1357 4373 1354 4373 1350 4373 1347 4373 1280 4394 1173 4373 1169 4373 1166 4373 1163 4373 1163 4377 1139 4397 935 4377 931 4377 928 4377 881 4400 821 4377 817 4377 814 4377 811 4377 807 4377 777 4397 780 4474"/></Shape>
	    <String CONTENT="ſtable et chief de toutes ſes guer"
                    HPOS="777"
                    VPOS="4367"
                    WIDTH="1317"
                    HEIGHT="144"></String>
          </TextLine>

          
          
          <TextLine ID="eSc_line_2229dae1"
                    TAGREFS="LT1854"
                    BASELINE="774 4585 2091 4578" 
                    HPOS="770"
                    VPOS="4491"
                    WIDTH="1321"
                    HEIGHT="137">
            <Shape><Polygon POINTS="774 4585 774 4611 1092 4628 1096 4628 1099 4628 1102 4628 1122 4611 1263 4611 1317 4628 1320 4628 1324 4628 1327 4628 1330 4628 1330 4625 1347 4611 1424 4625 1427 4625 1612 4608 1629 4608 1632 4608 1665 4625 1669 4625 1672 4625 1675 4625 1679 4625 1679 4621 1692 4611 1716 4625 1719 4625 1722 4625 1726 4625 1826 4608 1846 4625 1850 4625 1853 4625 1856 4628 2041 4628 2041 4625 2044 4625 2091 4605 2091 4578 2084 4521 1934 4521 1890 4491 1887 4491 1883 4491 1880 4491 1877 4491 1873 4491 1830 4518 1776 4518 1749 4494 1749 4491 1746 4491 1743 4491 1625 4491 1622 4491 1618 4491 1531 4518 1488 4504 1484 4504 1481 4504 1273 4521 1206 4494 1203 4494 1199 4494 1196 4494 1126 4521 1099 4497 1099 4494 1096 4494 1092 4494 1015 4494 1012 4494 1008 4494 1005 4494 1005 4497 978 4524 770 4524 774 4585"/></Shape>
	    <String CONTENT="res. Mais pour ce q̃ les cheual"
                    HPOS="770"
                    VPOS="4491"
                    WIDTH="1321"
                    HEIGHT="137"></String>
          </TextLine>

          
          
          <TextLine ID="eSc_line_d6ba6318"
                    TAGREFS="LT1854"
                    BASELINE="777 4705 2088 4695" 
                    HPOS="774"
                    VPOS="4601"
                    WIDTH="1314"
                    HEIGHT="131">
            <Shape><Polygon POINTS="777 4705 777 4729 2081 4732 2088 4695 2074 4601 2031 4625 1736 4625 1702 4611 1672 4601 1669 4601 1665 4601 1595 4615 1551 4621 1525 4615 1484 4605 1481 4605 1478 4605 1474 4605 1471 4605 1458 4618 1451 4621 1448 4618 1434 4608 1434 4605 1431 4605 1427 4605 1350 4605 1347 4605 1236 4625 1206 4628 1193 4625 1149 4611 1146 4611 1143 4611 1139 4611 1136 4611 1136 4615 1122 4628 1119 4632 998 4632 891 4632 811 4608 807 4608 804 4608 801 4608 797 4608 774 4625 777 4705"/></Shape>
	    <String CONTENT="liers ꝸe ieuneſſe ꝸeſirẽt grandeſ"
                    HPOS="774"
                    VPOS="4601"
                    WIDTH="1314"
                    HEIGHT="131"></String>
          </TextLine>

          
          
          <TextLine ID="eSc_line_f19d937a"
                    TAGREFS="LT1854"
                    BASELINE="780 4823 2091 4809" 
                    HPOS="777"
                    VPOS="4715"
                    WIDTH="1314"
                    HEIGHT="144">
            <Shape><Polygon POINTS="780 4823 780 4846 791 4856 791 4859 794 4859 797 4859 801 4859 1223 4856 1226 4856 1230 4856 1250 4839 1370 4853 1374 4853 1377 4853 1437 4836 1756 4853 1759 4853 2054 4849 2058 4849 2061 4849 2091 4829 2091 4809 2084 4745 1974 4745 1940 4719 1937 4719 1934 4719 1930 4719 1813 4739 1763 4715 1759 4715 1756 4715 1642 4719 1639 4719 1635 4719 1635 4722 1608 4745 1558 4729 1555 4729 1551 4729 1387 4752 1062 4752 1035 4729 1035 4725 1032 4725 1029 4725 1025 4725 884 4745 827 4725 824 4725 821 4725 817 4725 814 4725 777 4749 780 4823"/></Shape>
	    <String CONTENT="ƃaillances ouyr et ƃolentiers"
                    HPOS="777"
                    VPOS="4715"
                    WIDTH="1314"
                    HEIGHT="144"></String>
          </TextLine>

          
          
          <TextLine ID="eSc_line_ecd56e67"
                    TAGREFS="LT1854"
                    BASELINE="780 4937 2088 4926" 
                    HPOS="777"
                    VPOS="4839"
                    WIDTH="1311"
                    HEIGHT="154">
            <Shape><Polygon POINTS="780 4937 780 4977 1153 4993 1156 4993 1159 4993 1163 4993 1163 4990 1179 4977 1437 4990 1441 4990 1444 4990 1481 4973 1729 4987 1732 4987 1833 4970 1934 4987 1937 4987 1940 4987 1994 4970 2048 4987 2051 4987 2054 4987 2058 4987 2061 4987 2088 4967 2088 4926 2084 4863 2034 4839 2031 4839 1917 4839 1913 4839 1910 4839 1907 4839 1907 4843 1883 4863 1763 4839 1759 4839 1649 4866 1642 4866 1639 4866 1545 4849 1541 4849 1387 4866 1364 4846 1364 4843 1360 4843 1357 4843 1297 4843 1293 4843 1290 4843 1287 4843 1250 4866 777 4873 780 4937"/></Shape>
	    <String CONTENT="racompter ¶Sont cy les faiᴣ"
                    HPOS="777"
                    VPOS="4839"
                    WIDTH="1311"
                    HEIGHT="154"></String>
          </TextLine>

          
        </TextBlock>
        
        <TextBlock HPOS="2196"
                   VPOS="889"
                   WIDTH="1370"
                   HEIGHT="4100"
                   ID="eSc_textblock_d7eaba97"
                   TAGREFS="BT5448">
          <Shape><Polygon POINTS="2196 889 2196 4989 3566 4989 3566 889"/></Shape>
          
          
          <TextLine ID="eSc_line_47ffcc92"
                    TAGREFS="LT1854"
                    BASELINE="2245 988 3539 1002" 
                    HPOS="2242"
                    VPOS="894"
                    WIDTH="1297"
                    HEIGHT="134">
            <Shape><Polygon POINTS="2245 988 2242 1012 2282 1028 2286 1028 2289 1028 3536 1025 3539 1002 3536 931 3023 928 3023 925 2999 904 2999 901 2996 901 2993 901 2989 901 2721 918 2694 898 2691 898 2688 898 2684 898 2681 898 2604 921 2597 921 2591 921 2513 894 2510 894 2507 894 2245 915 2245 988"/></Shape>
	    <String CONTENT="di celluy bertrand rementenez"
                    HPOS="2242"
                    VPOS="894"
                    WIDTH="1297"
                    HEIGHT="134"></String>
          </TextLine>

          
          
          <TextLine ID="eSc_line_3fbcab64"
                    TAGREFS="LT1854"
                    BASELINE="2249 1102 3542 1116" 
                    HPOS="2245"
                    VPOS="1008"
                    WIDTH="1297"
                    HEIGHT="151">
            <Shape><Polygon POINTS="2249 1102 2245 1126 2289 1149 2292 1149 2296 1149 2523 1129 2544 1129 2557 1129 2644 1149 2648 1149 2651 1149 2654 1149 2678 1132 2705 1152 2708 1152 2711 1152 2715 1152 2718 1152 2758 1136 2765 1132 2768 1136 2785 1152 2788 1152 2792 1152 2795 1152 2798 1152 2832 1136 2842 1132 2855 1139 2906 1156 2909 1156 2912 1156 3006 1142 3046 1136 3137 1146 3284 1159 3288 1159 3341 1149 3395 1139 3536 1152 3542 1116 3532 1018 3489 1042 3449 1018 3445 1018 3442 1018 3439 1018 3435 1018 3432 1018 3405 1039 3382 1022 3382 1018 3378 1018 3375 1018 3372 1018 3338 1018 3147 1039 3120 1022 3110 1015 3107 1015 3103 1015 3100 1015 3097 1015 3080 1022 3043 1039 3006 1022 2986 1015 2983 1015 2979 1015 2976 1015 2973 1015 2973 1018 2966 1025 2949 1039 2922 1025 2899 1012 2896 1012 2892 1012 2889 1012 2859 1025 2832 1035 2751 1035 2745 1025 2731 1015 2731 1012 2728 1012 2725 1012 2721 1012 2718 1012 2668 1025 2634 1035 2611 1025 2574 1012 2570 1012 2567 1012 2564 1012 2560 1012 2540 1028 2534 1032 2530 1028 2500 1008 2497 1008 2493 1008 2490 1008 2487 1008 2436 1028 2426 1032 2249 1032 2249 1102"/></Shape>
	    <String CONTENT="depuis le tẽps ꝸe ſa ieuneſſe iuſ"
                    HPOS="2245"
                    VPOS="1008"
                    WIDTH="1297"
                    HEIGHT="151"></String>
          </TextLine>

          
          
          <TextLine ID="eSc_line_8a25d35c"
                    TAGREFS="LT1854"
                    BASELINE="2242 1220 3549 1230" 
                    HPOS="2239"
                    VPOS="1126"
                    WIDTH="1310"
                    HEIGHT="150">
            <Shape><Polygon POINTS="2242 1220 2239 1256 2530 1246 2554 1260 2567 1270 2570 1270 2574 1270 2577 1270 2580 1270 2607 1260 2637 1246 2654 1260 2671 1270 2674 1270 2678 1270 2681 1270 2684 1270 2688 1270 2688 1266 2698 1256 2708 1250 2792 1250 2822 1256 2879 1273 2882 1273 2886 1273 2889 1273 2929 1256 2942 1250 2946 1256 2963 1270 2963 1273 2966 1273 2969 1273 2973 1276 3026 1276 3026 1273 3030 1273 3063 1256 3073 1250 3120 1253 3298 1276 3301 1276 3546 1250 3549 1230 3549 1159 3368 1132 3365 1132 3361 1132 3358 1132 3358 1136 3341 1149 3325 1136 3321 1136 3318 1136 3315 1136 3311 1136 3254 1156 3251 1156 3248 1156 3191 1132 3187 1132 3184 1132 3180 1132 3120 1156 3117 1156 3110 1156 3060 1129 3056 1129 3053 1129 2939 1152 2936 1152 2889 1129 2886 1129 2882 1129 2644 1149 2617 1129 2617 1126 2614 1126 2611 1126 2607 1126 2604 1126 2544 1149 2242 1149 2242 1220"/></Shape>
	    <String CONTENT="ques a ſon treſpaſſemẽt ſelõ ce"
                    HPOS="2239"
                    VPOS="1126"
                    WIDTH="1310"
                    HEIGHT="150"></String>
          </TextLine>

          
          
          <TextLine ID="eSc_line_64d8e94a"
                    TAGREFS="LT1854"
                    BASELINE="2255 1333 3549 1340" 
                    HPOS="2252"
                    VPOS="1243"
                    WIDTH="1297"
                    HEIGHT="144">
            <Shape><Polygon POINTS="2255 1333 2252 1360 2275 1380 2279 1380 2282 1380 2286 1380 2289 1380 2373 1360 2493 1380 2497 1380 2654 1360 2701 1380 2705 1380 2708 1380 2711 1380 2788 1360 2815 1380 2818 1380 2822 1380 2825 1380 2829 1380 2882 1364 2896 1380 2899 1380 2899 1384 2902 1384 2906 1384 2909 1384 3030 1364 3056 1384 3060 1384 3063 1384 3067 1387 3224 1387 3224 1384 3227 1384 3231 1384 3251 1364 3291 1384 3294 1384 3298 1384 3516 1380 3519 1380 3522 1380 3546 1360 3549 1340 3546 1276 3435 1276 3435 1273 3408 1250 3408 1246 3405 1246 3402 1246 3398 1246 3395 1246 3348 1266 3308 1246 3304 1246 3301 1246 3298 1246 3294 1246 3294 1250 3268 1273 3194 1250 3191 1250 3187 1250 3184 1250 3180 1250 3180 1253 3157 1273 3090 1246 3087 1246 3083 1246 3080 1246 3077 1246 3077 1250 3053 1273 3050 1276 2993 1276 2986 1273 2929 1246 2926 1246 2922 1246 2919 1246 2916 1246 2916 1250 2889 1270 2768 1243 2694 1243 2691 1243 2688 1243 2684 1243 2651 1270 2648 1270 2255 1270 2255 1333"/></Shape>
	    <String CONTENT="q̃ trouue eſt en ſes faiᴣ q̃ font"
                    HPOS="2252"
                    VPOS="1243"
                    WIDTH="1297"
                    HEIGHT="144"></String>
          </TextLine>

          
          
          <TextLine ID="eSc_line_b398a3d6"
                    TAGREFS="LT1854"
                    BASELINE="2239 1444 3579 1461" 
                    HPOS="2235"
                    VPOS="1354"
                    WIDTH="1344"
                    HEIGHT="154">
            <Shape><Polygon POINTS="2239 1444 2235 1468 2289 1494 2292 1494 2296 1494 2373 1478 2446 1494 2450 1494 2453 1494 2456 1494 2460 1494 2483 1474 2513 1498 2517 1498 2520 1498 2523 1498 2527 1498 2577 1474 2661 1474 2684 1494 2684 1498 2688 1498 2691 1498 2694 1498 2698 1498 2782 1478 2808 1501 2812 1501 2815 1501 2818 1501 2822 1501 2872 1478 3040 1478 3127 1504 3130 1504 3134 1508 3217 1508 3217 1504 3221 1504 3224 1504 3224 1501 3248 1481 3325 1508 3328 1508 3331 1508 3576 1481 3579 1461 3576 1394 3355 1367 3351 1367 3348 1367 3345 1367 3315 1390 3311 1390 3308 1390 3251 1364 3248 1364 3244 1364 3241 1364 3154 1387 3147 1387 2993 1387 2993 1384 2942 1360 2939 1360 2936 1360 2932 1360 2869 1384 2865 1384 2818 1360 2815 1360 2812 1360 2808 1360 2805 1360 2785 1377 2775 1360 2772 1360 2772 1357 2768 1357 2765 1357 2761 1357 2637 1380 2627 1380 2487 1380 2487 1377 2450 1354 2446 1354 2443 1354 2440 1354 2436 1354 2389 1374 2332 1354 2329 1354 2326 1354 2322 1354 2319 1354 2292 1377 2289 1377 2239 1377 2239 1444"/></Shape>
	    <String CONTENT="eſcriptᴣ es faiᴣ ꝸes royſ de frãce."
                    HPOS="2235"
                    VPOS="1354"
                    WIDTH="1344"
                    HEIGHT="154"></String>
          </TextLine>

          
          
          <TextLine ID="eSc_line_480dc8d0"
                    TAGREFS="LT1854"
                    BASELINE="2239 1561 3549 1575" 
                    HPOS="2235"
                    VPOS="1471"
                    WIDTH="1314"
                    HEIGHT="157">
            <Shape><Polygon POINTS="2239 1561 2235 1585 2322 1615 2326 1615 2329 1615 2332 1615 2336 1615 2359 1598 2383 1615 2383 1618 2386 1618 2389 1618 2393 1622 2510 1622 2510 1618 2513 1618 2567 1595 2594 1618 2594 1622 2597 1622 2601 1622 2604 1622 2607 1622 2661 1595 2932 1595 2966 1625 2969 1625 2973 1625 2976 1625 3284 1602 3328 1628 3331 1628 3335 1628 3338 1628 3546 1598 3549 1575 3546 1504 3472 1504 3472 1501 3449 1481 3445 1481 3442 1481 3439 1481 3435 1481 3432 1481 3412 1498 3395 1484 3395 1481 3392 1481 3388 1481 3385 1481 3382 1481 3341 1501 3338 1501 3140 1501 3140 1498 3090 1478 3087 1478 3083 1478 3080 1478 3077 1478 3050 1494 2993 1478 2989 1478 2986 1478 2983 1478 2979 1478 2979 1481 2963 1498 2862 1498 2725 1498 2715 1494 2564 1471 2560 1471 2557 1471 2523 1488 2386 1471 2383 1471 2379 1471 2376 1471 2349 1491 2299 1474 2296 1474 2292 1474 2289 1474 2239 1488 2239 1561"/></Shape>
	    <String CONTENT="en leſgliſe de monſeigneur ſaict"
                    HPOS="2235"
                    VPOS="1471"
                    WIDTH="1314"
                    HEIGHT="157"></String>
          </TextLine>

          
          
          <TextLine ID="eSc_line_a2316b21"
                    TAGREFS="LT1854"
                    BASELINE="2245 1685 2902 1675" 
                    HPOS="2242"
                    VPOS="1595"
                    WIDTH="660"
                    HEIGHT="154">
            <Shape><Polygon POINTS="2245 1685 2245 1749 2463 1729 2507 1736 2567 1749 2570 1749 2641 1742 2644 1742 2648 1742 2668 1726 2688 1712 2902 1712 2902 1675 2896 1615 2621 1595 2617 1595 2614 1595 2611 1595 2611 1598 2591 1615 2523 1602 2520 1602 2396 1618 2269 1598 2265 1598 2262 1598 2259 1598 2259 1602 2242 1615 2245 1685"/></Shape>
	    <String CONTENT="denis en france."
                    HPOS="2242"
                    VPOS="1595"
                    WIDTH="660"
                    HEIGHT="154"></String>
          </TextLine>

          
          
          <TextLine ID="eSc_line_55a4282c"
                    TAGREFS="LT1854"
                    BASELINE="2631 1793 3546 1803" 
                    HPOS="2627"
                    VPOS="1699"
                    WIDTH="919"
                    HEIGHT="154">
            <Shape><Polygon POINTS="2631 1793 2627 1813 3046 1819 3103 1846 3107 1846 3110 1846 3284 1830 3318 1850 3321 1850 3325 1850 3328 1853 3516 1853 3516 1850 3519 1850 3522 1850 3522 1846 3542 1823 3546 1803 3546 1729 3452 1705 3449 1705 3445 1705 3442 1705 3402 1722 3358 1705 3355 1705 3351 1705 3348 1705 3345 1705 3345 1709 3321 1729 3130 1729 3103 1705 3103 1702 3100 1702 3097 1702 3093 1702 2782 1722 2758 1702 2758 1699 2755 1699 2751 1699 2668 1699 2664 1699 2661 1699 2658 1699 2631 1716 2631 1793"/></Shape>
	    <String CONTENT="BErtranꝸ ꝸu gueſclin"
                    HPOS="2627"
                    VPOS="1699"
                    WIDTH="919"
                    HEIGHT="154"></String>
          </TextLine>

          
          
          <TextLine ID="eSc_line_7fcfd4c6"
                    TAGREFS="LT1854"
                    BASELINE="2342 1917 3532 1910" 
                    HPOS="2339"
                    VPOS="1819"
                    WIDTH="1193"
                    HEIGHT="141">
            <Shape><Polygon POINTS="2342 1917 2342 1933 2443 1950 2446 1950 2577 1937 2621 1933 2651 1937 2768 1960 2772 1960 2775 1960 2845 1940 2855 1937 2865 1940 2919 1960 2922 1960 2926 1960 2929 1960 2966 1943 3036 1957 3040 1957 3043 1957 3046 1957 3046 1954 3060 1940 3073 1930 3107 1940 3127 1947 3130 1947 3134 1947 3137 1947 3147 1943 3170 1930 3194 1943 3221 1957 3224 1957 3227 1957 3529 1943 3532 1910 3522 1836 3073 1846 3063 1843 3033 1819 3030 1819 3026 1819 2932 1819 2929 1819 2926 1819 2922 1819 2922 1823 2899 1843 2896 1846 2872 1843 2698 1823 2694 1823 2691 1823 2688 1823 2688 1826 2668 1846 2604 1850 2544 1850 2534 1850 2426 1823 2423 1823 2420 1823 2339 1850 2342 1917"/></Shape>
	    <String CONTENT="ainſne filᴣ de regnauꝸ"
                    HPOS="2339"
                    VPOS="1819"
                    WIDTH="1193"
                    HEIGHT="141"></String>
          </TextLine>

          
          
          <TextLine ID="eSc_line_aeccc719"
                    TAGREFS="LT1854"
                    BASELINE="2554 2031 3529 2031" 
                    HPOS="2554"
                    VPOS="1933"
                    WIDTH="975"
                    HEIGHT="145">
            <Shape><Polygon POINTS="2554 2064 2792 2074 2795 2074 2798 2074 2842 2064 2862 2057 2882 2061 2922 2074 2926 2074 2929 2074 3010 2061 3030 2057 3036 2061 3050 2074 3053 2074 3056 2074 3060 2078 3221 2078 3221 2074 3365 2057 3375 2057 3378 2057 3422 2074 3425 2074 3429 2074 3529 2054 3529 2031 3529 1967 3241 1964 3234 1957 3214 1937 3214 1933 3211 1933 3207 1933 3154 1933 3150 1933 3147 1933 3144 1933 3113 1950 3093 1964 3056 1950 3013 1933 3010 1933 2916 1933 2912 1933 2909 1933 2906 1933 2889 1943 2859 1964 2741 1964 2684 1937 2674 1933 2671 1933 2668 1933 2664 1933 2658 1937 2611 1954 2557 1933 2554 2031 2554 2064"/></Shape>
	    <String CONTENT="ꝸu gueſclin.fut de mo"
                    HPOS="2554"
                    VPOS="1933"
                    WIDTH="975"
                    HEIGHT="145"></String>
          </TextLine>

          
          
          <TextLine ID="eSc_line_d882a8ba"
                    TAGREFS="LT1854"
                    BASELINE="2175 2138 3536 2145" 
                    HPOS="2172"
                    VPOS="2047"
                    WIDTH="1364"
                    HEIGHT="141">
            <Shape><Polygon POINTS="2172 2171 2969 2171 2999 2188 3003 2188 3006 2188 3010 2188 3204 2171 3455 2188 3459 2188 3462 2188 3532 2168 3536 2145 3536 2078 3512 2054 3512 2051 3509 2051 3506 2051 3502 2051 3499 2051 3442 2074 3261 2051 3258 2051 3254 2051 3207 2074 3144 2057 3140 2057 3137 2057 3134 2057 3103 2074 3070 2051 3067 2051 3063 2051 2932 2051 2929 2051 2926 2051 2922 2051 2892 2074 2859 2047 2855 2047 2852 2047 2849 2047 2845 2047 2798 2071 2517 2047 2513 2047 2510 2047 2507 2047 2507 2051 2483 2074 2175 2074 2175 2138"/></Shape>
	    <String CONTENT="yenne ſtature.le biſaige ᵷꝛun le"
                    HPOS="2172"
                    VPOS="2047"
                    WIDTH="1364"
                    HEIGHT="141"></String>
          </TextLine>

          
          
          <TextLine ID="eSc_line_74831cb0"
                    TAGREFS="LT1854"
                    BASELINE="2245 2248 3536 2259" 
                    HPOS="2242"
                    VPOS="2168"
                    WIDTH="1294"
                    HEIGHT="134">
            <Shape><Polygon POINTS="2245 2248 2242 2272 2319 2295 2322 2295 2326 2295 2413 2279 3080 2299 3083 2299 3087 2299 3090 2299 3090 2295 3103 2282 3154 2302 3157 2302 3160 2302 3164 2302 3217 2285 3278 2302 3281 2302 3284 2302 3532 2282 3536 2259 3532 2195 3351 2171 3348 2171 3345 2171 3341 2171 3341 2175 3321 2191 3318 2198 3268 2198 3241 2191 3103 2168 3100 2168 2906 2191 2879 2195 2825 2195 2822 2188 2802 2171 2802 2168 2798 2168 2795 2168 2792 2168 2788 2168 2731 2188 2721 2191 2245 2188 2245 2248"/></Shape>
	    <String CONTENT="neᴣ camus.les yeulx ᵷers.lar⸝"
                    HPOS="2242"
                    VPOS="2168"
                    WIDTH="1294"
                    HEIGHT="134"></String>
          </TextLine>

          
          
          <TextLine ID="eSc_line_b1aa9c53"
                    TAGREFS="LT1854"
                    BASELINE="2229 2383 3539 2369" 
                    HPOS="2225"
                    VPOS="2282"
                    WIDTH="1314"
                    HEIGHT="147">
            <Shape><Polygon POINTS="2229 2383 2229 2429 2292 2429 2296 2429 2299 2429 2299 2426 2322 2406 2487 2426 2520 2429 2523 2429 2527 2429 2530 2429 2530 2426 2534 2426 2557 2403 2839 2403 2859 2416 2869 2423 2872 2423 2875 2423 2879 2426 3016 2426 3016 2423 3020 2423 3023 2423 3043 2409 3056 2403 3077 2409 3127 2423 3130 2423 3134 2423 3217 2403 3254 2396 3281 2403 3345 2419 3348 2419 3351 2419 3516 2416 3519 2416 3522 2416 3522 2413 3539 2393 3539 2369 3529 2289 3150 2305 3123 2295 3083 2282 3080 2282 3077 2282 3073 2282 3070 2282 3070 2285 3056 2299 3046 2309 2886 2309 2872 2302 2818 2285 2815 2285 2812 2285 2808 2285 2805 2285 2805 2289 2785 2305 2778 2309 2758 2305 2654 2285 2651 2285 2648 2285 2554 2309 2540 2312 2530 2309 2460 2289 2456 2289 2453 2289 2225 2316 2229 2383"/></Shape>
	    <String CONTENT="ge deſpaules.longᴣ ᵷꝛas.et peti"
                    HPOS="2225"
                    VPOS="2282"
                    WIDTH="1314"
                    HEIGHT="147"></String>
          </TextLine>

          
          
          <TextLine ID="eSc_line_9f43e4e7"
                    TAGREFS="LT1854"
                    BASELINE="2245 2483 3536 2493" 
                    HPOS="2242"
                    VPOS="2403"
                    WIDTH="1294"
                    HEIGHT="130">
            <Shape><Polygon POINTS="2245 2483 2242 2503 2346 2527 2349 2527 2353 2527 2386 2510 2403 2527 2406 2527 2410 2527 2413 2527 2637 2510 2795 2530 2798 2530 3134 2517 3191 2533 3194 2533 3197 2533 3532 2513 3536 2493 3529 2429 3378 2429 3372 2426 3355 2413 3351 2413 3348 2413 3345 2413 3184 2426 3130 2429 3100 2426 2983 2406 2979 2406 2976 2406 2922 2426 2916 2426 2892 2406 2889 2406 2886 2406 2785 2406 2782 2406 2778 2406 2711 2423 2698 2426 2684 2423 2604 2403 2601 2403 2597 2403 2510 2423 2503 2423 2245 2423 2245 2483"/></Shape>
	    <String CONTENT="tes mains. Mais pource que"
                    HPOS="2242"
                    VPOS="2403"
                    WIDTH="1294"
                    HEIGHT="130"></String>
          </TextLine>

          
          
          <TextLine ID="eSc_line_40f50fce"
                    TAGREFS="LT1854"
                    BASELINE="2245 2604 3536 2604" 
                    HPOS="2245"
                    VPOS="2517"
                    WIDTH="1291"
                    HEIGHT="114">
            <Shape><Polygon POINTS="2245 2604 2245 2631 3536 2631 3536 2604 3536 2540 3268 2517 3264 2517 3261 2517 3258 2517 3258 2520 3237 2537 3170 2520 3167 2520 3164 2520 3160 2520 3157 2520 3134 2537 3050 2517 3046 2517 3043 2517 3040 2517 3036 2517 2999 2540 2896 2540 2832 2517 2829 2517 2825 2517 2718 2537 2698 2520 2698 2517 2694 2517 2691 2517 2607 2517 2604 2517 2363 2537 2286 2517 2282 2517 2279 2517 2275 2517 2272 2517 2245 2533 2245 2604"/></Shape>
	    <String CONTENT="ꝸe grant ᵷeaulte neſtoit il pas"
                    HPOS="2245"
                    VPOS="2517"
                    WIDTH="1291"
                    HEIGHT="114"></String>
          </TextLine>

          
          
          <TextLine ID="eSc_line_95ab4909"
                    TAGREFS="LT1854"
                    BASELINE="2242 2728 3539 2714" 
                    HPOS="2239"
                    VPOS="2624"
                    WIDTH="1300"
                    HEIGHT="151">
            <Shape><Polygon POINTS="2242 2728 2242 2761 2255 2775 2259 2775 2262 2775 2265 2775 2269 2775 2272 2775 2306 2755 2463 2775 2467 2775 2470 2775 2527 2755 2594 2771 2597 2771 2601 2771 2604 2771 2607 2771 2607 2768 2611 2768 2624 2751 2631 2751 2855 2771 2859 2771 2862 2771 2865 2771 2865 2768 2889 2751 2892 2748 2899 2748 2979 2768 2983 2768 3087 2748 3093 2748 3103 2748 3187 2765 3191 2765 3536 2745 3539 2714 3529 2647 3435 2647 3432 2647 3405 2624 3402 2624 3398 2624 3395 2624 3392 2624 3321 2647 3318 2651 3177 2651 3174 2651 3144 2627 3140 2627 3137 2627 3134 2627 3130 2627 3087 2651 3083 2651 3033 2627 3030 2627 3026 2627 3023 2627 3020 2627 3020 2631 2999 2647 2758 2631 2755 2631 2751 2631 2688 2654 2684 2654 2621 2637 2617 2637 2614 2637 2520 2651 2446 2634 2443 2634 2440 2634 2436 2634 2396 2654 2332 2634 2329 2634 2326 2634 2322 2634 2239 2654 2242 2728"/></Shape>
	    <String CONTENT="plei fut pou pſe enſa ieuneſſe.et"
                    HPOS="2239"
                    VPOS="2624"
                    WIDTH="1300"
                    HEIGHT="151"></String>
          </TextLine>

          
          
          <TextLine ID="eSc_line_fee520b6"
                    TAGREFS="LT1854"
                    BASELINE="2252 2842 3539 2832" 
                    HPOS="2249"
                    VPOS="2745"
                    WIDTH="1290"
                    HEIGHT="137">
            <Shape><Polygon POINTS="2252 2842 2252 2872 2560 2865 2584 2869 2674 2882 2678 2882 2681 2882 2735 2865 2751 2862 2808 2865 3006 2875 3010 2875 3191 2858 3207 2872 3207 2875 3211 2875 3214 2875 3217 2879 3502 2879 3502 2875 3506 2875 3509 2875 3539 2855 3539 2832 3532 2771 3388 2748 3385 2748 3382 2748 3378 2748 3378 2751 3358 2768 3157 2755 3154 2755 3150 2755 3093 2771 3063 2745 3060 2745 3056 2745 3053 2745 3050 2745 3046 2745 3016 2768 2942 2745 2939 2745 2936 2745 2932 2745 2845 2771 2795 2745 2792 2745 2788 2745 2785 2745 2748 2761 2681 2745 2678 2745 2674 2745 2353 2771 2292 2748 2289 2748 2286 2748 2282 2748 2279 2748 2249 2771 2252 2842"/></Shape>
	    <String CONTENT="ſouuenteſſois aꝸuient que len⸝"
                    HPOS="2249"
                    VPOS="2745"
                    WIDTH="1290"
                    HEIGHT="137"></String>
          </TextLine>

          
          
          <TextLine ID="eSc_line_68db357a"
                    TAGREFS="LT1854"
                    BASELINE="2252 2956 3536 2956" 
                    HPOS="2252"
                    VPOS="2865"
                    WIDTH="1284"
                    HEIGHT="138">
            <Shape><Polygon POINTS="2252 2956 2252 2993 2564 2982 2580 2989 2597 3003 2601 3003 2604 3003 2607 3003 2674 2989 2708 2982 2718 2989 2735 3003 2738 3003 2741 3003 2745 3003 2748 3003 2798 2989 2818 2982 2835 2989 2872 3003 2875 3003 2879 3003 2969 2986 2996 2982 3016 2986 3113 3003 3117 3003 3120 3003 3194 2982 3204 2982 3227 2982 3482 3003 3486 3003 3489 3003 3536 2979 3536 2956 3536 2882 3516 2865 3512 2865 3509 2865 3442 2865 3439 2865 3435 2865 3432 2865 3432 2869 3412 2889 3274 2889 3231 2865 3227 2865 3224 2865 3221 2865 3160 2885 3100 2865 3097 2865 3093 2865 3090 2865 3087 2865 3087 2869 3067 2889 2936 2889 2916 2869 2916 2865 2912 2865 2909 2865 2832 2865 2829 2865 2691 2885 2614 2865 2611 2865 2607 2865 2604 2865 2560 2889 2359 2889 2292 2865 2289 2865 2286 2865 2282 2865 2279 2865 2252 2882 2252 2956"/></Shape>
	    <String CONTENT="fant mois pꝛiſe en ſa ieuneſſe"
                    HPOS="2252"
                    VPOS="2865"
                    WIDTH="1284"
                    HEIGHT="138"></String>
          </TextLine>

          
          
          <TextLine ID="eSc_line_d6045ff9"
                    TAGREFS="LT1854"
                    BASELINE="2249 3070 3539 3070" 
                    HPOS="2249"
                    VPOS="2982"
                    WIDTH="1290"
                    HEIGHT="121">
            <Shape><Polygon POINTS="2249 3070 2249 3093 3536 3103 3539 3070 3539 3006 3378 2982 3375 2982 3372 2982 3368 2982 3335 3006 3241 3006 3154 2982 3150 2982 3147 2982 3144 2982 3080 3003 2986 2982 2983 2982 2875 3003 2818 2982 2815 2982 2812 2982 2808 2982 2731 3003 2668 2982 2664 2982 2661 2982 2658 2982 2654 2982 2654 2986 2634 3006 2517 3006 2456 2982 2453 2982 2450 2982 2446 2982 2443 2982 2443 2986 2423 3006 2249 3006 2249 3070"/></Shape>
	    <String CONTENT="recoit en ſes iourſ auãcemẽt et"
                    HPOS="2249"
                    VPOS="2982"
                    WIDTH="1290"
                    HEIGHT="121"></String>
          </TextLine>

          
          
          <TextLine ID="eSc_line_b6d9b068"
                    TAGREFS="LT1854"
                    BASELINE="2239 3190 3536 3180" 
                    HPOS="2235"
                    VPOS="3083"
                    WIDTH="1301"
                    HEIGHT="154">
            <Shape><Polygon POINTS="2239 3190 2242 3237 2326 3214 2507 3214 2540 3231 2554 3237 2557 3237 2560 3237 2564 3237 2567 3237 2567 3234 2574 3231 2591 3214 2775 3224 2976 3234 2979 3234 2983 3234 3020 3217 3033 3210 3097 3214 3227 3224 3231 3224 3234 3224 3274 3210 3284 3207 3298 3210 3408 3231 3412 3231 3509 3227 3512 3227 3516 3227 3536 3207 3536 3180 3526 3110 3264 3110 3258 3110 3093 3083 3090 3083 2892 3086 2889 3086 2832 3113 2818 3113 2527 3090 2523 3090 2520 3090 2517 3090 2517 3093 2497 3113 2235 3117 2239 3190"/></Shape>
	    <String CONTENT="grant hõneur (I-enlum)l aꝸvit a (u)ne"
                    HPOS="2235"
                    VPOS="3083"
                    WIDTH="1301"
                    HEIGHT="154"></String>
          </TextLine>

          
          
          <TextLine ID="eSc_line_954a10fd"
                    TAGREFS="LT1854"
                    BASELINE="2249 3301 3536 3301" 
                    HPOS="2249"
                    VPOS="3214"
                    WIDTH="1287"
                    HEIGHT="127">
            <Shape><Polygon POINTS="2249 3301 2249 3341 3536 3328 3536 3301 3536 3241 3294 3241 3264 3214 3261 3214 3258 3214 3254 3214 3251 3214 3187 3237 2785 3237 2668 3214 2664 3214 2661 3214 2580 3237 2507 3214 2503 3214 2500 3214 2497 3214 2446 3237 2420 3214 2416 3214 2413 3214 2282 3214 2279 3214 2275 3214 2272 3214 2249 3231 2249 3301"/></Shape>
	    <String CONTENT="feſte ꝸe aſencion que a la mote"
                    HPOS="2249"
                    VPOS="3214"
                    WIDTH="1287"
                    HEIGHT="127"></String>
          </TextLine>

          
          
          <TextLine ID="eSc_line_f262a933"
                    TAGREFS="LT1854"
                    BASELINE="2252 3422 3532 3415" 
                    HPOS="2249"
                    VPOS="3328"
                    WIDTH="1283"
                    HEIGHT="120">
            <Shape><Polygon POINTS="2252 3422 2252 3445 3526 3448 3532 3415 3516 3331 3489 3351 3345 3351 3315 3334 3294 3328 3291 3328 3288 3328 3284 3328 3261 3338 3234 3351 2956 3351 2865 3344 2601 3331 2597 3331 2594 3331 2591 3331 2591 3334 2574 3351 2570 3355 2450 3355 2450 3351 2366 3331 2363 3331 2359 3331 2249 3355 2252 3422"/></Shape>
	    <String CONTENT="de ᵷꝛon (v)int (u)ne conuerſe qui"
                    HPOS="2249"
                    VPOS="3328"
                    WIDTH="1283"
                    HEIGHT="120"></String>
          </TextLine>

          
          
          <TextLine ID="eSc_line_67b11527"
                    TAGREFS="LT1854"
                    BASELINE="2242 3532 3536 3532" 
                    HPOS="2242"
                    VPOS="3445"
                    WIDTH="1294"
                    HEIGHT="134">
            <Shape><Polygon POINTS="2242 3532 2242 3556 2336 3576 2339 3576 2751 3559 2792 3579 2795 3579 2798 3579 2802 3579 2889 3559 2999 3559 3023 3579 3026 3579 3030 3579 3033 3579 3036 3579 3103 3562 3388 3579 3392 3579 3536 3556 3536 3532 3536 3468 3331 3468 3261 3445 3258 3445 3254 3445 3251 3445 3248 3445 3221 3465 3174 3445 3170 3445 3167 3445 3164 3445 3160 3445 3160 3448 3140 3465 3053 3445 3050 3445 3046 3445 3003 3468 2896 3468 2802 3445 2798 3445 2795 3445 2745 3465 2691 3445 2688 3445 2684 3445 2681 3445 2678 3445 2678 3448 2658 3468 2356 3468 2272 3445 2269 3445 2265 3445 2262 3445 2259 3445 2242 3458 2242 3532"/></Shape>
	    <String CONTENT="ieune auoit eſte et eſtoit ꝸe grãt"
                    HPOS="2242"
                    VPOS="3445"
                    WIDTH="1294"
                    HEIGHT="134"></String>
          </TextLine>

          
          
          <TextLine ID="eSc_line_740bad75"
                    TAGREFS="LT1854"
                    BASELINE="2249 3653 3539 3643" 
                    HPOS="2245"
                    VPOS="3549"
                    WIDTH="1294"
                    HEIGHT="141">
            <Shape><Polygon POINTS="2249 3653 2249 3690 3512 3690 3512 3686 3516 3686 3519 3686 3539 3666 3539 3643 3536 3582 3486 3559 3482 3559 3479 3559 3475 3559 3472 3559 3472 3562 3452 3582 3170 3582 3120 3549 3117 3549 3113 3549 3110 3549 3107 3549 3103 3549 3067 3579 2909 3582 2842 3552 2839 3552 2674 3552 2671 3552 2668 3552 2594 3586 2282 3556 2279 3556 2275 3556 2272 3556 2272 3559 2245 3582 2249 3653"/></Shape>
	    <String CONTENT="ſcience. (E)elle cõuerſe reparoit"
                    HPOS="2245"
                    VPOS="3549"
                    WIDTH="1294"
                    HEIGHT="141"></String>
          </TextLine>

          
          
          <TextLine ID="eSc_line_d7839b83"
                    TAGREFS="LT1854"
                    BASELINE="2249 3770 3526 3760" 
                    HPOS="2245"
                    VPOS="3670"
                    WIDTH="1281"
                    HEIGHT="140">
            <Shape><Polygon POINTS="2249 3770 2249 3807 2607 3794 2654 3807 2664 3810 2668 3810 2671 3810 2674 3810 2678 3810 2681 3807 2711 3790 3053 3807 3093 3807 3097 3807 3100 3807 3103 3807 3137 3787 3519 3804 3526 3760 3519 3693 3341 3670 3338 3670 3335 3670 3331 3670 3331 3673 3311 3693 3177 3693 3120 3670 3117 3670 3113 3670 3110 3670 3063 3693 2993 3673 2989 3673 2728 3673 2725 3673 2721 3673 2648 3700 2346 3700 2289 3676 2286 3676 2282 3676 2279 3676 2275 3676 2245 3693 2249 3770"/></Shape>
	    <String CONTENT="ſouuent en loſtel ꝸu ſire de ᵷꝛon"
                    HPOS="2245"
                    VPOS="3670"
                    WIDTH="1281"
                    HEIGHT="140"></String>
          </TextLine>

          
          
          <TextLine ID="eSc_line_7b2f8371"
                    TAGREFS="LT1854"
                    BASELINE="2239 3884 3532 3884" 
                    HPOS="2239"
                    VPOS="3790"
                    WIDTH="1293"
                    HEIGHT="118">
            <Shape><Polygon POINTS="2239 3884 2239 3904 3529 3908 3532 3884 3532 3820 3479 3820 3452 3794 3452 3790 3449 3790 3445 3790 3442 3790 3439 3790 3361 3820 3137 3820 3103 3790 3100 3790 3097 3790 3093 3790 3090 3790 3033 3807 2966 3790 2963 3790 2959 3790 2956 3790 2906 3810 2792 3794 2788 3794 2785 3794 2711 3817 2601 3817 2577 3794 2577 3790 2574 3790 2570 3790 2567 3790 2480 3807 2386 3790 2383 3790 2239 3817 2239 3884"/></Shape>
	    <String CONTENT="qui ꝸeᵷonnairemẽt la receuoit."
                    HPOS="2239"
                    VPOS="3790"
                    WIDTH="1293"
                    HEIGHT="118"></String>
          </TextLine>

          
          
          <TextLine ID="eSc_line_483dc83d"
                    TAGREFS="LT1854"
                    BASELINE="2242 3998 3526 3991" 
                    HPOS="2239"
                    VPOS="3901"
                    WIDTH="1287"
                    HEIGHT="141">
            <Shape><Polygon POINTS="2242 3998 2242 4025 2389 4025 2406 4038 2406 4042 2410 4042 2413 4042 2416 4042 2420 4042 2473 4025 2490 4022 2567 4025 2802 4042 2805 4042 2865 4028 2906 4018 2942 4028 2976 4038 2979 4038 2983 4038 3083 4028 3211 4018 3264 4032 3294 4038 3298 4038 3301 4038 3341 4032 3415 4018 3519 4032 3526 3991 3519 3931 3402 3931 3368 3901 3365 3901 3361 3901 3358 3901 3355 3901 3351 3901 3308 3931 3217 3931 3170 3904 3167 3904 3164 3904 3160 3904 3157 3904 3130 3924 3006 3901 3003 3901 2999 3901 2926 3928 2886 3901 2882 3901 2879 3901 2875 3901 2818 3904 2815 3904 2812 3904 2812 3908 2788 3928 2755 3904 2751 3904 2748 3904 2745 3904 2587 3931 2554 3904 2550 3904 2547 3904 2544 3904 2540 3904 2537 3904 2500 3928 2436 3904 2433 3904 2430 3904 2426 3904 2423 3904 2423 3908 2399 3928 2326 3914 2322 3914 2319 3914 2239 3934 2242 3998"/></Shape>
	    <String CONTENT="et a ſe iour la fit aſſeoir a ſa ta"
                    HPOS="2239"
                    VPOS="3901"
                    WIDTH="1287"
                    HEIGHT="141"></String>
          </TextLine>

          
          
          <TextLine ID="eSc_line_96da277a"
                    TAGREFS="LT1854"
                    BASELINE="2239 4119 3536 4112" 
                    HPOS="2235"
                    VPOS="4011"
                    WIDTH="1301"
                    HEIGHT="145">
            <Shape><Polygon POINTS="2239 4119 2239 4142 3502 4156 3506 4156 3509 4156 3512 4156 3536 4135 3536 4112 3532 4045 3475 4018 3472 4018 3469 4018 3465 4018 3462 4018 3462 4022 3435 4045 3144 4045 3093 4011 3090 4011 3087 4011 3083 4011 3080 4011 3077 4011 3040 4042 2976 4015 2973 4015 2969 4015 2966 4015 2886 4045 2698 4045 2678 4028 2678 4025 2674 4025 2671 4025 2668 4025 2664 4025 2637 4038 2591 4015 2587 4015 2450 4015 2446 4015 2443 4015 2386 4045 2356 4018 2356 4015 2353 4015 2349 4015 2279 4015 2275 4015 2272 4015 2269 4015 2235 4038 2239 4119"/></Shape>
	    <String CONTENT="ᵷle ¶Si regarꝸa la conuerſe"
                    HPOS="2235"
                    VPOS="4011"
                    WIDTH="1301"
                    HEIGHT="145"></String>
          </TextLine>

          
          
          <TextLine ID="eSc_line_8b2dca9f"
                    TAGREFS="LT1854"
                    BASELINE="2235 4236 3536 4229" 
                    HPOS="2232"
                    VPOS="4132"
                    WIDTH="1304"
                    HEIGHT="144">
            <Shape><Polygon POINTS="2235 4236 2235 4256 2275 4276 2279 4276 2282 4276 2286 4276 2373 4256 2795 4256 2812 4273 2812 4276 2815 4276 2818 4276 2822 4276 2909 4256 2936 4253 3147 4253 3157 4259 3174 4273 3177 4273 3180 4273 3184 4273 3536 4259 3536 4229 3519 4132 3475 4162 3422 4162 3398 4139 3398 4135 3395 4135 3392 4135 3388 4135 3385 4135 3382 4135 3298 4159 3224 4139 3207 4135 3204 4135 3201 4135 3197 4135 3187 4142 3150 4162 2979 4162 2926 4146 2875 4135 2872 4135 2869 4135 2835 4149 2808 4162 2798 4149 2788 4142 2788 4139 2785 4139 2782 4139 2778 4139 2644 4152 2564 4162 2547 4156 2500 4139 2497 4139 2493 4139 2490 4139 2487 4139 2467 4159 2463 4159 2460 4159 2389 4146 2386 4146 2232 4162 2235 4236"/></Shape>
	    <String CONTENT="que a la taᵷle ſeconde eſtoyẽt aſ"
                    HPOS="2232"
                    VPOS="4132"
                    WIDTH="1304"
                    HEIGHT="144"></String>
          </TextLine>

          
          
          <TextLine ID="eSc_line_288c398a"
                    TAGREFS="LT1854"
                    BASELINE="2245 4347 3532 4337" 
                    HPOS="2242"
                    VPOS="4253"
                    WIDTH="1290"
                    HEIGHT="127">
            <Shape><Polygon POINTS="2245 4347 2245 4380 3529 4367 3532 4337 3526 4280 3227 4259 3224 4259 3221 4259 3217 4259 3217 4263 3201 4276 3134 4263 3130 4263 3033 4280 2889 4253 2886 4253 2765 4280 2691 4253 2688 4253 2684 4253 2681 4253 2678 4253 2678 4256 2674 4256 2661 4273 2564 4266 2560 4266 2557 4266 2554 4266 2537 4283 2470 4256 2467 4256 2463 4256 2460 4256 2389 4276 2275 4256 2272 4256 2269 4256 2265 4256 2265 4259 2242 4280 2245 4347"/></Shape>
	    <String CONTENT="ſis les trois enfans et tout au"
                    HPOS="2242"
                    VPOS="4253"
                    WIDTH="1290"
                    HEIGHT="127"></String>
          </TextLine>

          
          
          <TextLine ID="eSc_line_e9c1e2d1"
                    TAGREFS="LT1854"
                    BASELINE="2245 4464 3536 4457" 
                    HPOS="2242"
                    VPOS="4360"
                    WIDTH="1294"
                    HEIGHT="147">
            <Shape><Polygon POINTS="2245 4464 2245 4487 2534 4487 2537 4487 2587 4504 2591 4504 2594 4504 2735 4487 2738 4487 2795 4507 2798 4507 2802 4507 2899 4484 2912 4484 2922 4484 3010 4504 3013 4504 3234 4487 3385 4504 3388 4504 3532 4481 3536 4457 3532 4387 3489 4367 3486 4367 3482 4367 3479 4367 3429 4383 3375 4360 3372 4360 3368 4360 3365 4360 3361 4360 3331 4383 3301 4360 3298 4360 3294 4360 3291 4360 3288 4360 3284 4360 3258 4383 3207 4360 3204 4360 3201 4360 3197 4360 3137 4383 3117 4363 3117 4360 3113 4360 3110 4360 3040 4360 3036 4360 3033 4360 3030 4360 3030 4363 3006 4387 2956 4387 2916 4360 2912 4360 2909 4360 2906 4360 2902 4360 2899 4360 2899 4363 2879 4383 2839 4363 2835 4363 2832 4363 2631 4387 2607 4367 2607 4363 2604 4363 2601 4363 2540 4363 2537 4363 2534 4363 2493 4387 2450 4363 2446 4363 2443 4363 2440 4363 2436 4363 2436 4367 2416 4387 2242 4390 2245 4464"/></Shape>
	    <String CONTENT="deꝛnier bout eſtoit aſſiᴣ.b.q̃ ſtoit"
                    HPOS="2242"
                    VPOS="4360"
                    WIDTH="1294"
                    HEIGHT="147"></String>
          </TextLine>

          
          
          <TextLine ID="eSc_line_42433426"
                    TAGREFS="LT1854"
                    BASELINE="2235 4581 3539 4571" 
                    HPOS="2232"
                    VPOS="4491"
                    WIDTH="1307"
                    HEIGHT="117">
            <Shape><Polygon POINTS="2235 4581 2235 4608 3536 4598 3539 4571 3529 4511 2906 4511 2886 4494 2882 4494 2879 4494 2875 4494 2872 4494 2829 4511 2755 4491 2751 4491 2748 4491 2745 4491 2741 4491 2741 4494 2725 4511 2560 4514 2493 4494 2490 4494 2255 4494 2252 4494 2249 4494 2245 4494 2245 4497 2242 4497 2232 4504 2235 4581"/></Shape>
	    <String CONTENT="lainſne.mais pou de compte et"
                    HPOS="2232"
                    VPOS="4491"
                    WIDTH="1307"
                    HEIGHT="117"></String>
          </TextLine>

          
          
          <TextLine ID="eSc_line_f76c4b9c"
                    TAGREFS="LT1854"
                    BASELINE="2239 4695 3532 4685" 
                    HPOS="2235"
                    VPOS="4598"
                    WIDTH="1297"
                    HEIGHT="144">
            <Shape><Polygon POINTS="2239 4695 2239 4722 2463 4742 2467 4742 2470 4742 2554 4722 2557 4722 2634 4742 2637 4742 2641 4742 2644 4742 2725 4719 2735 4719 2942 4719 2946 4719 3003 4739 3006 4739 3010 4739 3013 4739 3063 4722 3144 4735 3147 4735 3150 4735 3154 4735 3154 4732 3170 4715 3174 4715 3294 4715 3298 4715 3328 4735 3331 4735 3335 4735 3338 4739 3509 4739 3509 4735 3512 4735 3516 4735 3516 4732 3532 4715 3532 4685 3529 4618 3496 4598 3492 4598 3489 4598 3486 4598 3482 4598 3435 4618 3385 4598 3382 4598 3378 4598 3375 4598 3372 4598 3348 4618 3036 4601 3033 4601 2949 4618 2882 4601 2879 4601 2875 4601 2872 4601 2869 4601 2842 4625 2708 4625 2671 4601 2668 4601 2664 4601 2661 4601 2557 4605 2554 4605 2550 4605 2550 4608 2530 4625 2393 4605 2389 4605 2386 4605 2383 4605 2349 4628 2235 4628 2239 4695"/></Shape>
	    <String CONTENT="moĩgs q̃ les aultreſ en tenoit le"
                    HPOS="2235"
                    VPOS="4598"
                    WIDTH="1297"
                    HEIGHT="144"></String>
          </TextLine>

          
          
          <TextLine ID="eSc_line_871cd848"
                    TAGREFS="LT1854"
                    BASELINE="2229 4812 3532 4806" 
                    HPOS="2225"
                    VPOS="4709"
                    WIDTH="1307"
                    HEIGHT="144">
            <Shape><Polygon POINTS="2229 4812 2229 4836 2825 4853 2829 4853 2832 4853 2889 4836 3455 4849 3459 4849 3462 4849 3532 4829 3532 4806 3529 4739 3455 4719 3452 4719 3449 4719 3445 4719 3442 4719 3412 4739 3408 4742 3204 4742 3194 4739 2959 4709 2956 4709 2953 4709 2949 4709 2909 4739 2875 4709 2872 4709 2869 4709 2865 4709 2715 4712 2711 4712 2708 4712 2708 4715 2678 4742 2671 4742 2503 4712 2500 4712 2497 4712 2493 4712 2450 4742 2446 4745 2399 4745 2399 4742 2359 4712 2356 4712 2353 4712 2299 4712 2296 4712 2292 4712 2289 4712 2289 4715 2259 4742 2259 4745 2225 4745 2229 4812"/></Shape>
	    <String CONTENT="cheualier. Elle cõſiꝸera et aꝸ⸝"
                    HPOS="2225"
                    VPOS="4709"
                    WIDTH="1307"
                    HEIGHT="144"></String>
          </TextLine>

          
          
          <TextLine ID="eSc_line_3d614b50"
                    TAGREFS="LT1854"
                    BASELINE="2239 4933 3526 4920" 
                    HPOS="2235"
                    VPOS="4826"
                    WIDTH="1291"
                    HEIGHT="144">
            <Shape><Polygon POINTS="2239 4933 2239 4970 3522 4957 3526 4920 3522 4856 3429 4826 3425 4826 3422 4826 3418 4826 3415 4826 3415 4829 3385 4856 3268 4856 3204 4826 3201 4826 3197 4826 3194 4826 3123 4856 3083 4829 3080 4829 3077 4829 3026 4829 3023 4829 3020 4829 3016 4829 3016 4833 2989 4859 2825 4859 2775 4833 2772 4833 2768 4833 2765 4833 2761 4833 2761 4836 2745 4853 2554 4863 2503 4836 2500 4836 2497 4836 2493 4836 2430 4863 2406 4839 2406 4836 2403 4836 2399 4836 2329 4836 2326 4836 2322 4836 2235 4866 2239 4933"/></Shape>
	    <String CONTENT="uiſa la maniere de.b. Et au le⸝"
                    HPOS="2235"
                    VPOS="4826"
                    WIDTH="1291"
                    HEIGHT="144"></String>
          </TextLine>

          
        </TextBlock>
        
        <TextBlock HPOS="2154"
                   VPOS="1710"
                   WIDTH="544"
                   HEIGHT="470"
                   ID="eSc_textblock_4bdb793a"
                   TAGREFS="BT5449">
          <Shape><Polygon POINTS="2154 1710 2154 2180 2698 2180 2698 1710"/></Shape>
          
        </TextBlock>
        

        
        <TextBlock ID="eSc_dummyblock_">
          
          
          <TextLine ID="eSc_line_9763482a"
                    TAGREFS="LT1854"
                    BASELINE="690 827 794 821" 
                    HPOS="683"
                    VPOS="737"
                    WIDTH="111"
                    HEIGHT="107">
            <Shape><Polygon POINTS="730 737 717 737 683 764 690 827 690 844 794 841 794 821 791 767 787 757"/></Shape>
	    <String CONTENT="2."
                    HPOS="683"
                    VPOS="737"
                    WIDTH="111"
                    HEIGHT="107"></String>
          </TextLine>

          
        </TextBlock>
        
      </PrintSpace>
    </Page>
  </Layout>
</alto>
