<?xml version="1.0" encoding="UTF-8"?>
<alto xmlns:xsi="http://www.w3.org/2001/XMLSchema-instance"
      xmlns="http://www.loc.gov/standards/alto/ns-v4#"
      xsi:schemaLocation="http://www.loc.gov/standards/alto/ns-v4# http://www.loc.gov/standards/alto/v4/alto-4-2.xsd">
  <Description>
    <MeasurementUnit>pixel</MeasurementUnit>
    <sourceImageInformation>
      <fileName>6_ec7eb_default.jpg</fileName>
      <fileIdentifier>https://gallica.bnf.fr/iiif/ark:/12148/bpt6k1110614/f7/full/full/0/default.jpg</fileIdentifier>
    </sourceImageInformation>
  </Description>
  
  <Tags>
    <OtherTag ID="BT5219" LABEL="Drop Capital" DESCRIPTION="block type Drop Capital"/><OtherTag ID="BT5181" LABEL="text" DESCRIPTION="block type text"/><OtherTag ID="BT5179" LABEL="Column" DESCRIPTION="block type Column"/><OtherTag ID="BT4" LABEL="Illustration" DESCRIPTION="block type Illustration"/><OtherTag ID="BT2" LABEL="Main" DESCRIPTION="block type Main"/><OtherTag ID="BT1" LABEL="Title" DESCRIPTION="block type Title"/>
    <OtherTag ID="LT1710" LABEL="default" DESCRIPTION="line type default"/><OtherTag ID="LT4" LABEL="Signature" DESCRIPTION="line type Signature"/><OtherTag ID="LT2" LABEL="Numbering" DESCRIPTION="line type Numbering"/>
  </Tags>
  
  <Layout>
    <Page WIDTH="2481"
          HEIGHT="3508"
          PHYSICAL_IMG_NR="3"
          ID="eSc_dummypage_">
      <PrintSpace HPOS="0"
                  VPOS="0"
                  WIDTH="2481"
                  HEIGHT="3508">
        
        <TextBlock HPOS="374"
                   VPOS="539"
                   WIDTH="815"
                   HEIGHT="2371"
                   ID="eSc_textblock_e1a8c2c5"
                   TAGREFS="BT5179">
          <Shape><Polygon POINTS="389 2905 374 2159 405 548 1182 539 1182 1446 1189 1446 1189 2910"/></Shape>
          
          
          <TextLine ID="eSc_line_95e6377d"
                    TAGREFS="LT1710"
                    BASELINE="409 598 1183 590" 
                    HPOS="407"
                    VPOS="535"
                    WIDTH="776"
                    HEIGHT="86">
            <Shape><Polygon POINTS="1155 535 1136 547 1013 547 993 537 992 537 972 539 962 539 939 547 923 539 914 539 900 539 880 547 841 539 836 539 816 539 808 539 789 549 719 541 699 541 680 541 662 541 619 549 608 541 602 541 582 543 578 543 561 549 539 543 524 543 512 543 502 553 407 553 409 598 409 613 779 621 781 621 783 621 785 621 785 619 795 610 882 610 892 617 892 619 894 619 896 619 898 621 988 621 988 619 990 619 1015 608 1017 608 1079 608 1089 615 1089 617 1091 617 1093 617 1095 617 1181 606 1183 590 1181 547 1169 535 1167 535"/></Shape>
	    <String CONTENT="uer de la table pꝛint lenfant qui"
                    HPOS="407"
                    VPOS="535"
                    WIDTH="776"
                    HEIGHT="86"></String>
          </TextLine>

          
          
          <TextLine ID="eSc_line_1abdfa03"
                    TAGREFS="LT1710"
                    BASELINE="407 660 1171 656" 
                    HPOS="405"
                    VPOS="604"
                    WIDTH="766"
                    HEIGHT="82">
            <Shape><Polygon POINTS="407 660 407 676 715 686 717 686 719 686 746 676 993 684 995 684 997 684 999 684 1013 674 1124 674 1151 684 1153 684 1155 684 1157 684 1159 684 1171 672 1171 656 1167 619 1093 604 1038 604 1036 604 1034 604 1032 604 1032 606 1019 619 896 619 882 606 882 604 880 604 878 604 836 604 834 604 832 604 830 604 808 619 672 619 645 606 643 606 641 606 553 619 526 606 524 606 522 606 520 606 489 615 452 606 450 606 448 606 446 606 405 619 407 660"/></Shape>
	    <String CONTENT="eſtoit en leage de.ƃi.ans. Et a"
                    HPOS="405"
                    VPOS="604"
                    WIDTH="766"
                    HEIGHT="82"></String>
          </TextLine>

          
          
          <TextLine ID="eSc_line_30350f86"
                    TAGREFS="LT1710"
                    BASELINE="407 732 1171 723" 
                    HPOS="405"
                    VPOS="670"
                    WIDTH="766"
                    HEIGHT="88">
            <Shape><Polygon POINTS="407 732 409 758 448 748 672 752 820 754 822 754 1169 738 1171 723 1167 684 1126 684 1114 672 1114 670 1112 670 1110 670 1108 670 861 686 711 674 709 674 539 691 495 691 483 680 483 678 481 678 479 678 477 678 405 691 407 732"/></Shape>
	    <String CONTENT="pꝛes ce quelle luy eut regarde les"
                    HPOS="405"
                    VPOS="670"
                    WIDTH="766"
                    HEIGHT="88"></String>
          </TextLine>

          
          
          <TextLine ID="eSc_line_a4a1917c"
                    TAGREFS="LT1710"
                    BASELINE="409 799 1173 789" 
                    HPOS="407"
                    VPOS="732"
                    WIDTH="766"
                    HEIGHT="86">
            <Shape><Polygon POINTS="409 799 409 818 1134 818 1134 816 1136 816 1173 802 1173 789 1169 738 1108 732 1106 732 1105 732 1089 740 1073 748 1064 740 1054 732 1052 732 1050 732 1048 732 1046 732 1044 732 1044 734 1036 740 1029 750 919 750 904 744 877 734 875 734 873 734 810 748 787 752 777 748 750 736 748 736 746 736 744 736 742 736 742 738 730 750 726 754 701 754 697 750 686 740 686 738 684 738 682 738 639 738 637 738 635 738 633 738 633 740 619 752 619 754 557 756 551 754 512 740 510 740 508 740 506 740 504 740 504 742 491 756 407 758 409 799"/></Shape>
	    <String CONTENT="mais et ƃu ſa la philoᴣomie elle"
                    HPOS="407"
                    VPOS="732"
                    WIDTH="766"
                    HEIGHT="86"></String>
          </TextLine>

          
          
          <TextLine ID="eSc_line_afa454e9"
                    TAGREFS="LT1710"
                    BASELINE="409 865 1167 855" 
                    HPOS="407"
                    VPOS="804"
                    WIDTH="760"
                    HEIGHT="76">
            <Shape><Polygon POINTS="409 865 409 880 1165 871 1167 855 1165 818 1126 804 1124 804 1122 804 1120 804 1075 816 1029 804 1027 804 1025 804 1023 804 1021 804 1021 806 1007 818 861 806 859 806 785 820 738 808 736 808 734 808 732 808 703 822 559 810 557 810 555 810 553 810 553 812 539 824 417 816 415 816 413 816 411 816 411 818 409 818 407 818 409 865"/></Shape>
	    <String CONTENT="demãꝸa au cheulier et a la ꝸa"
                    HPOS="407"
                    VPOS="804"
                    WIDTH="760"
                    HEIGHT="76"></String>
          </TextLine>

          
          
          <TextLine ID="eSc_line_63736365"
                    TAGREFS="LT1710"
                    BASELINE="407 935 1171 923" 
                    HPOS="405"
                    VPOS="869"
                    WIDTH="766"
                    HEIGHT="95">
            <Shape><Polygon POINTS="407 935 407 953 481 953 495 964 496 964 498 964 500 964 502 964 532 951 534 949 561 949 785 960 787 960 888 958 890 958 917 945 1017 945 1034 956 1036 956 1038 956 1040 956 1042 956 1068 943 1169 939 1171 923 1165 869 1038 871 1036 871 1034 871 1034 873 1032 873 1025 882 1007 873 1005 873 1003 873 990 873 882 884 847 878 830 875 828 875 826 875 810 878 781 888 580 888 569 886 534 878 532 878 530 878 528 878 528 880 526 880 520 888 520 890 405 890 407 935"/></Shape>
	    <String CONTENT="me pourquoy on le tenoit ʃi ƃil"
                    HPOS="405"
                    VPOS="869"
                    WIDTH="766"
                    HEIGHT="95"></String>
          </TextLine>

          
          
          <TextLine ID="eSc_line_8e3fc85e"
                    TAGREFS="LT1710"
                    BASELINE="403 999 1169 991" 
                    HPOS="401"
                    VPOS="937"
                    WIDTH="768"
                    HEIGHT="88">
            <Shape><Polygon POINTS="403 999 403 1013 738 1025 740 1025 742 1025 781 1009 785 1009 812 1009 1029 1021 1030 1021 1032 1021 1034 1021 1034 1019 1048 1007 1050 1007 1116 1017 1118 1017 1167 1005 1169 991 1167 951 1136 937 1134 937 1132 937 1130 937 1128 937 1114 947 1054 937 1052 937 1050 937 1048 937 1036 949 1001 937 999 937 997 937 995 937 962 953 954 953 812 943 810 943 732 954 719 943 719 941 717 941 715 941 713 941 652 953 596 941 594 941 592 941 590 941 590 943 588 943 578 954 417 943 415 943 413 943 411 943 411 945 401 951 403 999"/></Shape>
	    <String CONTENT="lainemē¶La ꝸame reſpōꝸit"
                    HPOS="401"
                    VPOS="937"
                    WIDTH="768"
                    HEIGHT="88"></String>
          </TextLine>

          
          
          <TextLine ID="eSc_line_755864d1"
                    TAGREFS="LT1710"
                    BASELINE="403 1067 1167 1058" 
                    HPOS="401"
                    VPOS="1003"
                    WIDTH="766"
                    HEIGHT="90">
            <Shape><Polygon POINTS="403 1067 403 1081 442 1093 444 1093 446 1093 448 1093 450 1093 450 1091 459 1083 650 1091 652 1091 654 1091 674 1081 703 1091 705 1091 707 1091 775 1079 954 1087 956 1087 958 1087 960 1087 972 1077 1068 1085 1069 1085 1167 1071 1167 1058 1163 1019 1099 1019 1085 1005 1085 1003 1083 1003 1081 1003 1079 1003 995 1019 968 1005 966 1005 964 1005 962 1005 912 1019 748 1007 746 1007 744 1007 742 1007 725 1023 539 1025 508 1011 506 1011 415 1011 413 1011 411 1011 409 1011 409 1013 407 1013 401 1019 403 1067"/></Shape>
	    <String CONTENT="belle amye en ƃerite ceſt enfant"
                    HPOS="401"
                    VPOS="1003"
                    WIDTH="766"
                    HEIGHT="90"></String>
          </TextLine>

          
          
          <TextLine ID="eSc_line_342c05a4"
                    TAGREFS="LT1710"
                    BASELINE="403 1132 1163 1124" 
                    HPOS="401"
                    VPOS="1071"
                    WIDTH="762"
                    HEIGHT="86">
            <Shape><Polygon POINTS="403 1132 403 1145 426 1157 428 1157 430 1157 432 1157 475 1147 590 1157 592 1157 668 1145 912 1153 914 1153 986 1142 1116 1151 1118 1151 1120 1151 1163 1138 1163 1124 1159 1087 999 1071 997 1071 861 1087 841 1073 839 1073 838 1073 781 1073 779 1073 777 1073 746 1089 623 1081 621 1081 559 1091 541 1077 539 1077 537 1077 446 1077 444 1077 442 1077 401 1093 403 1132"/></Shape>
	    <String CONTENT="eſtãt rude malicieux et ꝸiuers"
                    HPOS="401"
                    VPOS="1071"
                    WIDTH="762"
                    HEIGHT="86"></String>
          </TextLine>

          
          
          <TextLine ID="eSc_line_4e7f2870"
                    TAGREFS="LT1710"
                    BASELINE="399 1200 1159 1190" 
                    HPOS="397"
                    VPOS="1151"
                    WIDTH="762"
                    HEIGHT="76">
            <Shape><Polygon POINTS="399 1200 399 1216 456 1227 458 1227 459 1227 498 1216 524 1227 526 1227 528 1227 582 1214 588 1214 592 1214 656 1225 658 1225 660 1225 697 1212 703 1212 707 1212 742 1223 744 1223 746 1223 859 1210 873 1210 878 1210 931 1221 933 1221 935 1221 966 1210 999 1221 1001 1221 1003 1221 1005 1221 1007 1221 1027 1208 1038 1220 1040 1220 1042 1220 1044 1220 1157 1206 1159 1190 1153 1151 397 1159 399 1200"/></Shape>
	    <String CONTENT="en couraige que oncq̃s ſon pa"
                    HPOS="397"
                    VPOS="1151"
                    WIDTH="762"
                    HEIGHT="76"></String>
          </TextLine>

          
          
          <TextLine ID="eSc_line_19b7a02e"
                    TAGREFS="LT1710"
                    BASELINE="403 1262 1163 1257" 
                    HPOS="401"
                    VPOS="1204"
                    WIDTH="762"
                    HEIGHT="84">
            <Shape><Polygon POINTS="403 1262 403 1280 906 1288 908 1288 1163 1274 1163 1257 1159 1220 976 1220 960 1206 960 1204 958 1204 956 1204 908 1204 906 1204 904 1204 902 1204 880 1220 851 1210 849 1210 847 1210 845 1210 843 1210 843 1212 834 1221 713 1221 699 1208 699 1206 697 1206 695 1206 662 1206 660 1206 658 1206 623 1221 606 1208 604 1208 602 1208 479 1208 477 1208 401 1223 403 1262"/></Shape>
	    <String CONTENT="reil ne fut ƃu. car ia hōme tant"
                    HPOS="401"
                    VPOS="1204"
                    WIDTH="762"
                    HEIGHT="84"></String>
          </TextLine>

          
          
          <TextLine ID="eSc_line_b1ac2c78"
                    TAGREFS="LT1710"
                    BASELINE="403 1333 1161 1323" 
                    HPOS="401"
                    VPOS="1268"
                    WIDTH="760"
                    HEIGHT="92">
            <Shape><Polygon POINTS="403 1333 403 1354 853 1360 855 1360 914 1346 921 1346 941 1346 1103 1356 1105 1356 1159 1342 1161 1323 1157 1284 1095 1268 1093 1268 1091 1268 1089 1268 1089 1270 1075 1284 1032 1284 1015 1268 1013 1268 1011 1268 1009 1268 1007 1268 1005 1268 986 1286 888 1286 869 1272 867 1272 865 1272 863 1272 861 1272 859 1272 859 1274 857 1274 847 1286 726 1272 725 1272 723 1272 721 1272 709 1282 672 1274 670 1274 668 1274 666 1274 666 1276 652 1288 582 1274 580 1274 508 1290 481 1276 479 1276 477 1276 475 1276 473 1276 473 1278 459 1290 422 1276 420 1276 419 1276 417 1276 415 1276 415 1278 401 1288 403 1333"/></Shape>
	    <String CONTENT="ſoit de hault lignaige ne luy fe⸝"
                    HPOS="401"
                    VPOS="1268"
                    WIDTH="760"
                    HEIGHT="92"></String>
          </TextLine>

          
          
          <TextLine ID="eSc_line_a695ff62"
                    TAGREFS="LT1710"
                    BASELINE="403 1397 1159 1391" 
                    HPOS="401"
                    VPOS="1340"
                    WIDTH="758"
                    HEIGHT="84">
            <Shape><Polygon POINTS="403 1397 403 1414 571 1424 572 1424 769 1412 785 1412 793 1412 882 1422 884 1422 1157 1409 1159 1391 1155 1354 939 1340 937 1340 935 1340 933 1340 933 1342 921 1352 892 1344 890 1344 888 1344 886 1344 859 1354 830 1342 828 1342 826 1342 824 1342 802 1352 787 1342 785 1342 783 1342 781 1342 723 1354 674 1342 672 1342 670 1342 668 1342 631 1356 600 1344 598 1344 596 1344 401 1358 403 1397"/></Shape>
	    <String CONTENT="ra ou dira ſon deſ plaiſir q̃ tan"
                    HPOS="401"
                    VPOS="1340"
                    WIDTH="758"
                    HEIGHT="84"></String>
          </TextLine>

          
          
          <TextLine ID="eSc_line_4138245f"
                    TAGREFS="LT1710"
                    BASELINE="399 1465 1159 1459" 
                    HPOS="397"
                    VPOS="1407"
                    WIDTH="762"
                    HEIGHT="87">
            <Shape><Polygon POINTS="399 1465 399 1481 413 1492 415 1492 417 1492 419 1494 471 1494 471 1492 473 1492 475 1492 496 1479 608 1488 610 1488 611 1488 652 1477 721 1477 732 1488 732 1490 734 1490 736 1490 738 1490 849 1477 900 1490 902 1490 904 1490 906 1490 947 1479 956 1488 958 1488 960 1488 962 1490 1089 1490 1089 1488 1159 1471 1159 1459 1153 1420 1032 1420 1029 1420 962 1407 960 1407 958 1407 956 1407 956 1409 943 1420 943 1422 900 1422 896 1422 877 1409 875 1409 873 1409 871 1409 869 1409 867 1409 851 1422 849 1424 734 1424 734 1422 703 1409 701 1409 699 1409 697 1409 695 1409 695 1410 684 1422 650 1409 648 1409 647 1409 645 1409 643 1409 643 1410 629 1424 627 1424 613 1424 469 1410 467 1410 397 1424 399 1465"/></Shape>
	    <String CONTENT="toft il ne ſoit par luy frappe."
                    HPOS="397"
                    VPOS="1407"
                    WIDTH="762"
                    HEIGHT="87"></String>
          </TextLine>

          
          
          <TextLine ID="eSc_line_3988d17a"
                    TAGREFS="LT1710"
                    BASELINE="430 1535 1159 1525" 
                    HPOS="428"
                    VPOS="1477"
                    WIDTH="731"
                    HEIGHT="82">
            <Shape><Polygon POINTS="430 1535 430 1559 912 1547 927 1547 1011 1557 1013 1557 1159 1541 1159 1525 1155 1488 1011 1477 1009 1477 861 1490 446 1483 444 1483 442 1483 440 1483 440 1485 428 1492 430 1535"/></Shape>
	    <String CONTENT="Sien ſommes mōſseigneur"
                    HPOS="428"
                    VPOS="1477"
                    WIDTH="731"
                    HEIGHT="82"></String>
          </TextLine>

          
          
          <TextLine ID="eSc_line_2ba6ace7"
                    TAGREFS="LT1710"
                    BASELINE="395 1598 1157 1594" 
                    HPOS="393"
                    VPOS="1543"
                    WIDTH="764"
                    HEIGHT="82">
            <Shape><Polygon POINTS="395 1598 395 1613 717 1625 719 1625 1155 1609 1157 1594 1153 1555 808 1543 806 1543 728 1557 719 1559 635 1559 633 1557 617 1545 615 1545 613 1545 611 1545 610 1545 580 1557 578 1557 543 1557 465 1557 450 1545 448 1545 446 1545 444 1545 393 1557 395 1598"/></Shape>
	    <String CONTENT="et moy ſe uuenteſſois doulens"
                    HPOS="393"
                    VPOS="1543"
                    WIDTH="764"
                    HEIGHT="82"></String>
          </TextLine>

          
          
          <TextLine ID="eSc_line_a258c5c5"
                    TAGREFS="LT1710"
                    BASELINE="397 1668 1159 1660" 
                    HPOS="395"
                    VPOS="1607"
                    WIDTH="764"
                    HEIGHT="90">
            <Shape><Polygon POINTS="397 1668 397 1689 528 1685 532 1687 539 1695 539 1697 541 1697 543 1697 545 1697 547 1697 572 1687 580 1695 580 1697 582 1697 584 1697 586 1697 650 1685 672 1683 689 1685 748 1695 750 1695 752 1695 754 1695 754 1693 763 1685 765 1683 775 1683 843 1693 845 1693 910 1681 919 1681 927 1681 995 1691 997 1691 999 1691 1001 1691 1001 1689 1011 1681 1013 1679 1021 1681 1069 1689 1071 1689 1157 1677 1159 1660 1157 1623 1122 1607 1120 1607 1118 1607 1116 1607 1081 1623 956 1625 921 1625 904 1609 902 1609 900 1609 779 1609 777 1609 775 1609 773 1609 773 1611 762 1623 748 1611 746 1611 744 1611 742 1611 740 1611 705 1625 687 1611 686 1611 684 1611 682 1611 680 1611 678 1611 662 1625 576 1625 555 1613 553 1613 551 1613 549 1613 547 1613 545 1613 528 1625 454 1617 452 1617 395 1629 397 1668"/></Shape>
	    <String CONTENT="pour les griefᴣ q̃l fait aux auſ⸝"
                    HPOS="395"
                    VPOS="1607"
                    WIDTH="764"
                    HEIGHT="90"></String>
          </TextLine>

          
          
          <TextLine ID="eSc_line_2f7539df"
                    TAGREFS="LT1710"
                    BASELINE="395 1730 1159 1730" 
                    HPOS="395"
                    VPOS="1683"
                    WIDTH="764"
                    HEIGHT="76">
            <Shape><Polygon POINTS="395 1730 395 1744 539 1757 541 1759 668 1759 668 1757 670 1757 672 1757 672 1755 682 1748 697 1757 699 1757 701 1757 703 1757 763 1748 822 1757 824 1757 892 1746 1159 1746 1159 1730 1159 1691 1145 1683 1144 1683 1142 1683 1140 1683 1083 1693 1056 1683 1054 1683 1052 1683 898 1693 849 1683 847 1683 767 1693 656 1683 654 1683 652 1683 617 1693 559 1683 557 1683 395 1693 395 1730"/></Shape>
	    <String CONTENT="tres enfans ꝸu pais. car ia ne"
                    HPOS="395"
                    VPOS="1683"
                    WIDTH="764"
                    HEIGHT="76"></String>
          </TextLine>

          
          
          <TextLine ID="eSc_line_4608c281"
                    TAGREFS="LT1710"
                    BASELINE="395 1802 1159 1796" 
                    HPOS="393"
                    VPOS="1738"
                    WIDTH="766"
                    HEIGHT="90">
            <Shape><Polygon POINTS="395 1802 395 1816 444 1828 446 1828 498 1818 721 1826 723 1826 725 1826 754 1816 890 1826 892 1826 894 1826 919 1816 1036 1824 1038 1824 1040 1824 1042 1824 1058 1814 1108 1824 1110 1824 1112 1824 1159 1810 1159 1796 1155 1755 902 1738 900 1738 867 1740 865 1740 863 1740 863 1742 847 1755 717 1740 715 1740 713 1740 664 1755 637 1746 635 1746 633 1746 631 1746 629 1746 615 1759 516 1759 500 1744 500 1742 498 1742 496 1742 458 1742 456 1742 454 1742 452 1742 432 1759 393 1759 395 1802"/></Shape>
	    <String CONTENT="ceſſera de leſ faire aſſēbler pour"
                    HPOS="393"
                    VPOS="1738"
                    WIDTH="766"
                    HEIGHT="90"></String>
          </TextLine>

          
          
          <TextLine ID="eSc_line_bf137e6e"
                    TAGREFS="LT1710"
                    BASELINE="391 1868 1157 1863" 
                    HPOS="389"
                    VPOS="1810"
                    WIDTH="768"
                    HEIGHT="74">
            <Shape><Polygon POINTS="391 1868 391 1884 1157 1878 1157 1863 1151 1822 1058 1822 1056 1822 1040 1810 1038 1810 1036 1810 1034 1810 1032 1810 993 1822 993 1824 892 1824 890 1824 871 1812 869 1812 867 1812 865 1812 863 1812 861 1812 841 1824 839 1826 783 1826 725 1826 643 1812 641 1812 639 1812 637 1812 617 1826 485 1814 483 1814 481 1814 444 1826 403 1814 401 1814 399 1814 397 1814 395 1814 395 1816 389 1820 391 1868"/></Shape>
	    <String CONTENT="les faire cõbatre et luy meſmes"
                    HPOS="389"
                    VPOS="1810"
                    WIDTH="768"
                    HEIGHT="74"></String>
          </TextLine>

          
          
          <TextLine ID="eSc_line_28f84e41"
                    TAGREFS="LT1710"
                    BASELINE="393 1935 1155 1929" 
                    HPOS="391"
                    VPOS="1878"
                    WIDTH="764"
                    HEIGHT="84">
            <Shape><Polygon POINTS="393 1935 393 1952 582 1962 584 1962 586 1962 613 1952 641 1962 643 1962 645 1962 1153 1946 1155 1929 1149 1878 1075 1892 1003 1892 986 1882 978 1878 976 1878 974 1878 972 1878 964 1882 949 1890 929 1882 916 1878 914 1878 912 1878 910 1878 908 1878 902 1884 890 1892 849 1886 816 1880 814 1880 812 1880 810 1880 801 1886 789 1894 600 1896 553 1896 551 1894 541 1884 541 1882 539 1882 537 1882 535 1882 458 1892 446 1882 444 1882 442 1882 440 1882 438 1882 391 1896 393 1935"/></Shape>
	    <String CONTENT="combat auecques eulx dõt mõ"
                    HPOS="391"
                    VPOS="1878"
                    WIDTH="764"
                    HEIGHT="84"></String>
          </TextLine>

          
          
          <TextLine ID="eSc_line_9e8b8e10"
                    TAGREFS="LT1710"
                    BASELINE="395 2003 1155 1995" 
                    HPOS="393"
                    VPOS="1944"
                    WIDTH="762"
                    HEIGHT="90">
            <Shape><Polygon POINTS="395 2003 395 2028 477 2034 479 2034 481 2034 504 2026 524 2020 535 2026 549 2034 551 2034 553 2034 555 2034 576 2026 596 2019 721 2019 730 2022 756 2032 758 2032 760 2032 762 2032 783 2020 787 2019 789 2020 797 2028 797 2030 799 2030 801 2030 802 2032 865 2032 865 2030 953 2019 964 2017 974 2017 1038 2028 1040 2028 1153 2013 1155 1995 1151 1958 1073 1958 1058 1944 1056 1944 1054 1944 1052 1944 1050 1944 1015 1956 843 1946 841 1946 839 1946 838 1946 838 1948 826 1958 746 1948 744 1948 742 1948 740 1948 740 1950 728 1960 598 1952 596 1952 547 1962 409 1950 407 1950 405 1950 403 1950 403 1952 393 1960 395 2003"/></Shape>
	    <String CONTENT="ſergneur et moy deſirons ſou⸝"
                    HPOS="393"
                    VPOS="1944"
                    WIDTH="762"
                    HEIGHT="90"></String>
          </TextLine>

          
          
          <TextLine ID="eSc_line_d5223a9f"
                    TAGREFS="LT1710"
                    BASELINE="391 2069 1157 2063" 
                    HPOS="389"
                    VPOS="2015"
                    WIDTH="768"
                    HEIGHT="78">
            <Shape><Polygon POINTS="391 2069 391 2085 898 2093 900 2093 1157 2079 1157 2063 1153 2026 1073 2015 1071 2015 1069 2015 1068 2015 1068 2017 1058 2024 958 2017 956 2017 802 2026 762 2017 760 2017 758 2017 756 2017 754 2017 754 2019 744 2028 682 2028 666 2017 664 2017 662 2017 660 2017 658 2017 633 2028 481 2019 479 2019 389 2030 391 2069"/></Shape>
	    <String CONTENT="uẽt ſa moꝛt ou q̃ oncques ne fut"
                    HPOS="389"
                    VPOS="2015"
                    WIDTH="768"
                    HEIGHT="78"></String>
          </TextLine>

          
          
          <TextLine ID="eSc_line_20b364da"
                    TAGREFS="LT1710"
                    BASELINE="387 2135 1149 2130" 
                    HPOS="385"
                    VPOS="2077"
                    WIDTH="764"
                    HEIGHT="84">
            <Shape><Polygon POINTS="387 2135 387 2149 604 2161 606 2161 845 2149 892 2159 894 2159 896 2159 945 2147 1029 2157 1030 2157 1149 2143 1149 2130 1145 2091 1091 2077 1089 2077 1087 2077 1085 2077 1073 2089 1056 2077 1054 2077 1052 2077 1050 2077 943 2091 914 2077 912 2077 910 2077 908 2077 853 2093 851 2093 849 2093 836 2081 836 2079 834 2079 832 2079 787 2079 785 2079 783 2079 781 2079 760 2093 758 2095 695 2095 693 2093 639 2079 637 2079 635 2079 565 2095 559 2097 385 2097 387 2135"/></Shape>
	    <String CONTENT="ne. A celle parolle reſponꝸit la"
                    HPOS="385"
                    VPOS="2077"
                    WIDTH="764"
                    HEIGHT="84"></String>
          </TextLine>

          
          
          <TextLine ID="eSc_line_9e599c00"
                    TAGREFS="LT1710"
                    BASELINE="387 2206 1147 2198" 
                    HPOS="385"
                    VPOS="2145"
                    WIDTH="762"
                    HEIGHT="84">
            <Shape><Polygon POINTS="387 2206 387 2219 547 2229 549 2229 551 2229 572 2219 576 2217 686 2217 687 2217 719 2227 721 2227 723 2227 834 2215 843 2215 851 2215 935 2225 937 2225 1145 2211 1147 2198 1145 2159 1124 2145 1122 2145 1120 2145 1118 2145 1064 2147 1062 2147 1060 2147 1060 2149 1048 2159 859 2147 857 2147 855 2147 853 2147 853 2149 839 2163 734 2163 717 2151 715 2151 713 2151 711 2151 709 2151 682 2163 424 2151 422 2151 420 2151 385 2165 387 2206"/></Shape>
	    <String CONTENT="cõuerſe.ma dame ie ƃous af⸝"
                    HPOS="385"
                    VPOS="2145"
                    WIDTH="762"
                    HEIGHT="84"></String>
          </TextLine>

          
          
          <TextLine ID="eSc_line_fd7ebbb6"
                    TAGREFS="LT1710"
                    BASELINE="393 2272 1151 2266" 
                    HPOS="391"
                    VPOS="2210"
                    WIDTH="760"
                    HEIGHT="87">
            <Shape><Polygon POINTS="393 2272 393 2297 541 2286 553 2293 557 2297 559 2297 561 2297 563 2297 656 2291 723 2287 742 2289 795 2295 797 2295 799 2295 801 2295 810 2287 816 2284 838 2287 894 2295 896 2295 898 2295 900 2295 914 2286 917 2282 984 2282 990 2284 1023 2293 1025 2293 1027 2293 1029 2293 1030 2293 1044 2282 1046 2282 1089 2289 1091 2289 1151 2278 1151 2266 1147 2225 1060 2210 1058 2210 1056 2210 1054 2210 1038 2223 1017 2213 1015 2213 1013 2213 1011 2213 1009 2213 1009 2215 999 2225 929 2225 898 2210 896 2210 894 2210 892 2210 890 2210 890 2211 875 2225 873 2225 871 2225 783 2211 781 2211 705 2225 703 2225 701 2225 656 2211 654 2211 652 2211 650 2211 648 2211 648 2213 637 2225 635 2229 465 2229 461 2227 438 2213 436 2213 434 2213 432 2213 391 2225 393 2272"/></Shape>
	    <String CONTENT="ferme que fur ceſt enfant ie luy"
                    HPOS="391"
                    VPOS="2210"
                    WIDTH="760"
                    HEIGHT="87"></String>
          </TextLine>

          
          
          <TextLine ID="eSc_line_bee852e3"
                    TAGREFS="LT1710"
                    BASELINE="393 2338 1147 2330" 
                    HPOS="391"
                    VPOS="2280"
                    WIDTH="756"
                    HEIGHT="89">
            <Shape><Polygon POINTS="393 2338 393 2358 493 2369 495 2369 496 2369 498 2369 512 2358 516 2358 654 2367 656 2367 658 2367 660 2367 660 2365 672 2356 736 2356 738 2356 756 2367 758 2367 760 2367 762 2367 763 2367 765 2367 765 2365 767 2365 775 2354 777 2354 783 2354 841 2365 843 2365 845 2365 847 2365 847 2364 859 2354 869 2354 1036 2364 1038 2364 1040 2364 1042 2364 1042 2362 1052 2352 1145 2350 1147 2330 1144 2291 956 2280 954 2280 953 2280 921 2293 666 2293 578 2284 576 2284 574 2284 572 2284 555 2295 413 2286 411 2286 409 2286 407 2286 391 2293 393 2338"/></Shape>
	    <String CONTENT="ƃng tel ſigne que par luy ſeule"
                    HPOS="391"
                    VPOS="2280"
                    WIDTH="756"
                    HEIGHT="89"></String>
          </TextLine>

          
          
          <TextLine ID="eSc_line_ae351eb5"
                    TAGREFS="LT1710"
                    BASELINE="387 2406 1153 2401" 
                    HPOS="385"
                    VPOS="2348"
                    WIDTH="768"
                    HEIGHT="84">
            <Shape><Polygon POINTS="387 2406 387 2422 639 2432 641 2432 1151 2416 1153 2401 1149 2362 1044 2348 1042 2348 1040 2348 1038 2348 1038 2350 1027 2362 951 2362 910 2348 908 2348 906 2348 904 2348 867 2362 719 2350 717 2350 715 2350 713 2350 695 2364 582 2364 539 2352 537 2352 535 2352 385 2365 387 2406"/></Shape>
	    <String CONTENT="ment le royaume de frãnce ſera"
                    HPOS="385"
                    VPOS="2348"
                    WIDTH="768"
                    HEIGHT="84"></String>
          </TextLine>

          
          
          <TextLine ID="eSc_line_eee57820"
                    TAGREFS="LT1710"
                    BASELINE="385 2475 1149 2465" 
                    HPOS="383"
                    VPOS="2410"
                    WIDTH="766"
                    HEIGHT="86">
            <Shape><Polygon POINTS="385 2475 385 2490 810 2496 812 2496 814 2496 816 2496 816 2494 826 2486 943 2494 945 2494 947 2494 990 2482 997 2482 1007 2482 1068 2492 1069 2492 1147 2480 1149 2465 1147 2426 1091 2410 1089 2410 1087 2410 1085 2410 1083 2410 1064 2426 1064 2428 779 2430 777 2430 754 2414 752 2414 750 2414 748 2414 746 2414 744 2414 723 2432 676 2432 604 2432 586 2418 586 2416 584 2416 582 2416 534 2416 532 2416 530 2416 528 2416 500 2434 477 2418 475 2418 473 2418 415 2418 413 2418 411 2418 383 2432 385 2475"/></Shape>
	    <String CONTENT="eſſaulcie ne de ſon temps ne ſe⸝"
                    HPOS="383"
                    VPOS="2410"
                    WIDTH="766"
                    HEIGHT="86"></String>
          </TextLine>

          
          
          <TextLine ID="eSc_line_848f9fce"
                    TAGREFS="LT1710"
                    BASELINE="387 2537 1151 2537" 
                    HPOS="387"
                    VPOS="2484"
                    WIDTH="764"
                    HEIGHT="82">
            <Shape><Polygon POINTS="387 2537 387 2554 545 2554 557 2564 557 2566 559 2566 561 2566 563 2566 611 2556 633 2566 635 2566 637 2566 639 2566 674 2556 763 2566 765 2566 767 2566 795 2554 818 2564 820 2564 822 2564 919 2554 1038 2566 1040 2566 1151 2553 1151 2537 1151 2500 995 2498 960 2484 958 2484 956 2484 954 2484 902 2498 822 2484 820 2484 818 2484 816 2484 797 2498 777 2484 775 2484 773 2484 721 2484 719 2484 717 2484 715 2484 715 2486 701 2498 631 2486 629 2486 627 2486 580 2498 532 2484 530 2484 528 2484 526 2484 524 2484 524 2486 510 2500 387 2500 387 2537"/></Shape>
	    <String CONTENT="ra nul qui puiſſe eſtre a fuy cō ⸝"
                    HPOS="387"
                    VPOS="2484"
                    WIDTH="764"
                    HEIGHT="82"></String>
          </TextLine>

          
          
          <TextLine ID="eSc_line_888c7994"
                    TAGREFS="LT1710"
                    BASELINE="385 2609 1151 2603" 
                    HPOS="383"
                    VPOS="2549"
                    WIDTH="768"
                    HEIGHT="83">
            <Shape><Polygon POINTS="385 2609 385 2632 1151 2617 1151 2603 1147 2564 1027 2564 988 2549 986 2549 984 2549 982 2549 935 2562 822 2551 820 2551 818 2551 816 2551 799 2564 783 2553 781 2553 779 2553 777 2553 775 2553 736 2562 711 2551 709 2551 707 2551 705 2551 678 2564 592 2553 590 2553 588 2553 586 2553 586 2554 572 2566 405 2558 403 2558 401 2558 383 2566 385 2609"/></Shape>
	    <String CONTENT="pare de chevalerie. De ce ſe com"
                    HPOS="383"
                    VPOS="2549"
                    WIDTH="768"
                    HEIGHT="83"></String>
          </TextLine>

          
          
          <TextLine ID="eSc_line_17780383"
                    TAGREFS="LT1710"
                    BASELINE="387 2673 1145 2668" 
                    HPOS="385"
                    VPOS="2617"
                    WIDTH="760"
                    HEIGHT="74">
            <Shape><Polygon POINTS="387 2673 387 2691 1144 2685 1145 2668 1140 2617 1032 2629 910 2623 845 2619 843 2619 841 2619 839 2619 834 2625 826 2632 666 2632 660 2629 639 2619 637 2619 635 2619 633 2619 631 2619 617 2629 613 2632 610 2631 596 2621 594 2621 592 2621 590 2621 537 2631 532 2632 526 2632 481 2621 479 2621 477 2621 385 2634 387 2673"/></Shape>
	    <String CONTENT="menca la dame a eſiouyr. et ꝸil"
                    HPOS="385"
                    VPOS="2617"
                    WIDTH="760"
                    HEIGHT="74"></String>
          </TextLine>

          
          
          <TextLine ID="eSc_line_89dcf4c2"
                    TAGREFS="LT1710"
                    BASELINE="383 2742 1147 2736" 
                    HPOS="381"
                    VPOS="2683"
                    WIDTH="766"
                    HEIGHT="78">
            <Shape><Polygon POINTS="383 2742 383 2755 1105 2761 1106 2761 1108 2761 1147 2749 1147 2736 1144 2699 1005 2697 993 2685 993 2683 992 2683 990 2683 988 2683 986 2683 949 2695 935 2683 933 2683 931 2683 929 2683 927 2683 925 2683 925 2685 912 2699 867 2699 836 2685 834 2685 832 2685 765 2697 732 2685 730 2685 728 2685 726 2685 693 2699 660 2685 658 2685 656 2685 590 2697 502 2689 500 2689 498 2689 469 2701 393 2687 391 2687 389 2687 387 2687 387 2689 385 2689 381 2691 383 2742"/></Shape>
	    <String CONTENT="fet en auãtle tit plus chier.tãt"
                    HPOS="381"
                    VPOS="2683"
                    WIDTH="766"
                    HEIGHT="78"></String>
          </TextLine>

          
          
          <TextLine ID="eSc_line_f61ffa5a"
                    TAGREFS="LT1710"
                    BASELINE="385 2808 1145 2804" 
                    HPOS="383"
                    VPOS="2749"
                    WIDTH="762"
                    HEIGHT="74">
            <Shape><Polygon POINTS="385 2808 385 2823 1144 2820 1145 2804 1138 2749 1089 2765 873 2765 857 2755 841 2749 839 2749 838 2749 799 2757 760 2767 721 2767 715 2759 707 2753 707 2751 705 2751 703 2751 701 2751 647 2761 645 2761 641 2761 594 2751 592 2751 590 2751 588 2751 576 2761 537 2751 535 2751 534 2751 532 2751 530 2751 530 2753 518 2765 495 2753 493 2753 491 2753 383 2767 385 2808"/></Shape>
	    <String CONTENT="creut.b.q̃l ƃint en leage de neuf"
                    HPOS="383"
                    VPOS="2749"
                    WIDTH="762"
                    HEIGHT="74"></String>
          </TextLine>

          
          
          <TextLine ID="eSc_line_ae192abd"
                    TAGREFS="LT1710"
                    BASELINE="385 2876 1149 2876" 
                    HPOS="385"
                    VPOS="2823"
                    WIDTH="764"
                    HEIGHT="86">
            <Shape><Polygon POINTS="385 2876 385 2894 489 2909 491 2909 654 2896 676 2909 678 2909 680 2909 682 2909 771 2896 871 2909 873 2909 1025 2897 1064 2909 1066 2909 1068 2909 1149 2894 1149 2876 1147 2827 929 2833 912 2829 888 2823 886 2823 884 2823 818 2831 773 2835 742 2831 682 2823 680 2823 678 2823 660 2833 654 2835 648 2833 621 2823 619 2823 617 2823 615 2823 613 2823 613 2825 604 2833 604 2835 385 2835 385 2876"/></Shape>
	    <String CONTENT="ans.et pût ƃne conſtume quil"
                    HPOS="385"
                    VPOS="2823"
                    WIDTH="764"
                    HEIGHT="86"></String>
          </TextLine>

          
        </TextBlock>
        
        <TextBlock HPOS="1214"
                   VPOS="527"
                   WIDTH="816"
                   HEIGHT="2382"
                   ID="eSc_textblock_a4aef75a"
                   >
          <Shape><Polygon POINTS="1214 527 1214 2909 2030 2909 2030 527"/></Shape>
          
          
          <TextLine ID="eSc_line_5a6b872d"
                    TAGREFS="LT1710"
                    BASELINE="1233 588 2007 592" 
                    HPOS="1228"
                    VPOS="532"
                    WIDTH="776"
                    HEIGHT="76">
            <Shape><Polygon POINTS="1726 532 1696 532 1667 532 1638 532 1609 534 1579 534 1550 534 1521 534 1492 534 1462 534 1433 534 1404 534 1375 534 1345 534 1334 534 1307 534 1287 537 1258 537 1231 537 1231 587 1228 605 1998 608 2004 590 2001 540 1784 540 1784 537 1775 532 1755 532"/></Shape>
	    <String CONTENT="aſſẽbloit les ẽfans et les partis⸝"
                    HPOS="1228"
                    VPOS="532"
                    WIDTH="776"
                    HEIGHT="76"></String>
          </TextLine>

          
          
          <TextLine ID="eSc_line_bb862d54"
                    
                    BASELINE="1248 668 2004 675" 
                    HPOS="1243"
                    VPOS="602"
                    WIDTH="758"
                    HEIGHT="79">
            <Shape><Polygon POINTS="1246 666 1243 681 1998 681 2001 672 1998 610 1246 602 1246 666"/></Shape>
	    <String CONTENT="ſoit par batailles et ſou uēt les"
                    HPOS="1243"
                    VPOS="602"
                    WIDTH="758"
                    HEIGHT="79"></String>
          </TextLine>

          
          
          <TextLine ID="eSc_line_565b134b"
                    TAGREFS="LT1710"
                    BASELINE="1231 723 1997 726" 
                    HPOS="1229"
                    VPOS="668"
                    WIDTH="768"
                    HEIGHT="76">
            <Shape><Polygon POINTS="1231 723 1229 744 1995 744 1997 726 1997 684 1972 670 1970 670 1968 670 1966 670 1939 684 1849 684 1763 684 1763 682 1732 670 1730 670 1728 670 1726 670 1724 670 1713 682 1670 670 1668 670 1666 670 1664 670 1631 682 1627 682 1623 682 1557 668 1555 668 1500 680 1500 682 1407 682 1407 680 1393 668 1391 668 1389 668 1387 668 1385 668 1362 680 1346 668 1344 668 1342 668 1340 668 1231 678 1231 723"/></Shape>
	    <String CONTENT="faiſoit combatre ſi longuemēt"
                    HPOS="1229"
                    VPOS="668"
                    WIDTH="768"
                    HEIGHT="76"></String>
          </TextLine>

          
          
          <TextLine ID="eSc_line_cd5654d0"
                    TAGREFS="LT1710"
                    BASELINE="1229 793 1991 791" 
                    HPOS="1227"
                    VPOS="738"
                    WIDTH="764"
                    HEIGHT="78">
            <Shape><Polygon POINTS="1229 808 1987 816 1991 791 1989 754 1931 738 1929 738 1927 738 1925 738 1923 738 1923 740 1908 754 1820 754 1777 738 1775 738 1773 738 1674 752 1635 738 1633 738 1631 738 1629 738 1596 752 1389 738 1387 738 1385 738 1356 752 1251 744 1249 744 1247 744 1227 752 1229 793"/></Shape>
	    <String CONTENT="que pluſieurs ꝸes enfans ſen"
                    HPOS="1227"
                    VPOS="738"
                    WIDTH="764"
                    HEIGHT="78"></String>
          </TextLine>

          
          
          <TextLine ID="eSc_line_9c3debf4"
                    TAGREFS="LT1710"
                    BASELINE="1233 857 1993 855" 
                    HPOS="1231"
                    VPOS="808"
                    WIDTH="762"
                    HEIGHT="76">
            <Shape><Polygon POINTS="1233 857 1233 873 1282 884 1284 884 1286 884 1319 873 1323 873 1405 873 1407 873 1424 884 1426 884 1428 884 1430 884 1483 873 1485 873 1496 873 1976 884 1978 884 1980 884 1982 884 1982 882 1993 871 1993 855 1989 820 1270 808 1268 808 1266 808 1231 820 1233 857"/></Shape>
	    <String CONTENT="reprentoyent et ſen retorunoy⸝"
                    HPOS="1231"
                    VPOS="808"
                    WIDTH="762"
                    HEIGHT="76"></String>
          </TextLine>

          
          
          <TextLine ID="eSc_line_b9c6a40b"
                    TAGREFS="LT1710"
                    BASELINE="1231 921 1997 927" 
                    HPOS="1229"
                    VPOS="875"
                    WIDTH="768"
                    HEIGHT="68">
            <Shape><Polygon POINTS="1231 921 1229 935 1993 943 1997 927 1995 888 1870 888 1869 886 1859 878 1859 877 1857 877 1855 877 1808 877 1806 877 1726 886 1717 886 1709 886 1646 875 1644 875 1555 884 1537 886 1333 886 1329 884 1311 875 1309 875 1307 875 1231 882 1231 921"/></Shape>
	    <String CONTENT="ent nautes en leur maiſon. et"
                    HPOS="1229"
                    VPOS="875"
                    WIDTH="768"
                    HEIGHT="68"></String>
          </TextLine>

          
          
          <TextLine ID="eSc_line_06ce1bbe"
                    TAGREFS="LT1710"
                    BASELINE="1227 991 1993 991" 
                    HPOS="1227"
                    VPOS="937"
                    WIDTH="766"
                    HEIGHT="82">
            <Shape><Polygon POINTS="1227 991 1227 1007 1288 1019 1290 1019 1292 1019 1333 1009 1335 1009 1336 1009 1393 1019 1395 1019 1457 1009 1465 1009 1475 1009 1531 1019 1533 1019 1607 1011 1631 1009 1991 1013 1993 991 1993 951 1946 939 1945 939 1810 949 1773 937 1771 937 1676 937 1674 937 1672 937 1670 937 1656 947 1602 937 1600 937 1598 937 1596 937 1576 951 1496 951 1403 937 1401 937 1399 937 1397 937 1375 951 1290 951 1245 937 1243 937 1241 937 1239 937 1237 937 1227 945 1227 991"/></Shape>
	    <String CONTENT="luy meſmes y eſtoit bleric et ſes"
                    HPOS="1227"
                    VPOS="937"
                    WIDTH="766"
                    HEIGHT="82"></String>
          </TextLine>

          
          
          <TextLine ID="eSc_line_130360c7"
                    TAGREFS="LT1710"
                    BASELINE="1231 1060 1999 1060" 
                    HPOS="1231"
                    VPOS="1003"
                    WIDTH="768"
                    HEIGHT="74">
            <Shape><Polygon POINTS="1231 1060 1231 1077 1999 1077 1999 1060 1997 1019 1886 1019 1882 1019 1849 1003 1847 1003 1845 1003 1843 1003 1841 1003 1841 1005 1828 1019 1812 1019 1761 1019 1759 1019 1744 1005 1744 1003 1742 1003 1740 1003 1689 1003 1687 1003 1685 1003 1683 1003 1683 1005 1668 1019 1668 1021 1566 1021 1564 1019 1531 1003 1529 1003 1473 1003 1471 1003 1469 1003 1467 1003 1467 1005 1455 1017 1399 1017 1307 1003 1305 1003 1303 1003 1301 1003 1284 1019 1231 1019 1231 1060"/></Shape>
	    <String CONTENT="robbes de frōpues.Quãt la da⸝"
                    HPOS="1231"
                    VPOS="1003"
                    WIDTH="768"
                    HEIGHT="74"></String>
          </TextLine>

          
          
          <TextLine ID="eSc_line_f00e4e9e"
                    TAGREFS="LT1710"
                    BASELINE="1231 1126 1995 1126" 
                    HPOS="1231"
                    VPOS="1073"
                    WIDTH="764"
                    HEIGHT="70">
            <Shape><Polygon POINTS="1231 1143 1995 1143 1995 1126 1995 1085 1974 1073 1972 1073 1970 1073 1968 1073 1966 1073 1937 1089 1668 1089 1603 1073 1496 1073 1494 1073 1492 1073 1465 1085 1448 1073 1446 1073 1444 1073 1331 1073 1329 1073 1231 1087 1231 1126"/></Shape>
	    <String CONTENT="me ƃeoit aiſi.b.demener moult"
                    HPOS="1231"
                    VPOS="1073"
                    WIDTH="764"
                    HEIGHT="70"></String>
          </TextLine>

          
          
          <TextLine ID="eSc_line_e9755cde"
                    TAGREFS="LT1710"
                    BASELINE="1227 1190 1987 1194" 
                    HPOS="1225"
                    VPOS="1134"
                    WIDTH="762"
                    HEIGHT="82">
            <Shape><Polygon POINTS="1227 1190 1225 1206 1253 1216 1255 1216 1257 1216 1985 1214 1987 1194 1985 1153 1894 1153 1894 1151 1865 1138 1863 1138 1861 1138 1859 1138 1857 1138 1857 1140 1845 1149 1830 1138 1830 1136 1828 1136 1826 1136 1824 1136 1713 1151 1705 1151 1681 1136 1679 1136 1678 1136 1676 1136 1674 1136 1672 1136 1654 1149 1609 1134 1607 1134 1605 1134 1603 1134 1566 1149 1508 1134 1506 1134 1504 1134 1502 1134 1473 1147 1459 1136 1459 1134 1457 1134 1455 1134 1453 1134 1451 1134 1414 1149 1412 1149 1344 1138 1342 1138 1340 1138 1313 1149 1311 1149 1270 1134 1268 1134 1266 1134 1264 1134 1227 1147 1227 1190"/></Shape>
	    <String CONTENT="estoit dolente. Et luy diſsoit ma"
                    HPOS="1225"
                    VPOS="1134"
                    WIDTH="762"
                    HEIGHT="82"></String>
          </TextLine>

          
          
          <TextLine ID="eSc_line_80e2d012"
                    TAGREFS="LT1710"
                    BASELINE="1225 1260 1991 1260" 
                    HPOS="1225"
                    VPOS="1204"
                    WIDTH="766"
                    HEIGHT="74">
            <Shape><Polygon POINTS="1225 1260 1225 1278 1991 1278 1991 1260 1991 1221 1923 1221 1908 1208 1908 1206 1906 1206 1904 1206 1902 1206 1900 1206 1880 1216 1870 1206 1870 1204 1869 1204 1867 1204 1865 1204 1863 1204 1839 1214 1793 1204 1791 1204 1789 1204 1787 1204 1787 1206 1777 1216 1748 1204 1746 1204 1744 1204 1742 1204 1689 1220 1672 1204 1670 1204 1668 1204 1633 1204 1631 1204 1629 1204 1592 1220 1547 1204 1545 1204 1543 1204 1541 1204 1539 1204 1539 1206 1526 1220 1409 1220 1327 1204 1325 1204 1323 1204 1321 1204 1321 1206 1307 1220 1278 1220 1249 1204 1247 1204 1245 1204 1243 1204 1241 1204 1225 1216 1225 1260"/></Shape>
	    <String CONTENT="fouſtru mauluaiſemēt ƃuɂ ſou⸝"
                    HPOS="1225"
                    VPOS="1204"
                    WIDTH="766"
                    HEIGHT="74"></String>
          </TextLine>

          
          
          <TextLine ID="eSc_line_4fd79efc"
                    TAGREFS="LT1710"
                    BASELINE="1227 1327 1982 1327" 
                    HPOS="1227"
                    VPOS="1270"
                    WIDTH="755"
                    HEIGHT="86">
            <Shape><Polygon POINTS="1227 1327 1227 1344 1235 1352 1237 1352 1239 1352 1241 1352 1338 1342 1418 1354 1420 1354 1543 1342 1555 1352 1555 1354 1557 1354 1559 1354 1561 1354 1563 1354 1584 1344 1693 1352 1695 1352 1697 1352 1730 1342 1777 1354 1779 1354 1781 1356 1909 1356 1909 1354 1982 1340 1982 1327 1980 1276 1650 1286 1639 1280 1617 1270 1615 1270 1613 1270 1539 1280 1510 1270 1508 1270 1506 1270 1504 1270 1475 1284 1473 1284 1471 1284 1446 1270 1444 1270 1442 1270 1377 1282 1360 1270 1358 1270 1356 1270 1354 1270 1352 1270 1327 1282 1286 1270 1284 1270 1282 1270 1280 1270 1227 1286 1227 1327"/></Shape>
	    <String CONTENT="uiēt ꝸu hault hōneur aquoi ƃuɂ"
                    HPOS="1227"
                    VPOS="1270"
                    WIDTH="755"
                    HEIGHT="86"></String>
          </TextLine>

          
          
          <TextLine ID="eSc_line_08d36ac6"
                    TAGREFS="LT1710"
                    BASELINE="1229 1391 1989 1395" 
                    HPOS="1227"
                    VPOS="1338"
                    WIDTH="762"
                    HEIGHT="80">
            <Shape><Polygon POINTS="1229 1391 1227 1409 1241 1416 1243 1416 1245 1416 1247 1416 1594 1409 1605 1418 1607 1418 1609 1418 1611 1418 1987 1409 1989 1395 1989 1356 1952 1340 1950 1340 1906 1340 1904 1340 1902 1340 1900 1340 1900 1342 1886 1356 1859 1356 1709 1356 1707 1354 1687 1340 1685 1340 1683 1340 1609 1338 1607 1338 1524 1354 1442 1354 1366 1354 1366 1352 1352 1340 1352 1338 1350 1338 1348 1338 1346 1338 1288 1348 1257 1338 1255 1338 1253 1338 1251 1338 1229 1348 1229 1391"/></Shape>
	    <String CONTENT="ꝸit la conuerſe q̃ ƃhues deueᴣ ƃ⸝"
                    HPOS="1227"
                    VPOS="1338"
                    WIDTH="762"
                    HEIGHT="80"></String>
          </TextLine>

          
          
          <TextLine ID="eSc_line_f3df304e"
                    TAGREFS="LT1710"
                    BASELINE="1227 1457 1989 1461" 
                    HPOS="1225"
                    VPOS="1407"
                    WIDTH="764"
                    HEIGHT="72">
            <Shape><Polygon POINTS="1227 1457 1225 1473 1985 1479 1989 1461 1984 1409 1958 1422 1933 1409 1931 1409 1929 1409 1927 1409 1925 1409 1921 1409 1890 1422 1794 1420 1787 1410 1785 1410 1785 1409 1783 1409 1781 1409 1779 1409 1658 1412 1488 1420 1479 1416 1457 1407 1455 1407 1453 1407 1451 1407 1416 1416 1401 1422 1319 1422 1313 1418 1292 1407 1290 1407 1288 1407 1227 1418 1227 1457"/></Shape>
	    <String CONTENT="nir. mais certes elle ƃus aꝸui"
                    HPOS="1225"
                    VPOS="1407"
                    WIDTH="764"
                    HEIGHT="72"></String>
          </TextLine>

          
          
          <TextLine ID="eSc_line_e6868afd"
                    TAGREFS="LT1710"
                    BASELINE="1227 1525 1987 1531" 
                    HPOS="1225"
                    VPOS="1473"
                    WIDTH="762"
                    HEIGHT="76">
            <Shape><Polygon POINTS="1227 1525 1225 1549 1985 1549 1987 1531 1985 1488 1865 1488 1865 1487 1855 1479 1855 1477 1853 1477 1851 1477 1849 1477 1746 1485 1740 1477 1738 1477 1738 1475 1736 1475 1734 1475 1732 1475 1730 1475 1705 1485 1670 1475 1668 1475 1666 1475 1664 1475 1641 1485 1639 1485 1605 1475 1603 1475 1602 1475 1432 1483 1428 1483 1418 1475 1418 1473 1416 1473 1414 1473 1412 1473 1227 1481 1227 1525"/></Shape>
	    <String CONTENT="ſa mal.car en herite ie ne le pouꝛ"
                    HPOS="1225"
                    VPOS="1473"
                    WIDTH="762"
                    HEIGHT="76"></String>
          </TextLine>

          
          
          <TextLine ID="eSc_line_5ca6bf5d"
                    TAGREFS="LT1710"
                    BASELINE="1227 1592 1985 1598" 
                    HPOS="1225"
                    VPOS="1551"
                    WIDTH="760"
                    HEIGHT="72">
            <Shape><Polygon POINTS="1227 1592 1225 1605 1280 1619 1282 1619 1389 1609 1405 1619 1407 1619 1409 1619 1411 1619 1679 1611 1943 1623 1945 1623 1946 1623 1984 1611 1985 1598 1984 1557 1227 1551 1227 1592"/></Shape>
	    <String CONTENT="roye croyre.de ce ne tint cõpte.b."
                    HPOS="1225"
                    VPOS="1551"
                    WIDTH="760"
                    HEIGHT="72"></String>
          </TextLine>

          
          
          <TextLine ID="eSc_line_7772c021"
                    TAGREFS="LT1710"
                    BASELINE="1223 1660 1987 1664" 
                    HPOS="1221"
                    VPOS="1607"
                    WIDTH="766"
                    HEIGHT="82">
            <Shape><Polygon POINTS="1223 1660 1221 1674 1424 1687 1426 1687 1545 1677 1623 1689 1625 1689 1985 1677 1987 1664 1987 1625 1857 1625 1855 1623 1802 1609 1800 1609 1798 1609 1796 1609 1763 1623 1761 1623 1759 1623 1703 1609 1701 1609 1699 1609 1697 1609 1681 1623 1679 1625 1617 1625 1613 1623 1574 1607 1572 1607 1570 1607 1568 1607 1549 1617 1541 1609 1541 1607 1539 1607 1537 1607 1535 1607 1403 1617 1387 1607 1385 1607 1383 1607 1381 1607 1299 1617 1278 1607 1276 1607 1274 1607 1272 1607 1223 1619 1223 1660"/></Shape>
	    <String CONTENT="aincois fit faire quitaignes et"
                    HPOS="1221"
                    VPOS="1607"
                    WIDTH="766"
                    HEIGHT="82"></String>
          </TextLine>

          
          
          <TextLine ID="eSc_line_0d3a1380"
                    TAGREFS="LT1710"
                    BASELINE="1223 1730 1985 1726" 
                    HPOS="1221"
                    VPOS="1676"
                    WIDTH="764"
                    HEIGHT="74">
            <Shape><Polygon POINTS="1223 1730 1223 1744 1984 1750 1985 1726 1982 1689 1859 1689 1847 1677 1847 1676 1845 1676 1843 1676 1841 1676 1839 1676 1837 1676 1820 1689 1576 1689 1563 1677 1561 1677 1559 1677 1557 1677 1488 1687 1446 1677 1444 1677 1442 1677 1440 1677 1409 1689 1247 1677 1245 1677 1243 1677 1241 1677 1221 1687 1223 1730"/></Shape>
	    <String CONTENT="iouſtes denfans et maniere ꝸe"
                    HPOS="1221"
                    VPOS="1676"
                    WIDTH="764"
                    HEIGHT="74"></String>
          </TextLine>

          
          
          <TextLine ID="eSc_line_9845818c"
                    TAGREFS="LT1710"
                    BASELINE="1223 1796 1982 1796" 
                    HPOS="1223"
                    VPOS="1742"
                    WIDTH="759"
                    HEIGHT="82">
            <Shape><Polygon POINTS="1223 1796 1223 1814 1243 1824 1245 1824 1247 1824 1249 1824 1280 1814 1352 1814 1465 1814 1475 1822 1475 1824 1477 1824 1479 1824 1481 1824 1561 1814 1566 1814 1568 1814 1578 1824 1580 1824 1582 1824 1584 1824 1982 1816 1982 1796 1982 1755 1919 1742 1878 1742 1876 1742 1874 1742 1872 1742 1872 1744 1863 1754 1841 1742 1839 1742 1837 1742 1736 1754 1724 1744 1724 1742 1722 1742 1720 1742 1678 1742 1676 1742 1674 1742 1672 1742 1652 1754 1629 1742 1627 1742 1625 1742 1566 1754 1555 1744 1555 1742 1553 1742 1551 1742 1492 1742 1490 1742 1488 1742 1448 1754 1412 1742 1411 1742 1409 1742 1407 1742 1405 1742 1405 1744 1393 1755 1223 1755 1223 1796"/></Shape>
	    <String CONTENT="tournois ſelon le ſẽtemẽt q̃l en"
                    HPOS="1223"
                    VPOS="1742"
                    WIDTH="759"
                    HEIGHT="82"></String>
          </TextLine>

          
          
          <TextLine ID="eSc_line_66492ec1"
                    TAGREFS="LT1710"
                    BASELINE="1220 1863 1982 1868" 
                    HPOS="1218"
                    VPOS="1812"
                    WIDTH="764"
                    HEIGHT="70">
            <Shape><Polygon POINTS="1220 1863 1218 1882 1980 1882 1982 1868 1980 1826 1547 1814 1545 1814 1488 1822 1475 1824 1465 1822 1430 1812 1428 1812 1426 1812 1220 1820 1220 1863"/></Shape>
	    <String CONTENT="pouuoit auoir de ce quil en pou"
                    HPOS="1218"
                    VPOS="1812"
                    WIDTH="764"
                    HEIGHT="70"></String>
          </TextLine>

          
          
          <TextLine ID="eSc_line_24e75809"
                    TAGREFS="LT1710"
                    BASELINE="1220 1929 1982 1933" 
                    HPOS="1218"
                    VPOS="1872"
                    WIDTH="764"
                    HEIGHT="86">
            <Shape><Polygon POINTS="1220 1929 1218 1943 1545 1956 1547 1956 1670 1948 1689 1958 1691 1958 1693 1958 1695 1958 1736 1948 1802 1958 1804 1958 1980 1946 1982 1933 1980 1874 1828 1874 1826 1874 1824 1874 1818 1876 1777 1890 1717 1890 1707 1878 1703 1876 1703 1874 1701 1874 1699 1874 1697 1874 1695 1874 1683 1878 1656 1890 1487 1890 1477 1882 1463 1872 1461 1872 1459 1872 1457 1872 1455 1872 1453 1872 1438 1884 1428 1890 1346 1890 1338 1884 1315 1874 1313 1874 1311 1874 1220 1886 1220 1929"/></Shape>
	    <String CONTENT="uoit auoir ouy racõpter¶Car"
                    HPOS="1218"
                    VPOS="1872"
                    WIDTH="764"
                    HEIGHT="86"></String>
          </TextLine>

          
          
          <TextLine ID="eSc_line_145c2ea4"
                    TAGREFS="LT1710"
                    BASELINE="1221 1999 1986 2011" 
                    HPOS="1217"
                    VPOS="1935"
                    WIDTH="766"
                    HEIGHT="85">
            <Shape><Polygon POINTS="1220 1996 1217 2008 1977 2020 1983 2008 1983 1955 1679 1938 1676 1938 1673 1938 1632 1949 1626 1949 1609 1935 1606 1935 1603 1935 1600 1935 1220 1941 1220 1996"/></Shape>
	    <String CONTENT="adōcques lon faiſoit tournois"
                    HPOS="1217"
                    VPOS="1935"
                    WIDTH="766"
                    HEIGHT="85"></String>
          </TextLine>

          
          
          <TextLine ID="eSc_line_ed2bec0b"
                    TAGREFS="LT1710"
                    BASELINE="1218 2063 1984 2067" 
                    HPOS="1216"
                    VPOS="2011"
                    WIDTH="768"
                    HEIGHT="74">
            <Shape><Polygon POINTS="1218 2063 1216 2081 1980 2085 1984 2067 1984 2028 1837 2024 1828 2015 1828 2013 1826 2013 1824 2013 1822 2013 1820 2013 1779 2026 1777 2026 1689 2026 1664 2026 1642 2013 1641 2013 1639 2013 1637 2013 1549 2022 1520 2011 1518 2011 1516 2011 1514 2011 1461 2024 1444 2011 1442 2011 1440 2011 1438 2011 1218 2022 1218 2063"/></Shape>
	    <String CONTENT="parmi le royaulme de france."
                    HPOS="1216"
                    VPOS="2011"
                    WIDTH="768"
                    HEIGHT="74"></String>
          </TextLine>

          
          
          <TextLine ID="eSc_line_d464a49b"
                    TAGREFS="LT1710"
                    BASELINE="1221 2134 1984 2130" 
                    HPOS="1220"
                    VPOS="2071"
                    WIDTH="764"
                    HEIGHT="82">
            <Shape><Polygon POINTS="1221 2134 1221 2153 1982 2153 1984 2130 1978 2079 1720 2087 1699 2079 1683 2071 1681 2071 1679 2071 1678 2071 1664 2079 1644 2087 1621 2079 1607 2073 1605 2073 1603 2073 1602 2073 1592 2079 1572 2089 1553 2079 1547 2075 1545 2075 1543 2075 1541 2075 1539 2075 1535 2079 1520 2091 1438 2091 1424 2079 1420 2075 1420 2073 1418 2073 1416 2073 1350 2073 1348 2073 1346 2073 1344 2073 1338 2079 1329 2085 1321 2079 1317 2073 1315 2073 1313 2073 1311 2073 1220 2077 1221 2134"/></Shape>
	    <String CONTENT="Ainſi ſe maintint bertranꝸ iuſ"
                    HPOS="1220"
                    VPOS="2071"
                    WIDTH="764"
                    HEIGHT="82"></String>
          </TextLine>

          
          
          <TextLine ID="eSc_line_88f280e1"
                    TAGREFS="LT1710"
                    BASELINE="1216 2198 1984 2202" 
                    HPOS="1214"
                    VPOS="2145"
                    WIDTH="770"
                    HEIGHT="78">
            <Shape><Polygon POINTS="1216 2198 1214 2213 1231 2223 1233 2223 1235 2223 1982 2221 1984 2202 1980 2147 1906 2157 1888 2147 1886 2147 1884 2147 1882 2147 1880 2147 1878 2147 1878 2149 1867 2161 1777 2161 1767 2149 1765 2149 1765 2147 1763 2147 1761 2147 1759 2147 1713 2149 1603 2157 1596 2151 1590 2145 1588 2145 1586 2145 1584 2145 1216 2155 1216 2198"/></Shape>
	    <String CONTENT="ques ace que les gẽs ꝸu pais fi"
                    HPOS="1214"
                    VPOS="2145"
                    WIDTH="770"
                    HEIGHT="78"></String>
          </TextLine>

          
          
          <TextLine ID="eSc_line_ff66ea97"
                    TAGREFS="LT1710"
                    BASELINE="1220 2264 1976 2268" 
                    HPOS="1218"
                    VPOS="2211"
                    WIDTH="758"
                    HEIGHT="82">
            <Shape><Polygon POINTS="1220 2264 1218 2278 1329 2291 1331 2291 1524 2282 1598 2293 1600 2293 1681 2284 1937 2293 1939 2293 1941 2293 1974 2282 1976 2268 1972 2213 1913 2225 1779 2215 1748 2213 1746 2213 1744 2213 1742 2213 1740 2215 1720 2227 1650 2227 1621 2217 1600 2211 1598 2211 1596 2211 1594 2211 1582 2217 1570 2223 1518 2219 1446 2211 1444 2211 1442 2211 1424 2219 1418 2223 1414 2219 1407 2211 1405 2211 1403 2211 1401 2211 1220 2221 1220 2264"/></Shape>
	    <String CONTENT="rent plainte au ſire de bꝛon de fō"
                    HPOS="1218"
                    VPOS="2211"
                    WIDTH="758"
                    HEIGHT="82"></String>
          </TextLine>

          
          
          <TextLine ID="eSc_line_374421b2"
                    TAGREFS="LT1710"
                    BASELINE="1218 2336 1980 2332" 
                    HPOS="1216"
                    VPOS="2278"
                    WIDTH="764"
                    HEIGHT="82">
            <Shape><Polygon POINTS="1218 2336 1218 2352 1960 2360 1962 2360 1964 2360 1966 2360 1980 2348 1980 2332 1978 2293 1946 2282 1945 2282 1943 2282 1941 2282 1939 2282 1939 2284 1929 2293 1705 2293 1619 2278 1617 2278 1615 2278 1559 2293 1461 2291 1451 2282 1451 2280 1450 2280 1448 2280 1446 2280 1323 2293 1301 2280 1299 2280 1297 2280 1225 2280 1223 2280 1221 2280 1220 2280 1220 2282 1218 2282 1216 2282 1218 2336"/></Shape>
	    <String CONTENT="filᴣ qui leurs enfans guerreoit"
                    HPOS="1216"
                    VPOS="2278"
                    WIDTH="764"
                    HEIGHT="82"></String>
          </TextLine>

          
          
          <TextLine ID="eSc_line_9c9b77f1"
                    TAGREFS="LT1710"
                    BASELINE="1214 2401 1982 2401" 
                    HPOS="1214"
                    VPOS="2344"
                    WIDTH="768"
                    HEIGHT="80">
            <Shape><Polygon POINTS="1214 2401 1214 2416 1980 2424 1982 2401 1980 2354 1890 2358 1880 2354 1857 2344 1855 2344 1853 2344 1851 2344 1849 2344 1837 2354 1832 2360 1755 2360 1748 2354 1736 2346 1734 2346 1732 2346 1648 2344 1646 2344 1644 2344 1615 2356 1609 2358 1598 2356 1537 2344 1535 2344 1533 2344 1531 2344 1531 2346 1522 2356 1463 2358 1411 2358 1409 2358 1397 2346 1397 2344 1395 2344 1393 2344 1352 2344 1350 2344 1214 2358 1214 2401"/></Shape>
	    <String CONTENT="en telle maniere. A ꝸonc fit cri"
                    HPOS="1214"
                    VPOS="2344"
                    WIDTH="768"
                    HEIGHT="80"></String>
          </TextLine>

          
          
          <TextLine ID="eSc_line_3de57d11"
                    TAGREFS="LT1710"
                    BASELINE="1218 2465 1976 2471" 
                    HPOS="1216"
                    VPOS="2410"
                    WIDTH="760"
                    HEIGHT="84">
            <Shape><Polygon POINTS="1218 2465 1216 2478 1329 2492 1331 2492 1426 2482 1430 2482 1432 2482 1475 2494 1477 2494 1479 2494 1974 2488 1976 2471 1974 2430 1906 2430 1906 2428 1892 2416 1892 2414 1890 2414 1888 2414 1886 2414 1884 2414 1845 2428 1843 2428 1837 2428 1755 2418 1754 2418 1752 2418 1718 2426 1687 2412 1685 2412 1683 2412 1500 2426 1481 2426 1479 2426 1463 2412 1463 2410 1461 2410 1459 2410 1457 2410 1455 2410 1412 2422 1294 2410 1292 2410 1290 2410 1288 2410 1268 2424 1266 2424 1218 2424 1218 2465"/></Shape>
	    <String CONTENT="er le ſire ꝸu gueſclin et de bꝛon"
                    HPOS="1216"
                    VPOS="2410"
                    WIDTH="760"
                    HEIGHT="84"></String>
          </TextLine>

          
          
          <TextLine ID="eSc_line_8fbedd31"
                    TAGREFS="LT1710"
                    BASELINE="1214 2535 1978 2535" 
                    HPOS="1214"
                    VPOS="2478"
                    WIDTH="764"
                    HEIGHT="75">
            <Shape><Polygon POINTS="1214 2535 1214 2553 1978 2553 1978 2535 1978 2496 1818 2496 1791 2480 1789 2480 1787 2480 1785 2480 1754 2494 1740 2480 1740 2478 1738 2478 1736 2478 1734 2478 1668 2490 1623 2478 1621 2478 1619 2478 1617 2478 1615 2478 1605 2488 1596 2480 1596 2478 1594 2478 1592 2478 1537 2478 1535 2478 1533 2478 1531 2478 1531 2480 1518 2492 1483 2482 1481 2482 1479 2482 1477 2482 1448 2494 1397 2478 1395 2478 1393 2478 1391 2478 1389 2478 1368 2496 1214 2496 1214 2535"/></Shape>
	    <String CONTENT="que nul ne laiſſanſt aller leurs en"
                    HPOS="1214"
                    VPOS="2478"
                    WIDTH="764"
                    HEIGHT="75"></String>
          </TextLine>

          
          
          <TextLine ID="eSc_line_ef13fb7f"
                    TAGREFS="LT1710"
                    BASELINE="1214 2603 1972 2603" 
                    HPOS="1214"
                    VPOS="2549"
                    WIDTH="758"
                    HEIGHT="78">
            <Shape><Polygon POINTS="1214 2603 1214 2621 1970 2627 1972 2603 1970 2558 1802 2560 1794 2558 1761 2549 1759 2549 1757 2549 1755 2549 1754 2549 1754 2551 1744 2558 1742 2562 1625 2562 1623 2560 1613 2551 1613 2549 1611 2549 1609 2549 1496 2549 1494 2549 1492 2549 1490 2549 1490 2551 1479 2560 1479 2562 1434 2562 1395 2562 1358 2549 1356 2549 1354 2549 1352 2549 1350 2549 1350 2551 1338 2562 1272 2562 1233 2549 1231 2549 1229 2549 1227 2549 1225 2549 1214 2556 1214 2603"/></Shape>
	    <String CONTENT="fans avec.b. Quant Bertrand"
                    HPOS="1214"
                    VPOS="2549"
                    WIDTH="758"
                    HEIGHT="78"></String>
          </TextLine>

          
          
          <TextLine ID="eSc_line_c56f135c"
                    TAGREFS="LT1710"
                    BASELINE="1216 2673 1976 2669" 
                    HPOS="1214"
                    VPOS="2617"
                    WIDTH="762"
                    HEIGHT="82">
            <Shape><Polygon POINTS="1216 2673 1216 2689 1461 2699 1463 2699 1465 2699 1467 2699 1479 2689 1551 2697 1553 2697 1639 2687 1642 2687 1644 2687 1676 2697 1678 2697 1679 2697 1738 2687 1800 2697 1802 2697 1804 2697 1833 2687 1958 2697 1960 2697 1962 2697 1964 2697 1976 2685 1976 2669 1970 2621 1479 2629 1459 2629 1239 2617 1237 2617 1235 2617 1233 2617 1214 2627 1216 2673"/></Shape>
	    <String CONTENT="ƃiſt et apparceut que nul enfãt"
                    HPOS="1214"
                    VPOS="2617"
                    WIDTH="762"
                    HEIGHT="82"></String>
          </TextLine>

          
          
          <TextLine ID="eSc_line_d0461886"
                    TAGREFS="LT1710"
                    BASELINE="1212 2738 1976 2738" 
                    HPOS="1212"
                    VPOS="2681"
                    WIDTH="764"
                    HEIGHT="86">
            <Shape><Polygon POINTS="1212 2738 1212 2755 1518 2755 1527 2763 1527 2765 1529 2765 1531 2765 1533 2767 1748 2767 1748 2765 1750 2765 1752 2765 1765 2755 1908 2765 1909 2765 1976 2753 1976 2738 1974 2697 1884 2697 1882 2697 1870 2685 1870 2683 1869 2683 1867 2683 1812 2681 1810 2681 1808 2681 1806 2681 1783 2697 1781 2699 1744 2699 1740 2697 1687 2681 1685 2681 1683 2681 1619 2697 1617 2697 1615 2697 1580 2681 1578 2681 1576 2681 1574 2681 1533 2697 1510 2681 1508 2681 1506 2681 1444 2681 1442 2681 1440 2681 1438 2681 1414 2697 1393 2681 1391 2681 1389 2681 1387 2681 1335 2691 1299 2681 1297 2681 1296 2681 1294 2681 1292 2681 1292 2683 1276 2697 1276 2699 1212 2699 1212 2738"/></Shape>
	    <String CONTENT="ne le ƃouloit plus fuyr il ſe pꝛe"
                    HPOS="1212"
                    VPOS="2681"
                    WIDTH="764"
                    HEIGHT="86"></String>
          </TextLine>

          
          
          <TextLine ID="eSc_line_69076988"
                    TAGREFS="LT1710"
                    BASELINE="1210 2806 1982 2806" 
                    HPOS="1210"
                    VPOS="2749"
                    WIDTH="772"
                    HEIGHT="84">
            <Shape><Polygon POINTS="1210 2806 1210 2821 1980 2833 1982 2806 1982 2763 1937 2749 1935 2749 1933 2749 1931 2749 1894 2765 1793 2765 1771 2749 1769 2749 1767 2749 1765 2749 1763 2749 1734 2761 1703 2749 1701 2749 1699 2749 1697 2749 1670 2763 1631 2749 1629 2749 1627 2749 1625 2749 1623 2749 1605 2763 1551 2749 1549 2749 1547 2749 1481 2763 1430 2749 1428 2749 1426 2749 1424 2749 1422 2749 1422 2751 1411 2763 1329 2763 1297 2749 1296 2749 1294 2749 1292 2749 1290 2749 1290 2751 1276 2765 1210 2765 1210 2806"/></Shape>
	    <String CONTENT="noit a eulx et les faiſoit comba"
                    HPOS="1210"
                    VPOS="2749"
                    WIDTH="772"
                    HEIGHT="84"></String>
          </TextLine>

          
          
          <TextLine ID="eSc_line_a1d9b31a"
                    TAGREFS="LT1710"
                    BASELINE="1208 2876 1982 2876" 
                    HPOS="1208"
                    VPOS="2820"
                    WIDTH="774"
                    HEIGHT="91">
            <Shape><Polygon POINTS="1208 2876 1208 2896 1370 2897 1385 2909 1387 2909 1389 2909 1391 2909 1506 2897 1514 2897 1520 2897 1648 2909 1650 2911 1736 2911 1736 2909 1738 2909 1740 2909 1752 2899 1763 2909 1765 2909 1767 2909 1769 2909 1982 2897 1982 2876 1982 2831 1945 2820 1943 2820 1941 2820 1880 2831 1833 2820 1832 2820 1830 2820 1828 2820 1783 2833 1635 2833 1623 2821 1623 2820 1621 2820 1619 2820 1617 2820 1561 2829 1494 2820 1492 2820 1490 2820 1488 2820 1473 2833 1418 2833 1336 2820 1335 2820 1333 2820 1331 2820 1331 2821 1319 2833 1208 2833 1208 2876"/></Shape>
	    <String CONTENT="tre a luy oultre leur gre¶A  ꝸōt"
                    HPOS="1208"
                    VPOS="2820"
                    WIDTH="774"
                    HEIGHT="91"></String>
          </TextLine>

          
        </TextBlock>
        
        <TextBlock HPOS="1988"
                   VPOS="428"
                   WIDTH="9"
                   HEIGHT="5"
                   ID="eSc_textblock_f0f6665b"
                   TAGREFS="BT5181">
          <Shape><Polygon POINTS="1991 428 1997 430 1997 433 1988 433"/></Shape>
          
        </TextBlock>
        
        <TextBlock HPOS="2014"
                   VPOS="718"
                   WIDTH="20"
                   HEIGHT="21"
                   ID="eSc_textblock_b2249fe7"
                   >
          <Shape><Polygon POINTS="2034 718 2034 739 2014 739 2014 718"/></Shape>
          
        </TextBlock>
        
        <TextBlock HPOS="1927"
                   VPOS="519"
                   WIDTH="21"
                   HEIGHT="7"
                   ID="eSc_textblock_7a3b6e0d"
                   TAGREFS="BT5179">
          <Shape><Polygon POINTS="1934 519 1948 519 1948 526 1927 526"/></Shape>
          
        </TextBlock>
        
        <TextBlock HPOS="1224"
                   VPOS="2803"
                   WIDTH="811"
                   HEIGHT="79"
                   ID="eSc_textblock_dc341f81"
                   TAGREFS="BT5179">
          <Shape><Polygon POINTS="2035 2882 1224 2882 1224 2803 2035 2803"/></Shape>
          
        </TextBlock>
        

        
        <TextBlock ID="eSc_dummyblock_">
          
          
          <TextLine ID="eSc_line_e374961f"
                    TAGREFS="LT2"
                    BASELINE="1985 491 2028 487" 
                    HPOS="1980"
                    VPOS="430"
                    WIDTH="48"
                    HEIGHT="74">
            <Shape><Polygon POINTS="1999 430 1980 442 1985 491 1985 504 2028 504 2028 487 2021 436 2019 436"/></Shape>
	    <String CONTENT="3."
                    HPOS="1980"
                    VPOS="430"
                    WIDTH="48"
                    HEIGHT="74"></String>
          </TextLine>

          
          
          <TextLine ID="eSc_line_c7030fc0"
                    TAGREFS="LT4"
                    BASELINE="1861 2940 1974 2940" 
                    HPOS="1861"
                    VPOS="2884"
                    WIDTH="113"
                    HEIGHT="88">
            <Shape><Polygon POINTS="1861 2958 1925 2972 1927 2972 1929 2972 1974 2958 1974 2940 1972 2884 1861 2903 1861 2940"/></Shape>
	    <String CONTENT="a iii"
                    HPOS="1861"
                    VPOS="2884"
                    WIDTH="113"
                    HEIGHT="88"></String>
          </TextLine>

          
        </TextBlock>
        
      </PrintSpace>
    </Page>
  </Layout>
</alto>
