<?xml version="1.0" encoding="UTF-8"?>
<alto xmlns:xsi="http://www.w3.org/2001/XMLSchema-instance"
      xmlns="http://www.loc.gov/standards/alto/ns-v4#"
      xsi:schemaLocation="http://www.loc.gov/standards/alto/ns-v4# http://www.loc.gov/standards/alto/v4/alto-4-2.xsd">
  <Description>
    <MeasurementUnit>pixel</MeasurementUnit>
    <sourceImageInformation>
      <fileName>7_9c59b_default.jpg</fileName>
      <fileIdentifier>https://gallica.bnf.fr/iiif/ark:/12148/bpt6k1110614/f8/full/full/0/default.jpg</fileIdentifier>
    </sourceImageInformation>
  </Description>
  
  <Tags>
    <OtherTag ID="BT5219" LABEL="Drop Capital" DESCRIPTION="block type Drop Capital"/><OtherTag ID="BT5181" LABEL="text" DESCRIPTION="block type text"/><OtherTag ID="BT5179" LABEL="Column" DESCRIPTION="block type Column"/><OtherTag ID="BT4" LABEL="Illustration" DESCRIPTION="block type Illustration"/><OtherTag ID="BT2" LABEL="Main" DESCRIPTION="block type Main"/><OtherTag ID="BT1" LABEL="Title" DESCRIPTION="block type Title"/>
    <OtherTag ID="LT1710" LABEL="default" DESCRIPTION="line type default"/><OtherTag ID="LT4" LABEL="Signature" DESCRIPTION="line type Signature"/><OtherTag ID="LT2" LABEL="Numbering" DESCRIPTION="line type Numbering"/>
  </Tags>
  
  <Layout>
    <Page WIDTH="2481"
          HEIGHT="3508"
          PHYSICAL_IMG_NR="4"
          ID="eSc_dummypage_">
      <PrintSpace HPOS="0"
                  VPOS="0"
                  WIDTH="2481"
                  HEIGHT="3508">
        
        <TextBlock HPOS="432"
                   VPOS="508"
                   WIDTH="851"
                   HEIGHT="2389"
                   ID="eSc_textblock_ba74a8f0"
                   TAGREFS="BT5179">
          <Shape><Polygon POINTS="432 508 451 2897 1283 2879 1283 508"/></Shape>
          
          
          <TextLine ID="eSc_line_e5e89019"
                    TAGREFS="LT1710"
                    BASELINE="487 555 1277 561" 
                    HPOS="482"
                    VPOS="488"
                    WIDTH="793"
                    HEIGHT="90">
            <Shape><Polygon POINTS="485 552 482 567 1269 578 1275 558 1272 505 1164 488 1161 488 997 496 912 502 485 488 485 552"/></Shape>
	    <String CONTENT="retournerēt les peres des ēfans"
                    HPOS="482"
                    VPOS="488"
                    WIDTH="793"
                    HEIGHT="90"></String>
          </TextLine>

          
          
          <TextLine ID="eSc_line_2a3b9782"
                    TAGREFS="LT1710"
                    BASELINE="489 625 1276 615" 
                    HPOS="487"
                    VPOS="563"
                    WIDTH="789"
                    HEIGHT="78">
            <Shape><Polygon POINTS="489 625 489 641 1274 631 1276 615 1272 578 1183 578 1151 563 1149 563 1147 563 1145 563 1103 578 1081 565 1079 565 1077 565 1075 565 1073 565 1071 565 1052 576 1013 565 1011 565 1009 565 1007 565 1005 565 1005 567 992 580 927 580 888 567 886 567 884 567 882 567 880 567 880 569 867 580 728 569 726 569 725 569 723 569 711 580 674 569 672 569 670 569 668 569 666 569 666 571 650 584 598 584 576 572 574 572 572 572 571 572 569 572 567 572 553 582 496 574 495 574 493 574 491 574 491 576 489 576 487 576 489 625"/></Shape>
	    <String CONTENT="œuers le ſire de Bron faire leur"
                    HPOS="487"
                    VPOS="563"
                    WIDTH="789"
                    HEIGHT="78"></String>
          </TextLine>

          
          
          <TextLine ID="eSc_line_91727b5e"
                    TAGREFS="LT1710"
                    BASELINE="487 693 1243 693" 
                    HPOS="485"
                    VPOS="637"
                    WIDTH="755"
                    HEIGHT="85">
            <Shape><Polygon POINTS="485 692 485 722 1240 710 1240 692 1237 637 485 637 485 692"/></Shape>
	    <String CONTENT="plainte de ſon filᴣ leq̃l il fit em ⸝"
                    HPOS="485"
                    VPOS="637"
                    WIDTH="755"
                    HEIGHT="85"></String>
          </TextLine>

          
          
          <TextLine ID="eSc_line_dbe441b9"
                    TAGREFS="LT1710"
                    BASELINE="485 760 1253 750" 
                    HPOS="483"
                    VPOS="697"
                    WIDTH="770"
                    HEIGHT="92">
            <Shape><Polygon POINTS="485 760 485 773 582 789 584 789 586 789 588 789 588 787 598 777 707 773 789 787 791 787 892 769 1087 769 1114 781 1116 781 1118 781 1175 769 1229 781 1231 781 1233 781 1235 781 1253 765 1253 750 1249 711 1097 697 1095 697 1093 697 1091 697 1091 699 1077 713 1075 713 1071 713 1013 699 1011 699 1009 699 1007 699 1007 701 995 711 956 701 954 701 953 701 951 701 910 715 906 715 894 715 756 703 754 703 629 719 619 719 617 719 604 707 604 705 602 705 600 705 547 705 545 705 483 719 485 760"/></Shape>
	    <String CONTENT="priſonner¶Si aduint q̃ ƃng"
                    HPOS="483"
                    VPOS="697"
                    WIDTH="770"
                    HEIGHT="92"></String>
          </TextLine>

          
          
          <TextLine ID="eSc_line_2160fc96"
                    TAGREFS="LT1710"
                    BASELINE="485 826 1251 818" 
                    HPOS="483"
                    VPOS="765"
                    WIDTH="768"
                    HEIGHT="80">
            <Shape><Polygon POINTS="485 845 1249 834 1251 818 1247 779 1181 765 1179 765 1177 765 1175 765 1153 779 1052 779 865 767 863 767 861 767 816 781 726 769 725 769 723 769 721 769 721 771 709 781 613 771 611 771 610 771 608 771 596 783 559 771 557 771 555 771 553 771 551 771 551 773 539 783 502 771 500 771 498 771 496 771 495 771 495 773 483 783 485 826"/></Shape>
	    <String CONTENT="ſoir ƃne chambriere portoit a"
                    HPOS="483"
                    VPOS="765"
                    WIDTH="768"
                    HEIGHT="80"></String>
          </TextLine>

          
          
          <TextLine ID="eSc_line_f5073f46"
                    TAGREFS="LT1710"
                    BASELINE="487 892 1253 884" 
                    HPOS="485"
                    VPOS="834"
                    WIDTH="768"
                    HEIGHT="81">
            <Shape><Polygon POINTS="487 892 487 906 610 915 611 915 1253 900 1253 884 1249 847 1029 834 1027 834 1025 834 1023 834 1005 847 970 834 968 834 966 834 964 834 962 834 962 836 951 847 902 847 871 834 869 834 867 834 799 845 709 836 707 836 705 836 664 851 553 838 551 838 485 853 487 892"/></Shape>
	    <String CONTENT="mẽger a Bertrãnd. ainſi comme"
                    HPOS="485"
                    VPOS="834"
                    WIDTH="768"
                    HEIGHT="81"></String>
          </TextLine>

          
          
          <TextLine ID="eSc_line_a6047e05"
                    TAGREFS="LT1710"
                    BASELINE="479 956 1251 951" 
                    HPOS="477"
                    VPOS="896"
                    WIDTH="774"
                    HEIGHT="88">
            <Shape><Polygon POINTS="479 956 479 974 732 984 734 984 736 984 738 984 752 972 754 972 760 972 810 982 812 982 949 972 951 972 988 982 990 982 992 982 1249 968 1251 951 1249 912 1220 896 1218 896 1216 896 1214 896 1175 912 1116 896 1114 896 1073 896 1071 896 1069 896 1068 896 1068 898 1050 912 966 898 964 898 962 898 960 898 939 914 937 914 931 914 732 898 730 898 728 898 682 915 680 917 576 917 576 915 561 902 561 900 559 900 557 900 516 900 514 900 512 900 477 914 479 956"/></Shape>
	    <String CONTENT="elle ouuriſt luys de la priſon.b."
                    HPOS="477"
                    VPOS="896"
                    WIDTH="774"
                    HEIGHT="88"></String>
          </TextLine>

          
          
          <TextLine ID="eSc_line_154ccd0e"
                    TAGREFS="LT1710"
                    BASELINE="483 1025 1251 1019" 
                    HPOS="481"
                    VPOS="962"
                    WIDTH="770"
                    HEIGHT="90">
            <Shape><Polygon POINTS="483 1025 483 1038 615 1052 617 1052 619 1052 660 1040 861 1050 863 1050 1009 1036 1101 1048 1103 1048 1105 1048 1106 1048 1122 1036 1198 1044 1200 1044 1251 1032 1251 1019 1245 966 1126 978 1116 968 1110 964 1110 962 1108 962 1106 962 1042 962 1040 962 1038 962 1036 962 1036 964 1029 970 1021 980 976 980 960 972 945 964 943 964 941 964 939 964 937 964 925 974 917 980 898 974 863 964 861 964 859 964 857 964 826 976 816 980 810 976 791 964 789 964 787 964 742 964 740 964 738 964 736 964 736 966 725 978 721 984 658 984 650 980 598 966 596 966 594 966 592 966 590 966 569 982 569 984 481 984 483 1025"/></Shape>
	    <String CONTENT="en yſſit et luy oſta les clefᴣ et lẽ"
                    HPOS="481"
                    VPOS="962"
                    WIDTH="770"
                    HEIGHT="90"></String>
          </TextLine>

          
          
          <TextLine ID="eSc_line_f02a2604"
                    TAGREFS="LT1710"
                    BASELINE="487 1091 1253 1083" 
                    HPOS="485"
                    VPOS="1029"
                    WIDTH="768"
                    HEIGHT="85">
            <Shape><Polygon POINTS="487 1091 487 1112 822 1105 830 1106 853 1114 855 1114 857 1114 859 1114 861 1114 861 1112 869 1106 871 1103 954 1103 974 1105 1050 1112 1052 1112 1054 1112 1056 1112 1056 1110 1058 1110 1064 1103 1066 1101 1093 1103 1227 1110 1229 1110 1231 1110 1253 1099 1253 1083 1249 1050 1179 1050 1159 1030 1159 1029 1157 1029 1155 1029 1108 1029 1106 1029 1105 1029 1103 1029 1103 1030 1081 1048 1030 1048 1003 1030 1001 1030 999 1030 997 1030 995 1030 993 1030 960 1050 914 1030 912 1030 910 1030 908 1030 906 1030 906 1032 888 1048 853 1052 839 1054 797 1054 795 1052 769 1032 767 1032 765 1032 763 1032 662 1042 660 1042 658 1042 647 1052 645 1054 633 1052 500 1034 498 1034 496 1034 495 1034 495 1036 485 1046 487 1091"/></Shape>
	    <String CONTENT="ferma deꝸēs. puis ſen alla de"
                    HPOS="485"
                    VPOS="1029"
                    WIDTH="768"
                    HEIGHT="85"></String>
          </TextLine>

          
          
          <TextLine ID="eSc_line_401309d3"
                    TAGREFS="LT1710"
                    BASELINE="483 1161 1251 1151" 
                    HPOS="481"
                    VPOS="1101"
                    WIDTH="770"
                    HEIGHT="76">
            <Shape><Polygon POINTS="483 1161 483 1177 1249 1167 1251 1151 1247 1112 1106 1101 1105 1101 1103 1101 1101 1101 1101 1103 1089 1112 958 1103 956 1103 954 1103 953 1103 935 1114 678 1106 676 1106 674 1106 672 1106 672 1108 662 1116 565 1108 563 1108 481 1120 483 1161"/></Shape>
	    <String CONTENT="nuit en luna des maiſons ſon pe"
                    HPOS="481"
                    VPOS="1101"
                    WIDTH="770"
                    HEIGHT="76"></String>
          </TextLine>

          
          
          <TextLine ID="eSc_line_4ef0d525"
                    TAGREFS="LT1710"
                    BASELINE="485 1223 1251 1218" 
                    HPOS="483"
                    VPOS="1167"
                    WIDTH="768"
                    HEIGHT="84">
            <Shape><Polygon POINTS="485 1223 485 1241 687 1251 689 1251 892 1239 902 1239 906 1239 978 1249 980 1249 982 1249 1005 1237 1007 1237 1027 1237 1157 1247 1159 1247 1249 1235 1251 1218 1247 1181 1190 1167 1188 1167 1087 1179 1011 1167 1009 1167 1007 1167 970 1181 929 1169 927 1169 925 1169 873 1181 845 1169 843 1169 841 1169 791 1179 738 1169 736 1169 734 1169 732 1169 713 1182 615 1171 613 1171 611 1171 610 1171 610 1173 600 1181 592 1175 590 1175 588 1175 586 1175 483 1184 485 1223"/></Shape>
	    <String CONTENT="re. et la pꝛint ƃne iument et ſen"
                    HPOS="483"
                    VPOS="1167"
                    WIDTH="768"
                    HEIGHT="84"></String>
          </TextLine>

          
          
          <TextLine ID="eSc_line_7eed5ba4"
                    TAGREFS="LT1710"
                    BASELINE="485 1294 1251 1284" 
                    HPOS="483"
                    VPOS="1231"
                    WIDTH="768"
                    HEIGHT="88">
            <Shape><Polygon POINTS="485 1294 485 1309 602 1319 604 1319 606 1319 635 1309 639 1307 650 1307 719 1317 721 1317 912 1305 916 1305 939 1315 941 1315 943 1315 945 1315 990 1303 995 1303 1003 1303 1093 1313 1095 1313 1097 1313 1099 1313 1110 1301 1249 1299 1251 1284 1247 1251 1132 1251 1097 1231 1095 1231 1093 1231 1091 1231 1054 1249 995 1249 976 1233 974 1233 972 1233 970 1233 968 1233 919 1245 855 1235 853 1235 851 1235 849 1235 849 1237 832 1253 678 1243 676 1243 608 1255 592 1241 592 1239 590 1239 588 1239 528 1239 526 1239 524 1239 483 1257 485 1294"/></Shape>
	    <String CONTENT="alla a regnes. Le ſire de bꝛō a⸝"
                    HPOS="483"
                    VPOS="1231"
                    WIDTH="768"
                    HEIGHT="88"></String>
          </TextLine>

          
          
          <TextLine ID="eSc_line_0b3280bf"
                    TAGREFS="LT1710"
                    BASELINE="485 1362 1255 1352" 
                    HPOS="483"
                    VPOS="1303"
                    WIDTH="772"
                    HEIGHT="82">
            <Shape><Polygon POINTS="485 1362 485 1375 635 1385 637 1385 697 1375 734 1385 736 1385 738 1385 828 1372 836 1372 841 1372 943 1383 945 1383 1052 1370 1227 1377 1229 1377 1231 1377 1255 1366 1255 1352 1249 1315 1048 1315 1017 1303 1015 1303 1013 1303 763 1319 752 1309 752 1307 750 1307 748 1307 746 1307 744 1307 703 1317 637 1307 635 1307 483 1323 485 1362"/></Shape>
	    <String CONTENT="uoit ƃne ſuer a regnes mariee"
                    HPOS="483"
                    VPOS="1303"
                    WIDTH="772"
                    HEIGHT="82"></String>
          </TextLine>

          
          
          <TextLine ID="eSc_line_1fbd645b"
                    TAGREFS="LT1710"
                    BASELINE="487 1426 1257 1420" 
                    HPOS="485"
                    VPOS="1366"
                    WIDTH="772"
                    HEIGHT="89">
            <Shape><Polygon POINTS="487 1426 487 1440 699 1455 701 1455 886 1440 900 1451 900 1453 902 1453 904 1453 906 1455 974 1455 974 1453 976 1453 978 1453 999 1438 1077 1451 1079 1451 1081 1451 1083 1451 1103 1438 1257 1434 1257 1420 1255 1381 1233 1370 1231 1370 1229 1370 1227 1370 1225 1370 1214 1381 1145 1381 1130 1368 1130 1366 1128 1366 1126 1366 1066 1366 1064 1366 1062 1366 1032 1381 880 1381 801 1368 799 1368 797 1368 738 1383 709 1370 707 1370 643 1370 641 1370 639 1370 608 1383 549 1370 547 1370 545 1370 543 1370 543 1372 530 1385 485 1385 487 1426"/></Shape>
	    <String CONTENT="a ƃne cheualier de grãt hōneur"
                    HPOS="485"
                    VPOS="1366"
                    WIDTH="772"
                    HEIGHT="89"></String>
          </TextLine>

          
          
          <TextLine ID="eSc_line_674213a3"
                    TAGREFS="LT1710"
                    BASELINE="495 1490 1259 1487" 
                    HPOS="493"
                    VPOS="1438"
                    WIDTH="766"
                    HEIGHT="70">
            <Shape><Polygon POINTS="495 1490 495 1508 1257 1504 1259 1487 1255 1451 1142 1451 1130 1440 1130 1438 1128 1438 1126 1438 1124 1438 1122 1438 1081 1449 1034 1438 1032 1438 1030 1438 1029 1438 1027 1438 1027 1440 1017 1448 988 1438 986 1438 984 1438 865 1453 547 1453 508 1440 506 1440 504 1440 502 1440 500 1440 500 1442 498 1442 493 1448 495 1490"/></Shape>
	    <String CONTENT="a regnes de mouroit la ſetra ⸝"
                    HPOS="493"
                    VPOS="1438"
                    WIDTH="766"
                    HEIGHT="70"></String>
          </TextLine>

          
          
          <TextLine ID="eSc_line_b13d3a79"
                    TAGREFS="LT1710"
                    BASELINE="485 1561 1251 1555" 
                    HPOS="483"
                    VPOS="1498"
                    WIDTH="768"
                    HEIGHT="88">
            <Shape><Polygon POINTS="485 1561 485 1576 652 1586 654 1586 793 1574 801 1574 802 1574 838 1584 839 1584 841 1584 1036 1572 1042 1572 1044 1572 1233 1582 1235 1582 1237 1582 1239 1582 1251 1570 1251 1555 1249 1516 1221 1502 1220 1502 1218 1502 1216 1502 1214 1502 1198 1514 1171 1498 1169 1498 1167 1498 1165 1498 1163 1498 1163 1500 1145 1516 1050 1516 1025 1502 1023 1502 1021 1502 1019 1502 988 1516 953 1498 951 1498 949 1498 947 1498 945 1498 925 1516 888 1498 886 1498 884 1498 882 1498 880 1498 861 1516 801 1516 750 1498 748 1498 746 1498 744 1498 742 1498 713 1518 711 1518 707 1518 625 1500 623 1500 528 1510 496 1500 495 1500 493 1500 491 1500 489 1500 489 1502 487 1502 483 1504 485 1561"/></Shape>
	    <String CONTENT="hiſt.B. Et quãt la dame ſon"
                    HPOS="483"
                    VPOS="1498"
                    WIDTH="768"
                    HEIGHT="88"></String>
          </TextLine>

          
          
          <TextLine ID="eSc_line_8ae0d560"
                    TAGREFS="LT1710"
                    BASELINE="487 1627 1257 1621" 
                    HPOS="485"
                    VPOS="1568"
                    WIDTH="772"
                    HEIGHT="84">
            <Shape><Polygon POINTS="487 1627 487 1642 500 1652 502 1652 504 1652 506 1652 563 1642 726 1652 728 1652 730 1652 732 1652 746 1640 1212 1648 1214 1648 1216 1648 1257 1635 1257 1621 1255 1584 1220 1568 1218 1568 1216 1568 1214 1568 1183 1582 1058 1582 1046 1570 1046 1568 1044 1568 1042 1568 1040 1568 943 1570 941 1570 939 1570 939 1572 925 1582 923 1584 904 1582 814 1576 812 1576 721 1582 668 1586 664 1582 654 1574 654 1572 652 1572 650 1572 648 1572 647 1572 621 1582 611 1586 596 1582 571 1576 569 1576 567 1576 565 1576 541 1582 528 1586 522 1582 506 1572 504 1572 502 1572 500 1572 498 1572 485 1578 487 1627"/></Shape>
	    <String CONTENT="hãte lapparceut elle jut moult"
                    HPOS="485"
                    VPOS="1568"
                    WIDTH="772"
                    HEIGHT="84"></String>
          </TextLine>

          
          
          <TextLine ID="eSc_line_711cbd99"
                    TAGREFS="LT1710"
                    BASELINE="485 1695 1251 1687" 
                    HPOS="483"
                    VPOS="1637"
                    WIDTH="768"
                    HEIGHT="85">
            <Shape><Polygon POINTS="485 1695 485 1707 668 1722 670 1722 672 1722 703 1711 882 1718 884 1718 886 1718 888 1718 888 1716 904 1705 978 1715 980 1715 1058 1703 1083 1716 1085 1716 1087 1716 1089 1716 1116 1703 1196 1716 1198 1716 1200 1716 1251 1699 1251 1687 1247 1648 1196 1637 1194 1637 1138 1646 1073 1637 1071 1637 1069 1637 1068 1637 1052 1648 654 1642 652 1642 650 1642 648 1642 648 1644 639 1652 495 1642 493 1642 491 1642 489 1642 489 1644 487 1644 483 1646 485 1695"/></Shape>
	    <String CONTENT="liee de la ƃenue pource q̃ deſta"
                    HPOS="483"
                    VPOS="1637"
                    WIDTH="768"
                    HEIGHT="85"></String>
          </TextLine>

          
          
          <TextLine ID="eSc_line_ca174025"
                    TAGREFS="LT1710"
                    BASELINE="485 1761 1249 1755" 
                    HPOS="483"
                    VPOS="1705"
                    WIDTH="766"
                    HEIGHT="82">
            <Shape><Polygon POINTS="485 1761 485 1777 728 1787 730 1787 732 1787 734 1787 734 1785 736 1785 742 1777 750 1785 752 1785 754 1785 756 1785 914 1775 921 1775 925 1775 990 1785 992 1785 1247 1771 1249 1755 1243 1705 1066 1716 1023 1709 992 1705 990 1705 988 1705 986 1705 986 1707 980 1711 972 1718 908 1713 845 1707 843 1707 841 1707 839 1707 828 1715 820 1718 801 1715 771 1711 769 1711 767 1711 748 1716 732 1722 637 1722 633 1720 606 1709 604 1709 602 1709 600 1709 598 1709 598 1711 586 1720 586 1722 483 1722 485 1761"/></Shape>
	    <String CONTENT="auoit ouy parler de ſson maitié"
                    HPOS="483"
                    VPOS="1705"
                    WIDTH="766"
                    HEIGHT="82"></String>
          </TextLine>

          
          
          <TextLine ID="eSc_line_57909b4a"
                    TAGREFS="LT1710"
                    BASELINE="483 1826 1257 1826" 
                    HPOS="483"
                    VPOS="1771"
                    WIDTH="774"
                    HEIGHT="72">
            <Shape><Polygon POINTS="483 1826 483 1843 1257 1843 1257 1826 1255 1773 1196 1787 884 1787 865 1779 841 1771 839 1771 838 1771 836 1771 834 1771 834 1773 826 1779 820 1787 789 1787 771 1781 736 1771 734 1771 732 1771 730 1771 728 1771 713 1781 709 1785 707 1781 695 1773 695 1771 693 1771 691 1771 647 1771 645 1771 643 1771 641 1771 641 1773 629 1783 627 1787 594 1787 590 1785 555 1771 553 1771 551 1771 549 1771 547 1771 547 1773 535 1785 483 1785 483 1826"/></Shape>
	    <String CONTENT="et luy dit. Ha beau nepueu mal"
                    HPOS="483"
                    VPOS="1771"
                    WIDTH="774"
                    HEIGHT="72"></String>
          </TextLine>

          
          
          <TextLine ID="eSc_line_44e99c80"
                    TAGREFS="LT1710"
                    BASELINE="489 1894 1251 1890" 
                    HPOS="487"
                    VPOS="1831"
                    WIDTH="764"
                    HEIGHT="88">
            <Shape><Polygon POINTS="489 1894 489 1909 744 1919 746 1919 748 1919 750 1919 750 1917 760 1909 916 1917 917 1917 919 1917 941 1907 943 1907 1081 1907 1126 1907 1227 1917 1229 1917 1231 1917 1233 1917 1251 1906 1251 1890 1247 1847 1192 1833 1190 1833 1188 1833 1144 1845 1050 1831 1048 1831 1046 1831 1044 1831 1044 1833 1030 1845 1007 1831 1005 1831 898 1831 896 1831 894 1831 863 1847 777 1835 775 1835 725 1847 709 1835 709 1833 707 1833 705 1833 662 1833 660 1833 658 1833 656 1833 656 1835 643 1849 604 1849 561 1833 559 1833 557 1833 555 1833 553 1833 553 1835 537 1849 487 1849 489 1894"/></Shape>
	    <String CONTENT="reſſembleᴣ la raſſe ꝸõt ƃoɂ eſteᴣ"
                    HPOS="487"
                    VPOS="1831"
                    WIDTH="764"
                    HEIGHT="88"></String>
          </TextLine>

          
          
          <TextLine ID="eSc_line_cbc565f5"
                    TAGREFS="LT1710"
                    BASELINE="487 1972 639 1962 1251 1956" 
                    HPOS="485"
                    VPOS="1898"
                    WIDTH="766"
                    HEIGHT="97">
            <Shape><Polygon POINTS="487 1972 487 1995 949 1976 1009 1976 1017 1980 1027 1987 1029 1987 1030 1987 1032 1987 1112 1976 1122 1976 1130 1976 1221 1985 1223 1985 1225 1985 1251 1972 1251 1956 1247 1913 1116 1898 1114 1898 1112 1898 1060 1915 878 1915 791 1902 789 1902 719 1917 689 1904 687 1904 686 1904 684 1904 682 1904 662 1917 613 1906 611 1906 610 1906 608 1906 574 1919 535 1906 534 1906 532 1906 530 1906 485 1921 487 1972"/></Shape>
	    <String CONTENT="yſſu q̃ ainſi ƃoɂ demeneᴣ ƃllay⸝"
                    HPOS="485"
                    VPOS="1898"
                    WIDTH="766"
                    HEIGHT="97"></String>
          </TextLine>

          
          
          <TextLine ID="eSc_line_b9987fcd"
                    TAGREFS="LT1710"
                    BASELINE="487 2028 1253 2024" 
                    HPOS="485"
                    VPOS="1970"
                    WIDTH="768"
                    HEIGHT="76">
            <Shape><Polygon POINTS="487 2028 487 2046 1251 2042 1253 2024 1247 1983 1124 1983 1120 1983 1048 1970 1046 1970 982 1983 968 1972 968 1970 966 1970 964 1970 933 1970 931 1970 929 1970 927 1970 906 1983 869 1970 867 1970 865 1970 826 1972 824 1972 822 1972 822 1974 810 1983 799 1974 799 1972 797 1972 795 1972 793 1972 713 1985 672 1972 670 1972 668 1972 666 1972 664 1972 664 1974 652 1983 647 1978 645 1978 643 1978 641 1978 485 1987 487 2028"/></Shape>
	    <String CONTENT="nemẽt. la eſtoit cheualier mar"
                    HPOS="485"
                    VPOS="1970"
                    WIDTH="768"
                    HEIGHT="76"></String>
          </TextLine>

          
          
          <TextLine ID="eSc_line_0105b8a3"
                    TAGREFS="LT1710"
                    BASELINE="489 2097 1253 2093" 
                    HPOS="487"
                    VPOS="2036"
                    WIDTH="766"
                    HEIGHT="84">
            <Shape><Polygon POINTS="489 2097 489 2110 684 2120 686 2120 812 2110 814 2110 841 2120 843 2120 845 2120 1251 2106 1253 2093 1249 2050 986 2036 984 2036 894 2048 871 2036 869 2036 867 2036 820 2038 818 2038 816 2038 816 2040 804 2050 613 2038 611 2038 610 2038 584 2052 487 2052 489 2097"/></Shape>
	    <String CONTENT="ry de la dame q̃ luy ꝸiſt. Dame"
                    HPOS="487"
                    VPOS="2036"
                    WIDTH="766"
                    HEIGHT="84"></String>
          </TextLine>

          
          
          <TextLine ID="eSc_line_12caa326"
                    TAGREFS="LT1710"
                    BASELINE="483 2167 1255 2159" 
                    HPOS="481"
                    VPOS="2100"
                    WIDTH="774"
                    HEIGHT="88">
            <Shape><Polygon POINTS="483 2167 483 2180 775 2188 777 2188 779 2188 806 2178 808 2178 810 2178 867 2188 869 2188 871 2188 906 2176 910 2176 919 2176 1007 2186 1009 2186 1060 2174 1068 2174 1081 2174 1173 2184 1175 2184 1253 2173 1255 2159 1249 2116 1177 2116 1175 2116 1149 2102 1147 2102 1145 2102 1144 2102 1142 2102 1142 2104 1126 2116 1114 2116 1025 2116 986 2100 984 2100 982 2100 980 2100 978 2100 951 2118 849 2104 847 2104 845 2104 822 2118 808 2104 808 2102 806 2102 804 2102 719 2102 717 2102 715 2102 713 2102 713 2104 695 2122 641 2122 635 2122 617 2106 617 2104 615 2104 613 2104 555 2104 553 2104 551 2104 549 2104 530 2118 504 2104 502 2104 500 2104 498 2104 496 2104 481 2116 483 2167"/></Shape>
	    <String CONTENT="laiſſes a.B.ſoy aq̃ter de ieu⸝"
                    HPOS="481"
                    VPOS="2100"
                    WIDTH="774"
                    HEIGHT="88"></String>
          </TextLine>

          
          
          <TextLine ID="eSc_line_b852a91b"
                    TAGREFS="LT1710"
                    BASELINE="487 2231 1251 2225" 
                    HPOS="485"
                    VPOS="2169"
                    WIDTH="766"
                    HEIGHT="87">
            <Shape><Polygon POINTS="487 2231 487 2247 658 2256 660 2256 828 2245 839 2245 845 2245 916 2254 917 2254 1044 2243 1056 2243 1068 2243 1221 2252 1223 2252 1225 2252 1251 2241 1251 2225 1247 2186 1081 2186 1011 2169 1009 2169 1007 2169 1005 2169 1005 2171 995 2178 988 2171 986 2171 984 2171 902 2171 900 2171 898 2171 896 2171 896 2173 880 2186 779 2171 777 2171 775 2171 748 2184 719 2173 717 2173 715 2173 713 2173 711 2173 711 2174 697 2188 588 2188 563 2173 561 2173 559 2173 557 2173 555 2173 485 2190 487 2231"/></Shape>
	    <String CONTENT="neſſe. puis dit a.B.beau nep.⸝"
                    HPOS="485"
                    VPOS="2169"
                    WIDTH="766"
                    HEIGHT="87"></String>
          </TextLine>

          
          
          <TextLine ID="eSc_line_47ea29c0"
                    TAGREFS="LT1710"
                    BASELINE="487 2299 1255 2293" 
                    HPOS="485"
                    VPOS="2237"
                    WIDTH="770"
                    HEIGHT="84">
            <Shape><Polygon POINTS="487 2299 487 2313 995 2321 997 2321 1255 2307 1255 2293 1249 2247 1106 2250 1101 2249 1083 2237 1081 2237 1079 2237 1077 2237 1019 2247 997 2237 995 2237 993 2237 910 2250 896 2252 888 2250 843 2239 841 2239 839 2239 756 2252 740 2241 738 2241 736 2241 734 2241 732 2241 693 2250 664 2241 662 2241 660 2241 658 2241 656 2241 639 2254 608 2241 606 2241 604 2241 602 2241 600 2241 600 2243 586 2256 485 2256 487 2299"/></Shape>
	    <String CONTENT="ueu loſtel de ceãns eſt ƃoſtre donc"
                    HPOS="485"
                    VPOS="2237"
                    WIDTH="770"
                    HEIGHT="84"></String>
          </TextLine>

          
          
          <TextLine ID="eSc_line_d6fe3578"
                    TAGREFS="LT1710"
                    BASELINE="485 2365 1247 2360" 
                    HPOS="483"
                    VPOS="2303"
                    WIDTH="764"
                    HEIGHT="78">
            <Shape><Polygon POINTS="485 2365 485 2381 1247 2375 1247 2360 1243 2303 1186 2303 1184 2303 1183 2303 1181 2303 1181 2305 1167 2317 1105 2307 1081 2303 1079 2303 1077 2303 1075 2303 1071 2307 1058 2319 968 2319 931 2311 896 2305 894 2305 892 2305 890 2305 878 2313 871 2319 769 2319 763 2317 738 2305 736 2305 734 2305 732 2305 678 2319 670 2321 654 2321 502 2307 500 2307 498 2307 496 2307 496 2309 483 2319 485 2365"/></Shape>
	    <String CONTENT="bertrand le mercia moult debõ"
                    HPOS="483"
                    VPOS="2303"
                    WIDTH="764"
                    HEIGHT="78"></String>
          </TextLine>

          
          
          <TextLine ID="eSc_line_a78907b7"
                    TAGREFS="LT1710"
                    BASELINE="487 2432 777 2432" 
                    HPOS="487"
                    VPOS="2383"
                    WIDTH="290"
                    HEIGHT="86">
            <Shape><Polygon POINTS="487 2432 487 2457 549 2457 561 2467 561 2469 563 2469 565 2469 567 2469 777 2457 777 2432 777 2393 748 2383 746 2383 744 2383 629 2393 571 2383 569 2383 487 2393 487 2432"/></Shape>
	    <String CONTENT="nairement"
                    HPOS="487"
                    VPOS="2383"
                    WIDTH="290"
                    HEIGHT="86"></String>
          </TextLine>

          
          
          <TextLine ID="eSc_line_a94388f3"
                    TAGREFS="LT1710"
                    BASELINE="707 2500 1249 2492" 
                    HPOS="705"
                    VPOS="2438"
                    WIDTH="544"
                    HEIGHT="87">
            <Shape><Polygon POINTS="707 2500 707 2516 838 2525 839 2525 841 2525 863 2516 867 2514 908 2514 1108 2521 1110 2521 1247 2510 1249 2492 1247 2449 1223 2438 1221 2438 1220 2438 1124 2449 1108 2449 705 2447 707 2500"/></Shape>
	    <String CONTENT="n regnes de moura.b."
                    HPOS="705"
                    VPOS="2438"
                    WIDTH="544"
                    HEIGHT="87"></String>
          </TextLine>

          
          
          <TextLine ID="eSc_line_ee4e5bbe"
                    TAGREFS="LT1710"
                    BASELINE="701 2571 1247 2556" 
                    HPOS="696"
                    VPOS="2505"
                    WIDTH="550"
                    HEIGHT="82">
            <Shape><Polygon POINTS="699 2569 699 2587 1246 2572 1246 2554 1237 2505 696 2519 699 2569"/></Shape>
	    <String CONTENT="avec ſon oncle longue⸝"
                    HPOS="696"
                    VPOS="2505"
                    WIDTH="550"
                    HEIGHT="82"></String>
          </TextLine>

          
          
          <TextLine ID="eSc_line_c0047f85"
                    TAGREFS="LT1710"
                    BASELINE="699 2639 1241 2627" 
                    HPOS="693"
                    VPOS="2575"
                    WIDTH="547"
                    HEIGHT="88">
            <Shape><Polygon POINTS="696 2636 696 2663 1237 2651 1240 2625 1234 2575 693 2575 696 2636"/></Shape>
	    <String CONTENT="ment et moult changa"
                    HPOS="693"
                    VPOS="2575"
                    WIDTH="547"
                    HEIGHT="88"></String>
          </TextLine>

          
          
          <TextLine ID="eSc_line_f17f7575"
                    TAGREFS="LT1710"
                    BASELINE="493 2699 1249 2693" 
                    HPOS="491"
                    VPOS="2642"
                    WIDTH="758"
                    HEIGHT="86">
            <Shape><Polygon POINTS="493 2699 493 2718 569 2728 571 2728 572 2728 574 2728 590 2718 592 2716 871 2716 873 2716 906 2726 908 2726 910 2726 990 2714 999 2714 1001 2714 1013 2724 1015 2724 1017 2724 1019 2724 1068 2714 1071 2714 1075 2714 1114 2724 1116 2724 1118 2724 1120 2724 1149 2714 1212 2724 1214 2724 1216 2724 1249 2712 1249 2693 1245 2654 1023 2642 1021 2642 1019 2642 1017 2642 1017 2644 1007 2652 997 2642 995 2642 993 2642 992 2642 929 2656 923 2656 910 2656 771 2644 769 2644 767 2644 740 2658 736 2658 715 2658 553 2646 551 2646 491 2658 493 2699"/></Shape>
	    <String CONTENT="de ſes manieres. puis fut ſon pe"
                    HPOS="491"
                    VPOS="2642"
                    WIDTH="758"
                    HEIGHT="86"></String>
          </TextLine>

          
          
          <TextLine ID="eSc_line_da27bb3f"
                    TAGREFS="LT1710"
                    BASELINE="487 2765 1249 2759" 
                    HPOS="485"
                    VPOS="2710"
                    WIDTH="764"
                    HEIGHT="82">
            <Shape><Polygon POINTS="487 2765 487 2783 631 2792 633 2792 686 2783 687 2783 725 2792 726 2792 728 2792 730 2792 732 2792 748 2781 750 2781 762 2781 836 2790 838 2790 925 2781 927 2781 929 2781 990 2790 992 2790 1050 2779 1056 2779 1069 2788 1071 2788 1073 2788 1075 2788 1247 2777 1249 2759 1245 2720 1130 2710 1128 2710 1126 2710 1124 2710 1124 2712 1114 2720 1103 2720 937 2712 935 2712 933 2712 910 2722 908 2724 760 2724 758 2722 742 2712 740 2712 738 2712 736 2712 672 2724 666 2724 662 2724 631 2714 629 2714 627 2714 485 2724 487 2765"/></Shape>
	    <String CONTENT="re appaiſe enueres luy et retour"
                    HPOS="485"
                    VPOS="2710"
                    WIDTH="764"
                    HEIGHT="82"></String>
          </TextLine>

          
          
          <TextLine ID="eSc_line_a6c5f7dd"
                    TAGREFS="LT1710"
                    BASELINE="485 2837 1249 2829" 
                    HPOS="483"
                    VPOS="2773"
                    WIDTH="766"
                    HEIGHT="95">
            <Shape><Polygon POINTS="485 2837 485 2857 656 2868 658 2868 660 2868 662 2868 682 2857 699 2866 701 2866 703 2866 705 2866 725 2857 734 2866 736 2866 738 2866 740 2868 820 2868 820 2866 1003 2853 1052 2864 1054 2864 1056 2864 1249 2847 1249 2829 1243 2784 993 2788 992 2786 976 2775 976 2773 974 2773 972 2773 914 2773 912 2773 910 2773 908 2773 908 2775 892 2788 861 2773 859 2773 857 2773 855 2773 853 2773 853 2775 841 2784 812 2775 810 2775 808 2775 806 2775 804 2775 785 2788 771 2777 771 2775 769 2775 767 2775 732 2775 730 2775 728 2775 691 2790 672 2775 670 2775 668 2775 666 2775 664 2775 602 2792 596 2794 483 2794 485 2837"/></Shape>
	    <String CONTENT="na en ſon hoſtel. Et tant creut"
                    HPOS="483"
                    VPOS="2773"
                    WIDTH="766"
                    HEIGHT="95"></String>
          </TextLine>

          
        </TextBlock>
        
        <TextBlock HPOS="480"
                   VPOS="2424"
                   WIDTH="316"
                   HEIGHT="244"
                   ID="eSc_textblock_e91cf004"
                   TAGREFS="BT5219">
          <Shape><Polygon POINTS="480 2461 519 2656 775 2668 796 2424"/></Shape>
          
          
          <TextLine ID="eSc_line_3a93bc80"
                    
                    BASELINE="683 2652 677 2652 644 2652 532 2652" 
                    HPOS="529"
                    VPOS="2598"
                    WIDTH="152"
                    HEIGHT="59">
            <Shape><Polygon POINTS="593 2654 623 2654 652 2657 681 2657 681 2651 675 2598 623 2616 529 2598 529 2651 535 2651 564 2651 593 2654"/></Shape>
	    <String CONTENT="A"
                    HPOS="529"
                    VPOS="2598"
                    WIDTH="152"
                    HEIGHT="59"></String>
          </TextLine>

          
        </TextBlock>
        
        <TextBlock HPOS="1301"
                   VPOS="484"
                   WIDTH="797"
                   HEIGHT="1836"
                   ID="eSc_textblock_dbf1ace4"
                   TAGREFS="BT5179">
          <Shape><Polygon POINTS="1301 484 1301 2320 2086 2320 2098 484"/></Shape>
          
          
          <TextLine ID="eSc_line_dd587cdb"
                    
                    BASELINE="1326 562 1338 562 1356 562 1405 562 1563 568 1666 562 1739 562 1818 550 1897 544 1940 544 2074 544" 
                    HPOS="1322"
                    VPOS="488"
                    WIDTH="749"
                    HEIGHT="90">
            <Shape><Polygon POINTS="1325 561 1325 578 2068 570 2071 543 2068 491 1322 488 1325 561"/></Shape>
	    <String CONTENT="bertrãd quil fut en leage de .vii."
                    HPOS="1322"
                    VPOS="488"
                    WIDTH="749"
                    HEIGHT="90"></String>
          </TextLine>

          
          
          <TextLine ID="eSc_line_83f167ee"
                    TAGREFS="LT1710"
                    BASELINE="1311 617 2075 617" 
                    HPOS="1311"
                    VPOS="559"
                    WIDTH="764"
                    HEIGHT="84">
            <Shape><Polygon POINTS="1311 633 1446 633 1448 633 1467 643 1469 643 1471 643 1535 633 1543 633 1553 633 1644 643 1646 643 1705 635 1718 633 2073 635 2075 617 2075 572 2061 563 2060 563 2058 563 2056 563 1989 574 1921 559 1919 559 1917 559 1915 559 1898 574 1880 563 1878 563 1876 563 1874 563 1872 563 1835 574 1820 561 1820 559 1818 559 1816 559 1775 559 1773 559 1771 559 1742 574 1703 559 1701 559 1699 559 1697 559 1695 559 1695 561 1678 576 1642 576 1623 559 1621 559 1619 559 1617 559 1615 559 1613 559 1594 574 1574 559 1572 559 1570 559 1568 559 1566 559 1541 569 1453 559 1451 559 1450 559 1448 559 1448 561 1430 576 1311 576 1311 617"/></Shape>
	    <String CONTENT="ans. Adōc luy bailla le ſire du"
                    HPOS="1311"
                    VPOS="559"
                    WIDTH="764"
                    HEIGHT="84"></String>
          </TextLine>

          
          
          <TextLine ID="eSc_line_a7b55fb4"
                    
                    BASELINE="1304 706 1331 706 1389 706 1507 706 1552 706 1651 701 1728 697 1858 697 1913 697 1917 701 1953 701 2075 701" 
                    HPOS="1299"
                    VPOS="619"
                    WIDTH="775"
                    HEIGHT="97">
            <Shape><Polygon POINTS="1854 619 1825 619 1822 619 1793 634 1565 619 1562 619 1559 619 1556 619 1556 622 1538 640 1500 622 1497 622 1354 622 1351 622 1348 622 1299 637 1301 704 1301 716 2071 707 2074 698 2071 637 1869 619 1854 619"/></Shape>
	    <String CONTENT="gueſclin cheuaulx et harnois."
                    HPOS="1299"
                    VPOS="619"
                    WIDTH="775"
                    HEIGHT="97"></String>
          </TextLine>

          
          
          <TextLine ID="eSc_line_625088e3"
                    TAGREFS="LT1710"
                    BASELINE="1325 750 2075 750" 
                    HPOS="1325"
                    VPOS="695"
                    WIDTH="750"
                    HEIGHT="82">
            <Shape><Polygon POINTS="1325 750 1325 765 1364 777 1366 777 1368 777 1461 767 1543 777 1545 777 1547 777 1566 767 1605 777 1607 777 1609 777 1611 777 1631 767 1666 777 1668 777 1670 777 2075 765 2075 750 2075 709 2022 695 2021 695 2019 695 2017 695 1991 707 1966 695 1964 695 1962 695 1904 705 1804 695 1802 695 1738 711 1570 711 1539 695 1537 695 1535 695 1422 705 1358 695 1356 695 1354 695 1325 709 1325 750"/></Shape>
	    <String CONTENT="Et ꝸiller en auant il ſuyuit les"
                    HPOS="1325"
                    VPOS="695"
                    WIDTH="750"
                    HEIGHT="82"></String>
          </TextLine>

          
          
          <TextLine ID="eSc_line_97ebd728"
                    TAGREFS="LT1710"
                    BASELINE="1317 814 2075 818" 
                    HPOS="1315"
                    VPOS="765"
                    WIDTH="760"
                    HEIGHT="69">
            <Shape><Polygon POINTS="1317 814 1315 830 2071 834 2075 818 2075 781 2028 767 2026 767 2024 767 1812 779 1794 779 1783 779 1695 769 1693 769 1641 777 1625 765 1623 765 1621 765 1619 765 1317 775 1317 814"/></Shape>
	    <String CONTENT="armes iovſtes et tournoymẽs."
                    HPOS="1315"
                    VPOS="765"
                    WIDTH="760"
                    HEIGHT="69"></String>
          </TextLine>

          
          
          <TextLine ID="eSc_line_48ef3b2b"
                    TAGREFS="LT1710"
                    BASELINE="1329 884 2077 880" 
                    HPOS="1327"
                    VPOS="830"
                    WIDTH="750"
                    HEIGHT="82">
            <Shape><Polygon POINTS="1329 884 1329 900 1377 910 1379 910 1541 900 1551 900 1553 900 1586 912 1588 912 1590 912 1648 900 1769 910 1771 910 1773 910 1804 898 1808 898 1822 898 1980 910 1982 910 2075 896 2077 880 2073 843 1954 830 1952 830 1950 830 1948 830 1935 841 1900 830 1898 830 1896 830 1894 830 1892 830 1892 832 1880 841 1672 832 1670 832 1668 832 1666 832 1650 843 1578 832 1576 832 1574 832 1572 832 1559 843 1453 834 1451 834 1450 834 1430 843 1352 832 1350 832 1348 832 1346 832 1327 841 1329 884"/></Shape>
	    <String CONTENT="Et tant fut large et faiſant"
                    HPOS="1327"
                    VPOS="830"
                    WIDTH="750"
                    HEIGHT="82"></String>
          </TextLine>

          
          
          <TextLine ID="eSc_line_9287d820"
                    TAGREFS="LT1710"
                    BASELINE="1319 953 2077 949" 
                    HPOS="1317"
                    VPOS="898"
                    WIDTH="760"
                    HEIGHT="84">
            <Shape><Polygon POINTS="1319 953 1319 968 1389 968 1391 968 1403 978 1405 978 1407 978 1409 978 1485 968 1488 968 1502 980 1502 982 1504 982 1506 982 1508 982 1510 982 1529 972 1598 982 1600 982 1602 982 1603 982 1621 968 1685 968 1759 980 1761 980 1909 970 2005 980 2007 980 2075 964 2077 949 2073 910 1927 898 1925 898 1923 898 1921 898 1909 910 1625 910 1592 900 1590 900 1588 900 1586 900 1559 912 1354 912 1333 900 1331 900 1329 900 1327 900 1325 900 1325 902 1317 908 1319 953"/></Shape>
	    <String CONTENT="dans et pꝛeſens aux gentilᴣ hõ ⸝"
                    HPOS="1317"
                    VPOS="898"
                    WIDTH="760"
                    HEIGHT="84"></String>
          </TextLine>

          
          
          <TextLine ID="eSc_line_1be160c5"
                    TAGREFS="LT1710"
                    BASELINE="1317 1021 2077 1017" 
                    HPOS="1315"
                    VPOS="968"
                    WIDTH="762"
                    HEIGHT="76">
            <Shape><Polygon POINTS="1317 1021 1317 1036 2048 1044 2050 1044 2052 1044 2077 1032 2077 1017 2073 978 1717 968 1715 968 1713 968 1691 978 1389 970 1387 970 1315 980 1317 1021"/></Shape>
	    <String CONTENT="mes qui par la terre de ſon pe⸝"
                    HPOS="1315"
                    VPOS="968"
                    WIDTH="762"
                    HEIGHT="76"></String>
          </TextLine>

          
          
          <TextLine ID="eSc_line_b3e1e8ff"
                    TAGREFS="LT1710"
                    BASELINE="1317 1085 2073 1085" 
                    HPOS="1317"
                    VPOS="1034"
                    WIDTH="756"
                    HEIGHT="80">
            <Shape><Polygon POINTS="1317 1085 1317 1103 1377 1114 1379 1114 1381 1114 1414 1105 1444 1114 1446 1114 1448 1114 1494 1105 1508 1114 1510 1114 1512 1114 1514 1114 1516 1114 1559 1105 1623 1105 1633 1112 1633 1114 1635 1114 1637 1114 1639 1114 1950 1105 2024 1114 2026 1114 2073 1103 2073 1085 2073 1044 1793 1034 1791 1034 1789 1034 1787 1034 1787 1036 1777 1044 1777 1046 1625 1046 1625 1044 1603 1034 1602 1034 1600 1034 1516 1044 1506 1036 1506 1034 1504 1034 1502 1034 1395 1034 1393 1034 1317 1044 1317 1085"/></Shape>
	    <String CONTENT="re paſſoyent que en bꝛief temps"
                    HPOS="1317"
                    VPOS="1034"
                    WIDTH="756"
                    HEIGHT="80"></String>
          </TextLine>

          
          
          <TextLine ID="eSc_line_3ed2ccb7"
                    TAGREFS="LT1710"
                    BASELINE="1317 1155 2075 1149" 
                    HPOS="1315"
                    VPOS="1099"
                    WIDTH="760"
                    HEIGHT="74">
            <Shape><Polygon POINTS="1317 1155 1317 1173 2075 1163 2075 1149 2069 1103 1892 1110 1874 1106 1845 1099 1843 1099 1841 1099 1839 1099 1837 1099 1837 1101 1830 1106 1826 1112 1775 1112 1757 1108 1717 1101 1715 1101 1713 1101 1711 1101 1711 1103 1701 1110 1699 1114 1582 1114 1543 1114 1518 1103 1516 1103 1514 1103 1512 1103 1510 1103 1510 1105 1498 1116 1412 1116 1329 1103 1327 1103 1325 1103 1323 1103 1323 1105 1321 1105 1315 1110 1317 1155"/></Shape>
	    <String CONTENT="fut acointe des cheualiers et re"
                    HPOS="1315"
                    VPOS="1099"
                    WIDTH="760"
                    HEIGHT="74"></String>
          </TextLine>

          
          
          <TextLine ID="eSc_line_95c0b472"
                    TAGREFS="LT1710"
                    BASELINE="1315 1220 2073 1216" 
                    HPOS="1313"
                    VPOS="1157"
                    WIDTH="760"
                    HEIGHT="92">
            <Shape><Polygon POINTS="1315 1220 1315 1235 1533 1235 1541 1235 1681 1249 1683 1249 1685 1249 1687 1249 1687 1247 1689 1247 1695 1239 1746 1247 1748 1247 1750 1247 1775 1235 1785 1245 1785 1247 1787 1247 1789 1247 1791 1249 1894 1249 1894 1247 1896 1247 1929 1233 2071 1233 2073 1216 2069 1165 1853 1157 1851 1157 1849 1157 1802 1169 1779 1175 1771 1169 1754 1157 1752 1157 1750 1157 1748 1157 1746 1157 1707 1171 1687 1179 1629 1179 1621 1173 1605 1161 1603 1161 1602 1161 1600 1161 1598 1161 1596 1161 1582 1173 1576 1179 1313 1179 1315 1220"/></Shape>
	    <String CONTENT="nomme de largeſſe ¶Et entre"
                    HPOS="1313"
                    VPOS="1157"
                    WIDTH="760"
                    HEIGHT="92"></String>
          </TextLine>

          
          
          <TextLine ID="eSc_line_e0ea7ea2"
                    TAGREFS="LT1710"
                    BASELINE="1319 1288 2075 1282" 
                    HPOS="1317"
                    VPOS="1231"
                    WIDTH="758"
                    HEIGHT="78">
            <Shape><Polygon POINTS="1319 1288 1319 1309 2075 1296 2075 1282 2073 1245 2050 1231 2048 1231 2046 1231 2044 1231 2042 1231 2003 1245 1966 1233 1964 1233 1962 1233 1773 1247 1754 1233 1752 1233 1750 1233 1748 1233 1746 1233 1744 1233 1744 1235 1728 1249 1564 1249 1508 1235 1506 1235 1504 1235 1407 1249 1331 1235 1329 1235 1327 1235 1325 1235 1325 1237 1323 1237 1317 1243 1319 1288"/></Shape>
	    <String CONTENT="ſes aultres manieres auoit de"
                    HPOS="1317"
                    VPOS="1231"
                    WIDTH="758"
                    HEIGHT="78"></String>
          </TextLine>

          
          
          <TextLine ID="eSc_line_bc51bb3e"
                    TAGREFS="LT1710"
                    BASELINE="1313 1354 2069 1354" 
                    HPOS="1313"
                    VPOS="1301"
                    WIDTH="756"
                    HEIGHT="80">
            <Shape><Polygon POINTS="1313 1354 1313 1370 1403 1381 1405 1381 1713 1377 2032 1372 2065 1381 2069 1354 2067 1301 1982 1315 1822 1315 1791 1305 1775 1301 1773 1301 1771 1301 1769 1301 1767 1301 1767 1303 1763 1305 1755 1315 1707 1315 1689 1307 1672 1301 1670 1301 1668 1301 1666 1301 1664 1301 1658 1307 1650 1315 1488 1315 1473 1311 1414 1301 1412 1301 1411 1301 1409 1301 1393 1313 1391 1315 1313 1315 1313 1354"/></Shape>
	    <String CONTENT="couſtume que ſe aulcun poure q̃"
                    HPOS="1313"
                    VPOS="1301"
                    WIDTH="756"
                    HEIGHT="80"></String>
          </TextLine>

          
          
          <TextLine ID="eSc_line_f38956f6"
                    TAGREFS="LT1710"
                    BASELINE="1319 1418 2077 1418" 
                    HPOS="1319"
                    VPOS="1370"
                    WIDTH="758"
                    HEIGHT="66">
            <Shape><Polygon POINTS="1319 1418 1319 1436 2077 1436 2077 1418 2077 1381 1717 1370 1715 1370 1713 1370 1687 1379 1641 1370 1639 1370 1512 1379 1471 1370 1469 1370 1467 1370 1465 1370 1463 1370 1463 1372 1453 1381 1319 1381 1319 1418"/></Shape>
	    <String CONTENT="rant laumoſne ſil nauoit ar ⸝"
                    HPOS="1319"
                    VPOS="1370"
                    WIDTH="758"
                    HEIGHT="66"></String>
          </TextLine>

          
          
          <TextLine ID="eSc_line_47edc04b"
                    TAGREFS="LT1710"
                    BASELINE="1303 1490 2073 1483" 
                    HPOS="1301"
                    VPOS="1430"
                    WIDTH="772"
                    HEIGHT="88">
            <Shape><Polygon POINTS="1303 1490 1303 1518 1360 1508 1467 1516 1488 1518 1490 1518 1492 1518 1494 1518 1496 1516 1514 1506 1609 1514 1646 1516 1648 1516 1668 1512 1709 1504 2071 1504 2073 1483 2071 1444 2028 1430 2026 1430 2024 1430 2022 1430 1995 1444 1964 1430 1962 1430 1960 1430 1958 1430 1927 1444 1927 1446 1839 1446 1837 1446 1810 1434 1808 1434 1806 1434 1804 1434 1802 1434 1787 1446 1785 1448 1732 1448 1730 1446 1705 1432 1703 1432 1701 1432 1699 1432 1697 1432 1697 1434 1683 1446 1648 1434 1646 1434 1644 1434 1642 1434 1607 1448 1605 1449 1520 1449 1518 1448 1490 1434 1488 1434 1487 1434 1426 1436 1424 1436 1422 1436 1422 1438 1412 1448 1401 1438 1401 1436 1399 1436 1397 1436 1360 1436 1358 1436 1301 1449 1303 1490"/></Shape>
	    <String CONTENT="gēt il ſe deueſtoit et ꝸonnoit ſa"
                    HPOS="1301"
                    VPOS="1430"
                    WIDTH="772"
                    HEIGHT="88"></String>
          </TextLine>

          
          
          <TextLine ID="eSc_line_dbe374d3"
                    TAGREFS="LT1710"
                    BASELINE="1319 1557 2079 1551" 
                    HPOS="1317"
                    VPOS="1498"
                    WIDTH="762"
                    HEIGHT="76">
            <Shape><Polygon POINTS="1319 1557 1319 1574 2077 1568 2079 1551 2075 1500 2032 1498 2030 1498 2028 1498 2026 1498 2024 1500 2005 1512 1946 1502 1917 1498 1915 1498 1913 1498 1911 1498 1906 1504 1894 1512 1857 1504 1847 1504 1845 1504 1781 1506 1646 1514 1637 1510 1607 1500 1605 1500 1603 1500 1602 1500 1574 1512 1566 1516 1527 1514 1374 1502 1372 1502 1370 1502 1317 1518 1319 1557"/></Shape>
	    <String CONTENT="robbe pour lamour de noſtre ſei"
                    HPOS="1317"
                    VPOS="1498"
                    WIDTH="762"
                    HEIGHT="76"></String>
          </TextLine>

          
          
          <TextLine ID="eSc_line_acd49cd3"
                    TAGREFS="LT1710"
                    BASELINE="1313 1625 2079 1619" 
                    HPOS="1311"
                    VPOS="1566"
                    WIDTH="768"
                    HEIGHT="82">
            <Shape><Polygon POINTS="1313 1625 1313 1648 1568 1640 1738 1642 2046 1646 2048 1646 2050 1646 2079 1635 2079 1619 2073 1572 1939 1580 1925 1574 1908 1566 1906 1566 1904 1566 1902 1566 1900 1566 1900 1568 1892 1574 1886 1582 1832 1582 1818 1576 1793 1568 1791 1568 1789 1568 1787 1568 1785 1568 1785 1570 1777 1578 1773 1582 1668 1582 1654 1580 1592 1568 1590 1568 1588 1568 1586 1568 1572 1580 1504 1570 1502 1570 1500 1570 1498 1570 1479 1582 1340 1576 1338 1576 1336 1576 1311 1584 1313 1625"/></Shape>
	    <String CONTENT="gneur. dõt ſon pere la uoit mõlt"
                    HPOS="1311"
                    VPOS="1566"
                    WIDTH="768"
                    HEIGHT="82"></String>
          </TextLine>

          
          
          <TextLine ID="eSc_line_835fdc7e"
                    TAGREFS="LT1710"
                    BASELINE="1317 1691 2081 1687" 
                    HPOS="1315"
                    VPOS="1633"
                    WIDTH="766"
                    HEIGHT="87">
            <Shape><Polygon POINTS="1317 1691 1317 1707 1354 1720 1356 1720 1358 1720 1360 1720 1401 1709 1453 1720 1455 1720 1457 1720 1481 1709 1549 1720 1551 1720 1553 1720 1555 1720 1570 1709 1584 1720 1586 1720 1588 1720 1590 1720 1699 1709 1722 1707 1855 1707 1859 1709 1876 1718 1878 1718 1880 1718 2081 1709 2081 1687 2073 1635 2046 1650 1982 1650 1964 1637 1958 1633 1956 1633 1954 1633 1952 1633 1950 1633 1948 1633 1943 1639 1927 1648 1908 1639 1892 1633 1890 1633 1888 1633 1886 1633 1884 1633 1874 1640 1863 1646 1857 1640 1849 1635 1849 1633 1847 1633 1845 1633 1804 1633 1802 1633 1800 1633 1798 1633 1798 1635 1789 1642 1781 1648 1724 1644 1683 1640 1681 1640 1679 1640 1678 1640 1674 1644 1666 1652 1570 1652 1559 1648 1516 1635 1514 1635 1512 1635 1418 1646 1407 1637 1407 1635 1405 1635 1403 1635 1352 1635 1350 1635 1348 1635 1315 1650 1317 1691"/></Shape>
	    <String CONTENT="chier plus que de nulle choſe qui"
                    HPOS="1315"
                    VPOS="1633"
                    WIDTH="766"
                    HEIGHT="87"></String>
          </TextLine>

          
          
          <TextLine ID="eSc_line_ca4f4b82"
                    TAGREFS="LT1710"
                    BASELINE="1321 1761 2075 1755" 
                    HPOS="1319"
                    VPOS="1701"
                    WIDTH="756"
                    HEIGHT="86">
            <Shape><Polygon POINTS="1321 1761 1321 1779 1568 1787 1570 1787 1572 1787 1592 1777 1598 1775 1679 1775 1681 1777 1691 1785 1693 1785 1695 1785 1697 1785 1699 1785 1718 1775 1720 1775 1732 1775 1820 1785 1822 1785 1888 1773 1894 1773 1896 1773 1906 1783 1908 1783 1909 1783 1911 1785 2013 1785 2013 1783 2073 1771 2075 1755 2069 1709 1902 1715 1849 1711 1771 1705 1769 1705 1732 1713 1711 1716 1707 1713 1691 1701 1689 1701 1687 1701 1637 1701 1635 1701 1633 1701 1631 1701 1631 1703 1619 1715 1615 1718 1580 1718 1568 1715 1510 1703 1508 1703 1506 1703 1457 1716 1453 1716 1450 1716 1389 1703 1387 1703 1385 1703 1383 1703 1364 1718 1333 1703 1331 1703 1329 1703 1327 1703 1325 1703 1325 1705 1323 1705 1319 1709 1321 1761"/></Shape>
	    <String CONTENT="tuſt en luy. Oꝛ aduint que les"
                    HPOS="1319"
                    VPOS="1701"
                    WIDTH="756"
                    HEIGHT="86"></String>
          </TextLine>

          
          
          <TextLine ID="eSc_line_c76aaa95"
                    TAGREFS="LT1710"
                    BASELINE="1319 1826 2075 1820" 
                    HPOS="1317"
                    VPOS="1771"
                    WIDTH="758"
                    HEIGHT="82">
            <Shape><Polygon POINTS="1319 1826 1319 1843 1469 1853 1471 1853 1514 1843 1520 1843 1524 1843 1566 1853 1568 1853 1570 1853 1588 1843 1594 1841 1613 1843 1672 1851 1674 1851 2073 1841 2075 1820 2071 1785 1843 1771 1841 1771 1839 1771 1814 1785 1717 1773 1715 1773 1627 1783 1574 1773 1572 1773 1570 1773 1568 1773 1568 1775 1566 1775 1559 1785 1329 1775 1327 1775 1325 1775 1323 1775 1323 1777 1321 1777 1317 1779 1319 1826"/></Shape>
	    <String CONTENT="barons de bretaigne tinꝸꝛent a"
                    HPOS="1317"
                    VPOS="1771"
                    WIDTH="758"
                    HEIGHT="82"></String>
          </TextLine>

          
          
          <TextLine ID="eSc_line_76aa37f1"
                    TAGREFS="LT1710"
                    BASELINE="1321 1892 2079 1892" 
                    HPOS="1321"
                    VPOS="1843"
                    WIDTH="758"
                    HEIGHT="76">
            <Shape><Polygon POINTS="1321 1892 1321 1907 1393 1919 1395 1919 1488 1909 1512 1919 1514 1919 1516 1919 1633 1909 1709 1919 1711 1919 1937 1909 1997 1919 1999 1919 2079 1907 2079 1892 2077 1843 1321 1851 1321 1892"/></Shape>
	    <String CONTENT="regnes ƃnes bien grãs iouſtes"
                    HPOS="1321"
                    VPOS="1843"
                    WIDTH="758"
                    HEIGHT="76"></String>
          </TextLine>

          
          
          <TextLine ID="eSc_line_b3276305"
                    TAGREFS="LT1710"
                    BASELINE="1327 1960 2077 1956" 
                    HPOS="1325"
                    VPOS="1906"
                    WIDTH="752"
                    HEIGHT="81">
            <Shape><Polygon POINTS="1327 1960 1327 1978 1607 1978 1619 1987 1621 1987 1623 1987 1625 1987 1718 1976 1730 1976 1732 1976 1742 1985 1744 1985 1746 1985 1748 1985 1806 1976 1828 1974 1847 1976 1894 1985 1896 1985 2075 1976 2077 1956 2073 1917 1855 1906 1853 1906 1796 1915 1769 1906 1767 1906 1765 1906 1763 1906 1732 1915 1701 1906 1699 1906 1697 1906 1695 1906 1668 1917 1498 1907 1496 1907 1377 1917 1368 1909 1368 1907 1366 1907 1364 1907 1362 1907 1360 1907 1325 1919 1327 1960"/></Shape>
	    <String CONTENT="Et de lentrepriſe fut le ſire ꝸu"
                    HPOS="1325"
                    VPOS="1906"
                    WIDTH="752"
                    HEIGHT="81"></String>
          </TextLine>

          
          
          <TextLine ID="eSc_line_c642edc9"
                    TAGREFS="LT1710"
                    BASELINE="1317 2028 2081 2024" 
                    HPOS="1315"
                    VPOS="1970"
                    WIDTH="766"
                    HEIGHT="80">
            <Shape><Polygon POINTS="1317 2028 1317 2042 2015 2050 2017 2050 2081 2038 2081 2024 2073 1972 2036 1985 1894 1985 1886 1976 1880 1972 1880 1970 1878 1970 1876 1970 1828 1970 1826 1970 1824 1970 1822 1970 1814 1978 1804 1985 1748 1985 1736 1980 1713 1970 1711 1970 1709 1970 1707 1970 1705 1970 1691 1980 1681 1987 1613 1987 1607 1982 1596 1972 1594 1972 1592 1972 1590 1972 1588 1972 1586 1972 1586 1974 1574 1983 1570 1987 1518 1987 1516 1985 1504 1974 1504 1972 1502 1972 1500 1972 1426 1972 1424 1972 1422 1972 1420 1972 1420 1974 1409 1983 1338 1976 1336 1976 1335 1976 1333 1976 1315 1983 1317 2028"/></Shape>
	    <String CONTENT="gueſclin pere de bertrãnꝸ et auec"
                    HPOS="1315"
                    VPOS="1970"
                    WIDTH="766"
                    HEIGHT="80"></String>
          </TextLine>

          
          
          <TextLine ID="eSc_line_eb9d2f8f"
                    TAGREFS="LT1710"
                    BASELINE="1315 2097 2077 2093" 
                    HPOS="1313"
                    VPOS="2038"
                    WIDTH="764"
                    HEIGHT="74">
            <Shape><Polygon POINTS="1315 2097 1315 2112 2077 2112 2077 2093 2073 2050 1962 2038 1960 2038 1900 2050 1898 2050 1896 2050 1865 2038 1863 2038 1861 2038 1859 2038 1857 2038 1841 2050 1738 2050 1720 2038 1718 2038 1717 2038 1715 2038 1713 2038 1676 2052 1672 2052 1670 2052 1625 2040 1623 2040 1621 2040 1510 2050 1430 2040 1428 2040 1372 2052 1336 2040 1335 2040 1333 2040 1331 2040 1329 2040 1313 2048 1315 2097"/></Shape>
	    <String CONTENT="luy bertranꝸ qui moult defirãt"
                    HPOS="1313"
                    VPOS="2038"
                    WIDTH="764"
                    HEIGHT="74"></String>
          </TextLine>

          
          
          <TextLine ID="eSc_line_db108d33"
                    TAGREFS="LT1710"
                    BASELINE="1319 2159 2075 2163" 
                    HPOS="1317"
                    VPOS="2106"
                    WIDTH="758"
                    HEIGHT="82">
            <Shape><Polygon POINTS="1319 2159 1317 2174 1340 2186 1342 2186 1344 2188 1487 2188 1487 2186 1488 2186 1512 2176 1514 2176 1520 2176 1586 2186 1588 2186 1590 2186 1621 2178 1633 2176 2071 2186 2075 2163 2069 2108 2022 2120 2011 2112 2009 2112 2007 2112 2005 2112 1828 2122 1800 2112 1791 2108 1789 2108 1787 2108 1785 2108 1783 2108 1783 2110 1779 2112 1771 2122 1711 2122 1672 2114 1637 2106 1598 2106 1596 2106 1594 2106 1592 2106 1592 2108 1584 2116 1578 2120 1563 2116 1529 2106 1527 2106 1526 2106 1524 2106 1522 2106 1510 2116 1504 2122 1459 2122 1451 2118 1426 2106 1424 2106 1422 2106 1420 2106 1418 2106 1403 2118 1401 2120 1395 2118 1362 2106 1360 2106 1358 2106 1356 2106 1319 2118 1319 2159"/></Shape>
	    <String CONTENT="eſtoit de iouſster.mais pource q̃"
                    HPOS="1317"
                    VPOS="2106"
                    WIDTH="758"
                    HEIGHT="82"></String>
          </TextLine>

          
          
          <TextLine ID="eSc_line_1bb2c4f2"
                    TAGREFS="LT1710"
                    BASELINE="1319 2229 2075 2229" 
                    HPOS="1319"
                    VPOS="2176"
                    WIDTH="756"
                    HEIGHT="84">
            <Shape><Polygon POINTS="1319 2229 1319 2247 1397 2260 1399 2260 1401 2260 1442 2249 1584 2249 1598 2260 1600 2260 1602 2260 1603 2260 1672 2249 1718 2260 1720 2260 1722 2260 1724 2260 1757 2250 1837 2260 1839 2260 1978 2249 2034 2260 2036 2260 2038 2260 2075 2247 2075 2229 2075 2188 2026 2176 2024 2176 1775 2186 1765 2178 1765 2176 1763 2176 1761 2176 1689 2176 1687 2176 1685 2176 1683 2176 1668 2186 1615 2176 1613 2176 1487 2186 1463 2176 1461 2176 1459 2176 1457 2176 1455 2176 1455 2178 1446 2188 1319 2188 1319 2229"/></Shape>
	    <String CONTENT="trop ieune eſtoit ſon pere ne ƃou"
                    HPOS="1319"
                    VPOS="2176"
                    WIDTH="756"
                    HEIGHT="84"></String>
          </TextLine>

          
          
          <TextLine ID="eSc_line_5e42ff80"
                    TAGREFS="LT1710"
                    BASELINE="1317 2299 1863 2295" 
                    HPOS="1315"
                    VPOS="2241"
                    WIDTH="548"
                    HEIGHT="89">
            <Shape><Polygon POINTS="1317 2299 1317 2319 1397 2330 1399 2330 1401 2330 1438 2319 1440 2319 1479 2319 1553 2319 1584 2330 1586 2330 1588 2330 1590 2330 1631 2319 1767 2328 1769 2328 1861 2315 1863 2295 1859 2254 1633 2241 1631 2241 1629 2241 1584 2256 1512 2256 1492 2243 1490 2243 1488 2243 1487 2243 1485 2243 1483 2243 1483 2245 1471 2256 1403 2256 1333 2243 1331 2243 1329 2243 1327 2243 1327 2245 1315 2252 1317 2299"/></Shape>
	    <String CONTENT="lut point quil iouſtat."
                    HPOS="1315"
                    VPOS="2241"
                    WIDTH="548"
                    HEIGHT="89"></String>
          </TextLine>

          
        </TextBlock>
        
        <TextBlock HPOS="619"
                   VPOS="693"
                   WIDTH="0"
                   HEIGHT="30"
                   ID="eSc_textblock_e5414a21"
                   TAGREFS="BT5181">
          <Shape><Polygon POINTS="619 693 619 723 619 723 619 693"/></Shape>
          
        </TextBlock>
        
        <TextBlock HPOS="1644"
                   VPOS="709"
                   WIDTH="0"
                   HEIGHT="4"
                   ID="eSc_textblock_d4d732be"
                   TAGREFS="BT5181">
          <Shape><Polygon POINTS="1644 713 1644 709 1644 709 1644 713"/></Shape>
          
        </TextBlock>
        
        <TextBlock HPOS="1946"
                   VPOS="2806"
                   WIDTH="24"
                   HEIGHT="18"
                   ID="eSc_textblock_a26e501f"
                   >
          <Shape><Polygon POINTS="1970 2824 1970 2806 1946 2806 1946 2824"/></Shape>
          
        </TextBlock>
        

        
        <TextBlock ID="eSc_dummyblock_">
          
          
          <TextLine ID="eSc_line_6121355d"
                    TAGREFS="LT2"
                    BASELINE="404 505 427 505 483 505" 
                    HPOS="403"
                    VPOS="418"
                    WIDTH="79"
                    HEIGHT="96">
            <Shape><Polygon POINTS="403 514 482 514 482 502 482 438 444 418 441 418 438 418 435 418 433 418 430 418 403 432 403 502"/></Shape>
	    <String CONTENT="4."
                    HPOS="403"
                    VPOS="418"
                    WIDTH="79"
                    HEIGHT="96"></String>
          </TextLine>

          
        </TextBlock>
        
      </PrintSpace>
    </Page>
  </Layout>
</alto>
