<?xml version="1.0" encoding="UTF-8"?>
<alto xmlns:xsi="http://www.w3.org/2001/XMLSchema-instance"
      xmlns="http://www.loc.gov/standards/alto/ns-v4#"
      xsi:schemaLocation="http://www.loc.gov/standards/alto/ns-v4# http://www.loc.gov/standards/alto/v4/alto-4-2.xsd">
  <Description>
    <MeasurementUnit>pixel</MeasurementUnit>
    <sourceImageInformation>
      <fileName>Le_Livre_des_faits_de_..._bpt6k1110614.pdf_page_15.png</fileName>
      
    </sourceImageInformation>
  </Description>
  
  <Tags>
    <OtherTag ID="BT5221" LABEL="Drop Cap" DESCRIPTION="block type Drop Cap"/><OtherTag ID="BT5208" LABEL="Column" DESCRIPTION="block type Column"/><OtherTag ID="BT5205" LABEL="text" DESCRIPTION="block type text"/><OtherTag ID="BT4" LABEL="Illustration" DESCRIPTION="block type Illustration"/><OtherTag ID="BT3" LABEL="Commentary" DESCRIPTION="block type Commentary"/><OtherTag ID="BT2" LABEL="Main" DESCRIPTION="block type Main"/><OtherTag ID="BT1" LABEL="Title" DESCRIPTION="block type Title"/>
    <OtherTag ID="LT2" LABEL="Numbering" DESCRIPTION="line type Numbering"/><OtherTag ID="LT1716" LABEL="default" DESCRIPTION="line type default"/>
  </Tags>
  
  <Layout>
    <Page WIDTH="4267"
          HEIGHT="6033"
          PHYSICAL_IMG_NR="14"
          ID="eSc_dummypage_">
      <PrintSpace HPOS="0"
                  VPOS="0"
                  WIDTH="4267"
                  HEIGHT="6033">
        
        <TextBlock HPOS="703"
                   VPOS="754"
                   WIDTH="1509"
                   HEIGHT="4170"
                   ID="eSc_textblock_54c109a4"
                   TAGREFS="BT5208">
          <Shape><Polygon POINTS="703 754 703 4924 2212 4924 2212 754"/></Shape>
          
          
          <TextLine ID="eSc_line_5244df1f"
                    
                    BASELINE="780 894 2105 894" 
                    HPOS="779"
                    VPOS="784"
                    WIDTH="1324"
                    HEIGHT="146">
            <Shape><Polygon POINTS="779 889 779 930 2103 930 2103 889 2103 809 2002 784 1997 784 1992 784 1640 809 1529 784 1524 784 1519 784 1514 784 1464 809 1398 784 1393 784 1388 784 1383 784 1378 784 1343 809 1273 784 1268 784 1262 784 1257 784 1197 809 996 784 991 784 779 809 779 889"/></Shape>
	    <String CONTENT="a ce ʃaccorda le cōte de mōtfort"
                    HPOS="779"
                    VPOS="784"
                    WIDTH="1324"
                    HEIGHT="146"></String>
          </TextLine>

          
          
          <TextLine ID="eSc_line_4fb8f767"
                    TAGREFS="LT1716"
                    BASELINE="774 1002 2094 1015" 
                    HPOS="770"
                    VPOS="904"
                    WIDTH="1324"
                    HEIGHT="131">
            <Shape><Polygon POINTS="774 1002 770 1022 2088 1035 2094 1015 2094 945 2021 915 2017 915 1890 915 1887 915 1883 915 1880 915 1880 918 1856 938 1799 915 1796 915 1793 915 1789 915 1786 915 1786 918 1763 935 1729 911 1726 911 1722 911 1665 911 1662 911 1659 911 1655 911 1618 941 1347 941 1347 938 1300 908 1297 908 1293 908 1290 908 1287 908 1176 938 1173 938 1169 938 1106 904 1102 904 1099 904 1096 904 1032 935 774 935 774 1002"/></Shape>
	    <String CONTENT="et tous les barons. Et bꝛiefue"
                    HPOS="770"
                    VPOS="904"
                    WIDTH="1324"
                    HEIGHT="131"></String>
          </TextLine>

          
          
          <TextLine ID="eSc_line_3421eeb7"
                    TAGREFS="LT1716"
                    BASELINE="780 1126 2084 1126" 
                    HPOS="780"
                    VPOS="1028"
                    WIDTH="1304"
                    HEIGHT="145">
            <Shape><Polygon POINTS="780 1126 780 1152 797 1166 801 1166 804 1166 807 1166 1029 1149 1055 1149 1059 1149 1099 1173 1102 1173 1106 1173 1109 1173 1169 1152 1179 1149 1193 1152 1246 1173 1250 1173 1253 1173 1256 1173 1307 1156 1330 1149 2081 1169 2084 1126 2084 1059 1846 1059 1810 1028 1806 1028 1803 1028 1729 1028 1726 1028 1722 1028 1719 1028 1675 1059 1578 1059 1541 1028 1538 1028 1535 1028 1394 1028 1391 1028 1387 1028 1384 1028 1384 1032 1360 1052 1334 1032 1334 1028 1330 1028 1327 1028 1324 1028 1203 1055 1146 1028 1143 1028 1139 1028 975 1052 908 1028 905 1028 901 1028 898 1028 894 1028 894 1032 871 1055 780 1055 780 1126"/></Shape>
	    <String CONTENT="mẽt treſpaſſa leꝸit meſſire guy"
                    HPOS="780"
                    VPOS="1028"
                    WIDTH="1304"
                    HEIGHT="145"></String>
          </TextLine>

          
          
          <TextLine ID="eSc_line_a3dcece5"
                    TAGREFS="LT1716"
                    BASELINE="780 1243 2084 1236" 
                    HPOS="777"
                    VPOS="1142"
                    WIDTH="1307"
                    HEIGHT="134">
            <Shape><Polygon POINTS="780 1243 780 1263 2051 1276 2054 1276 2058 1276 2061 1276 2084 1256 2084 1236 2078 1173 1773 1173 1732 1146 1729 1146 1726 1146 1722 1146 1719 1146 1716 1146 1689 1166 1665 1146 1665 1142 1662 1142 1659 1142 1508 1142 1505 1142 1501 1142 1498 1142 1498 1146 1471 1173 1417 1173 1344 1146 1340 1146 1337 1146 1334 1146 1280 1163 1176 1146 1173 1146 1169 1146 1166 1146 1146 1163 1112 1146 1109 1146 1106 1146 777 1176 780 1243"/></Shape>
	    <String CONTENT="deuantle bō duc iehã ſon frere"
                    HPOS="777"
                    VPOS="1142"
                    WIDTH="1307"
                    HEIGHT="134"></String>
          </TextLine>

          
          
          <TextLine ID="eSc_line_618a517c"
                    TAGREFS="LT1716"
                    BASELINE="784 1354 2084 1354" 
                    HPOS="784"
                    VPOS="1263"
                    WIDTH="1300"
                    HEIGHT="134">
            <Shape><Polygon POINTS="784 1354 784 1380 908 1380 925 1394 925 1397 928 1397 931 1397 935 1397 938 1397 995 1380 1136 1397 1139 1397 1246 1380 1313 1397 1317 1397 1320 1397 2084 1377 2084 1354 2084 1290 2004 1290 2004 1287 1970 1263 1967 1263 1964 1263 1960 1263 1957 1263 1893 1287 1893 1290 1330 1290 1330 1287 1256 1263 1253 1263 1250 1263 1052 1283 1022 1263 1018 1263 1015 1263 915 1263 911 1263 908 1263 905 1263 874 1287 824 1263 821 1263 817 1263 814 1263 811 1263 784 1280 784 1354"/></Shape>
	    <String CONTENT="duq̃l meſſire guy demoura ƃne"
                    HPOS="784"
                    VPOS="1263"
                    WIDTH="1300"
                    HEIGHT="134"></String>
          </TextLine>

          
          
          <TextLine ID="eSc_line_9573799d"
                    TAGREFS="LT1716"
                    BASELINE="780 1474 2084 1468" 
                    HPOS="777"
                    VPOS="1370"
                    WIDTH="1307"
                    HEIGHT="144">
            <Shape><Polygon POINTS="780 1474 780 1514 915 1494 1032 1511 1065 1514 1069 1514 1072 1514 1086 1511 1132 1494 1320 1504 1387 1508 1391 1508 1505 1501 1662 1491 1675 1498 1706 1511 1709 1511 1712 1514 1873 1514 1873 1511 2081 1488 2084 1468 2078 1400 1846 1400 1820 1377 1816 1377 1813 1377 1810 1377 1806 1377 1803 1377 1783 1394 1756 1370 1753 1370 1749 1370 1679 1370 1675 1370 1672 1370 1669 1370 1629 1397 1397 1374 1394 1374 1391 1374 1324 1404 1183 1404 1112 1374 1109 1374 807 1374 804 1374 801 1374 797 1374 797 1377 777 1394 780 1474"/></Shape>
	    <String CONTENT="fille q̃ fut mariee a mõſeigneur"
                    HPOS="777"
                    VPOS="1370"
                    WIDTH="1307"
                    HEIGHT="144"></String>
          </TextLine>

          
          
          <TextLine ID="eSc_line_e334dcee"
                    
                    BASELINE="780 1585 2088 1585" 
                    HPOS="779"
                    VPOS="1478"
                    WIDTH="1304"
                    HEIGHT="140">
            <Shape><Polygon POINTS="779 1583 779 1618 2083 1618 2083 1583 2083 1503 1997 1478 1992 1478 1987 1478 1982 1478 1891 1503 1469 1478 1464 1478 1333 1503 1212 1478 1207 1478 1056 1503 1026 1478 1021 1478 1016 1478 1011 1478 1006 1478 920 1503 845 1478 840 1478 835 1478 830 1478 779 1503 779 1583"/></Shape>
	    <String CONTENT="charles de bloys nepueu dephe⸝"
                    HPOS="779"
                    VPOS="1478"
                    WIDTH="1304"
                    HEIGHT="140"></String>
          </TextLine>

          
          
          <TextLine ID="eSc_line_8aef5a36"
                    TAGREFS="LT1716"
                    BASELINE="774 1705 2088 1699" 
                    HPOS="770"
                    VPOS="1605"
                    WIDTH="1318"
                    HEIGHT="137">
            <Shape><Polygon POINTS="774 1705 774 1722 831 1742 834 1742 837 1742 972 1726 1310 1742 1313 1742 1317 1742 1354 1726 1900 1739 1903 1739 2088 1716 2088 1699 2081 1632 2004 1632 1980 1608 1980 1605 1977 1605 1974 1605 1970 1605 1967 1605 1964 1605 1937 1628 1873 1608 1870 1608 1867 1608 1763 1628 1729 1605 1726 1605 1722 1605 1635 1605 1632 1605 1629 1605 1625 1605 1625 1608 1602 1632 1411 1632 1344 1608 1340 1608 1337 1608 1334 1608 1236 1635 988 1635 797 1608 794 1608 791 1608 787 1608 787 1612 770 1625 774 1705"/></Shape>
	    <String CONTENT="lippes roy de france. Oꝛ aꝸuint"
                    HPOS="770"
                    VPOS="1605"
                    WIDTH="1318"
                    HEIGHT="137"></String>
          </TextLine>

          
          
          <TextLine ID="eSc_line_ddeed080"
                    TAGREFS="LT1716"
                    BASELINE="794 1819 2084 1809" 
                    HPOS="791"
                    VPOS="1719"
                    WIDTH="1293"
                    HEIGHT="141">
            <Shape><Polygon POINTS="794 1819 794 1840 935 1860 938 1860 941 1860 945 1860 945 1856 962 1843 975 1853 978 1853 982 1853 985 1853 1233 1836 1277 1836 1287 1836 1377 1856 1380 1856 1384 1856 1387 1856 1417 1836 1421 1836 1531 1856 1535 1856 1538 1856 1541 1856 1568 1840 1739 1850 1743 1850 1820 1833 1840 1850 1840 1853 1843 1853 1846 1853 1850 1853 1944 1836 1964 1853 1967 1853 1970 1853 1974 1853 2081 1830 2084 1809 2081 1742 2031 1719 2027 1719 2024 1719 2021 1719 1934 1739 1856 1722 1853 1722 1850 1722 1803 1739 1783 1722 1783 1719 1779 1719 1776 1719 1773 1719 1652 1739 1635 1742 1625 1739 1575 1722 1572 1722 1568 1722 1461 1739 1437 1742 1424 1739 1374 1722 1370 1722 1367 1722 1250 1739 1199 1746 1189 1739 1173 1726 1169 1726 1166 1726 1163 1726 1159 1726 1119 1739 1096 1746 791 1739 794 1819"/></Shape>
	    <String CONTENT="q̃ apꝛes le treſpaſſement ꝸuꝸit"
                    HPOS="791"
                    VPOS="1719"
                    WIDTH="1293"
                    HEIGHT="141"></String>
          </TextLine>

          
          
          <TextLine ID="eSc_line_a90ad2d5"
                    TAGREFS="LT1716"
                    BASELINE="774 1930 2084 1930" 
                    HPOS="774"
                    VPOS="1833"
                    WIDTH="1310"
                    HEIGHT="141">
            <Shape><Polygon POINTS="774 1930 774 1954 807 1970 811 1970 814 1970 1092 1954 1173 1974 1176 1974 1179 1974 1183 1974 1223 1954 1293 1974 1297 1974 1300 1974 1444 1954 1618 1974 1622 1974 1732 1954 1796 1974 1799 1974 1803 1974 2084 1950 2084 1930 2084 1863 1977 1863 1950 1836 1950 1833 1947 1833 1944 1833 1853 1833 1850 1833 1846 1833 1783 1860 1618 1833 1615 1833 1612 1833 1608 1833 1608 1836 1578 1860 1501 1840 1498 1840 1494 1840 1491 1840 1437 1860 1387 1836 1384 1836 1380 1836 1273 1860 1233 1833 1230 1833 1226 1833 1223 1833 1220 1833 1153 1850 1126 1833 1122 1833 1119 1833 1116 1833 1112 1833 1109 1833 1109 1836 1086 1860 1008 1860 988 1843 988 1840 985 1840 982 1840 978 1840 911 1853 891 1836 891 1833 888 1833 884 1833 814 1833 811 1833 807 1833 804 1833 774 1853 774 1930"/></Shape>
	    <String CONTENT="bō duciehan la duchie eſcheut"
                    HPOS="774"
                    VPOS="1833"
                    WIDTH="1310"
                    HEIGHT="141"></String>
          </TextLine>

          
          
          <TextLine ID="eSc_line_8d9bd7d4"
                    TAGREFS="LT1716"
                    BASELINE="777 2051 2088 2041" 
                    HPOS="774"
                    VPOS="1947"
                    WIDTH="1314"
                    HEIGHT="144">
            <Shape><Polygon POINTS="777 2051 777 2071 1045 2071 1092 2091 1096 2091 1099 2091 1199 2071 1568 2071 1642 2088 1645 2088 1649 2088 1652 2088 1719 2064 2017 2084 2021 2084 2024 2084 2088 2057 2088 2041 2084 1974 2037 1947 2034 1947 2031 1947 2027 1947 2024 1947 2021 1947 1974 1974 1635 1960 1632 1960 1629 1960 1625 1960 1625 1964 1612 1974 1585 1950 1582 1950 1578 1950 1575 1950 1317 1977 1250 1950 1246 1950 1243 1950 1240 1950 1186 1970 1086 1954 1082 1954 1079 1954 1075 1954 1075 1957 1049 1980 931 1954 928 1954 774 1984 777 2051"/></Shape>
	    <String CONTENT="auꝸit charles de bloys a cauſe"
                    HPOS="774"
                    VPOS="1947"
                    WIDTH="1314"
                    HEIGHT="144"></String>
          </TextLine>

          
          
          <TextLine ID="eSc_line_1d336e56"
                    TAGREFS="LT1716"
                    BASELINE="784 2161 2088 2155" 
                    HPOS="780"
                    VPOS="2067"
                    WIDTH="1308"
                    HEIGHT="131">
            <Shape><Polygon POINTS="784 2161 784 2181 1431 2198 1434 2198 1672 2181 2044 2195 2048 2195 2051 2195 2088 2175 2088 2155 2084 2091 2044 2067 2041 2067 2037 2067 2034 2067 1582 2091 1431 2067 1427 2067 1253 2094 1072 2071 1069 2071 1065 2071 1005 2098 780 2098 784 2161"/></Shape>
	    <String CONTENT="de madame ſa femme. mais&#x27;ie"
                    HPOS="780"
                    VPOS="2067"
                    WIDTH="1308"
                    HEIGHT="131"></String>
          </TextLine>

          
          
          <TextLine ID="eSc_line_02d8ca42"
                    TAGREFS="LT1716"
                    BASELINE="777 2275 2084 2269" 
                    HPOS="774"
                    VPOS="2175"
                    WIDTH="1310"
                    HEIGHT="144">
            <Shape><Polygon POINTS="777 2275 777 2302 821 2319 824 2319 827 2319 1096 2302 1099 2302 1179 2319 1183 2319 1263 2302 1280 2316 1280 2319 1283 2319 1287 2319 1290 2319 1293 2319 1334 2302 1424 2319 1427 2319 1535 2299 1538 2299 1548 2299 1917 2316 1920 2319 2058 2319 2058 2316 2061 2316 2064 2316 2084 2295 2084 2269 2078 2202 2014 2202 1991 2178 1991 2175 1987 2175 1984 2175 1980 2175 1977 2175 1930 2198 1716 2178 1712 2178 1709 2178 1625 2198 1548 2175 1545 2175 1541 2175 1538 2175 1535 2175 1505 2202 1424 2202 1380 2178 1377 2178 1374 2178 1370 2178 1320 2202 1109 2178 1106 2178 1102 2178 1099 2178 1062 2205 951 2205 905 2178 901 2178 797 2178 794 2178 791 2178 787 2178 787 2181 784 2181 774 2191 777 2275"/></Shape>
	    <String CONTENT="hã de mōfort luy cōtredit et ſen"
                    HPOS="774"
                    VPOS="2175"
                    WIDTH="1310"
                    HEIGHT="144"></String>
          </TextLine>

          
          
          <TextLine ID="eSc_line_e4ba06e8"
                    TAGREFS="LT1716"
                    BASELINE="777 2393 2084 2393" 
                    HPOS="777"
                    VPOS="2302"
                    WIDTH="1307"
                    HEIGHT="131">
            <Shape><Polygon POINTS="777 2393 777 2416 797 2429 801 2429 804 2429 807 2433 948 2433 948 2429 951 2429 955 2429 955 2426 968 2413 1005 2429 1008 2429 1012 2433 1213 2433 1213 2429 1216 2429 1220 2429 1240 2413 1280 2429 1283 2429 1287 2429 1290 2429 1347 2413 1649 2413 1699 2429 1702 2429 1706 2433 1877 2433 1877 2429 1880 2429 1883 2429 1883 2426 1900 2413 1960 2429 1964 2429 1967 2429 2084 2409 2084 2393 2084 2329 1739 2326 1659 2302 1655 2302 1652 2302 1649 2302 1645 2302 1645 2305 1629 2322 1602 2309 1598 2309 1595 2309 1354 2326 1290 2302 1287 2302 1283 2302 1280 2302 1277 2302 1277 2305 1253 2329 968 2329 945 2305 945 2302 941 2302 938 2302 858 2302 854 2302 851 2302 777 2326 777 2393"/></Shape>
	    <String CONTENT="alla deuers le roy et luy poꝛta"
                    HPOS="777"
                    VPOS="2302"
                    WIDTH="1307"
                    HEIGHT="131"></String>
          </TextLine>

          
          
          <TextLine ID="eSc_line_4ce492e4"
                    TAGREFS="LT1716"
                    BASELINE="774 2510 2091 2503" 
                    HPOS="770"
                    VPOS="2406"
                    WIDTH="1321"
                    HEIGHT="137">
            <Shape><Polygon POINTS="774 2510 774 2530 2014 2543 2017 2543 2021 2543 2091 2523 2091 2503 2084 2436 1749 2416 1746 2416 1612 2433 1575 2406 1572 2406 1568 2406 1448 2406 1444 2406 1441 2406 1437 2406 1437 2409 1414 2433 1387 2409 1384 2409 1380 2409 1377 2409 1374 2409 1313 2436 1243 2409 1240 2409 1236 2409 1233 2409 1230 2409 1230 2413 1203 2440 972 2440 945 2416 941 2416 938 2416 935 2416 931 2416 928 2416 908 2433 884 2413 884 2409 881 2409 878 2409 811 2409 807 2409 804 2409 801 2409 770 2429 774 2510"/></Shape>
	    <String CONTENT="lōmage de la duchie quil receut"
                    HPOS="770"
                    VPOS="2406"
                    WIDTH="1321"
                    HEIGHT="137"></String>
          </TextLine>

          
          
          <TextLine ID="eSc_line_5b211a13"
                    TAGREFS="LT1716"
                    BASELINE="777 2627 2084 2614" 
                    HPOS="774"
                    VPOS="2520"
                    WIDTH="1310"
                    HEIGHT="151">
            <Shape><Polygon POINTS="777 2627 777 2664 827 2671 831 2671 834 2671 837 2671 837 2667 844 2664 858 2651 955 2661 1042 2671 1045 2671 1049 2671 1075 2661 1102 2647 1236 2657 1367 2664 1370 2664 1374 2664 1411 2651 1441 2644 1518 2651 1686 2664 1689 2664 1692 2664 1769 2644 1789 2641 1830 2644 2017 2661 2021 2661 2024 2661 2084 2637 2084 2614 2081 2547 2014 2520 2011 2520 2007 2520 2004 2520 1957 2547 1746 2550 1665 2550 1642 2527 1642 2523 1639 2523 1635 2523 1632 2523 1629 2523 1625 2523 1625 2527 1602 2547 1548 2530 1545 2530 1541 2530 1538 2530 1488 2547 1431 2523 1427 2523 1424 2523 1421 2523 1337 2550 1250 2527 1246 2527 1243 2527 1139 2547 1106 2527 1102 2527 1099 2527 1096 2527 1092 2527 1008 2553 931 2530 928 2530 925 2530 921 2530 861 2553 827 2530 824 2530 821 2530 817 2530 814 2530 811 2530 774 2550 777 2627"/></Shape>
	    <String CONTENT="puis sẽ alla en bꝛetaigne et pꝛit"
                    HPOS="774"
                    VPOS="2520"
                    WIDTH="1310"
                    HEIGHT="151"></String>
          </TextLine>

          
          
          <TextLine ID="eSc_line_c1804aff"
                    TAGREFS="LT1716"
                    BASELINE="784 2741 2078 2731" 
                    HPOS="780"
                    VPOS="2637"
                    WIDTH="1298"
                    HEIGHT="141">
            <Shape><Polygon POINTS="784 2741 784 2761 982 2778 985 2778 988 2778 992 2778 1012 2761 1052 2778 1055 2778 1059 2778 1062 2778 1109 2761 1149 2778 1153 2778 1156 2778 1159 2778 1230 2758 1236 2758 1250 2758 1377 2775 1380 2775 1528 2758 1582 2775 1585 2775 1588 2775 1592 2775 1595 2775 1615 2758 1669 2771 1672 2771 1675 2771 1783 2755 1786 2755 1789 2755 2041 2771 2044 2771 2048 2771 2051 2771 2078 2751 2078 2731 2068 2641 1903 2661 1793 2647 1722 2637 1719 2637 1716 2637 1679 2651 1635 2664 1602 2651 1575 2641 1572 2641 1568 2641 1565 2641 1528 2654 1494 2664 1468 2654 1434 2641 1431 2641 1354 2641 1350 2641 1347 2641 1344 2641 1344 2644 1324 2657 1317 2664 1270 2661 1112 2644 1109 2644 1106 2644 1062 2664 1055 2671 780 2671 784 2741"/></Shape>
	    <String CONTENT="nom de ꝸuc. Et cōtre leꝸit mō"
                    HPOS="780"
                    VPOS="2637"
                    WIDTH="1298"
                    HEIGHT="141"></String>
          </TextLine>

          
          
          <TextLine ID="eSc_line_b1ddecda"
                    TAGREFS="LT1716"
                    BASELINE="784 2855 2088 2848" 
                    HPOS="780"
                    VPOS="2748"
                    WIDTH="1308"
                    HEIGHT="151">
            <Shape><Polygon POINTS="784 2855 784 2899 1015 2879 1283 2889 1427 2895 1431 2895 1434 2895 1451 2885 1474 2875 1501 2885 1518 2892 1521 2892 1525 2892 1528 2892 1545 2885 1568 2875 1629 2882 1702 2892 1706 2892 2084 2872 2088 2848 2081 2778 1987 2755 1984 2755 1980 2755 1903 2775 1873 2751 1870 2751 1867 2751 1863 2751 1860 2751 1766 2775 1726 2748 1722 2748 1719 2748 1716 2748 1595 2771 1572 2751 1572 2748 1568 2748 1565 2748 1448 2748 1444 2748 1441 2748 1437 2748 1437 2751 1414 2775 1367 2755 1364 2755 1360 2755 1357 2755 1354 2755 1354 2758 1334 2778 1273 2751 1270 2751 1213 2751 1210 2751 1206 2751 1203 2751 1203 2755 1176 2781 968 2781 905 2758 901 2758 898 2758 894 2758 891 2758 891 2761 874 2778 807 2751 804 2751 801 2751 797 2751 794 2751 794 2755 791 2755 780 2765 784 2855"/></Shape>
	    <String CONTENT="ſeigneur charleſ chalãga la du"
                    HPOS="780"
                    VPOS="2748"
                    WIDTH="1308"
                    HEIGHT="151"></String>
          </TextLine>

          
          
          <TextLine ID="eSc_line_b5042467"
                    TAGREFS="LT1716"
                    BASELINE="777 2976 2091 2962" 
                    HPOS="774"
                    VPOS="2865"
                    WIDTH="1317"
                    HEIGHT="141">
            <Shape><Polygon POINTS="777 2976 777 2996 1391 3006 1394 3006 1478 2989 1488 2989 1508 2989 1753 3006 1756 3006 1759 3006 1840 2986 1846 2986 1856 2986 2044 3003 2048 3003 2051 3003 2091 2982 2091 2962 2088 2892 1997 2865 1994 2865 1991 2865 1803 2892 1763 2865 1759 2865 1756 2865 1753 2865 1749 2865 1639 2895 1635 2895 1561 2869 1558 2869 1555 2869 1391 2899 1377 2899 1364 2899 1132 2872 1129 2872 1126 2872 1122 2872 1122 2875 1092 2899 1069 2879 1069 2875 1065 2875 1062 2875 1059 2875 1055 2875 962 2902 925 2875 921 2875 918 2875 841 2875 837 2875 834 2875 774 2899 777 2976"/></Shape>
	    <String CONTENT="chie.le cōte de monfoꝛt fut aꝸõc"
                    HPOS="774"
                    VPOS="2865"
                    WIDTH="1317"
                    HEIGHT="141"></String>
          </TextLine>

          
          
          <TextLine ID="eSc_line_78beb71c"
                    TAGREFS="LT1716"
                    BASELINE="784 3090 2084 3076" 
                    HPOS="780"
                    VPOS="2993"
                    WIDTH="1304"
                    HEIGHT="134">
            <Shape><Polygon POINTS="784 3090 784 3110 881 3127 884 3127 888 3127 891 3127 908 3113 908 3110 918 3113 958 3123 962 3123 965 3123 1213 3113 1401 3106 1411 3113 1421 3123 1424 3123 1427 3123 1431 3123 1434 3123 1454 3117 1484 3103 1649 3117 1712 3120 1716 3120 1759 3117 1917 3100 1934 3113 1934 3117 1937 3117 1940 3117 1944 3120 2081 3120 2084 3076 2078 3013 1927 3013 1910 2996 1910 2993 1907 2993 1903 2993 1900 2993 1431 3016 1407 2999 1404 2999 1401 2999 1106 2999 1102 2999 1099 2999 1025 3019 925 3006 921 3006 780 3023 784 3090"/></Shape>
	    <String CONTENT="ques aꝸiourne par deuãt le roy"
                    HPOS="780"
                    VPOS="2993"
                    WIDTH="1304"
                    HEIGHT="134"></String>
          </TextLine>

          
          
          <TextLine ID="eSc_line_71e40380"
                    TAGREFS="LT1716"
                    BASELINE="780 3204 2088 3190" 
                    HPOS="777"
                    VPOS="3100"
                    WIDTH="1311"
                    HEIGHT="144">
            <Shape><Polygon POINTS="780 3204 780 3224 831 3244 834 3244 837 3244 1129 3224 1427 3241 1431 3241 1434 3241 1437 3241 1471 3220 1756 3237 1759 3237 1853 3217 2054 3231 2058 3231 2061 3231 2064 3231 2088 3214 2088 3190 2081 3127 1853 3123 1799 3100 1796 3100 1793 3100 1789 3100 1786 3100 1746 3130 1615 3130 1585 3103 1582 3103 1578 3103 1575 3103 1464 3123 1437 3103 1434 3103 1431 3103 1427 3103 1424 3103 1357 3133 1220 3133 1196 3113 1193 3113 1189 3113 1186 3113 1092 3133 817 3110 814 3110 811 3110 807 3110 777 3130 780 3204"/></Shape>
	    <String CONTENT="il ƃint ettant fut la cauʃe de me"
                    HPOS="777"
                    VPOS="3100"
                    WIDTH="1311"
                    HEIGHT="144"></String>
          </TextLine>

          
          
          <TextLine ID="eSc_line_4c22ba3c"
                    
                    BASELINE="787 3318 2098 3311" 
                    HPOS="779"
                    VPOS="3212"
                    WIDTH="1314"
                    HEIGHT="136">
            <Shape><Polygon POINTS="784 3313 784 3348 2088 3343 2093 3308 2083 3237 1122 3212 1117 3212 779 3237 784 3313"/></Shape>
	    <String CONTENT="nee par deuãt les pers de fran_"
                    HPOS="779"
                    VPOS="3212"
                    WIDTH="1314"
                    HEIGHT="136"></String>
          </TextLine>

          
          
          <TextLine ID="eSc_line_96531a10"
                    TAGREFS="LT1716"
                    BASELINE="784 3432 2088 3432" 
                    HPOS="784"
                    VPOS="3338"
                    WIDTH="1304"
                    HEIGHT="144">
            <Shape><Polygon POINTS="784 3432 784 3462 804 3479 807 3479 811 3479 814 3482 935 3482 935 3479 938 3479 941 3479 968 3458 1136 3479 1139 3479 1307 3458 1431 3479 1434 3479 1437 3479 1505 3458 1994 3479 1997 3479 2001 3479 2088 3455 2088 3432 2088 3361 2054 3338 2051 3338 2048 3338 1994 3338 1991 3338 1987 3338 1984 3338 1984 3341 1960 3361 1934 3338 1930 3338 1927 3338 1799 3338 1796 3338 1793 3338 1789 3338 1789 3341 1763 3368 1712 3368 1669 3338 1665 3338 1662 3338 1659 3338 1655 3338 1565 3368 1387 3368 1277 3338 1273 3338 1163 3338 1159 3338 1156 3338 1153 3338 1153 3341 1136 3355 1092 3338 1089 3338 1086 3338 1082 3338 1079 3338 1079 3341 1055 3365 784 3365 784 3432"/></Shape>
	    <String CONTENT="ce par leſ ꝸictes parties  ilᴣ fu"
                    HPOS="784"
                    VPOS="3338"
                    WIDTH="1304"
                    HEIGHT="144"></String>
          </TextLine>

          
          
          <TextLine ID="eSc_line_505a2f43"
                    TAGREFS="LT1716"
                    BASELINE="784 3549 2088 3542" 
                    HPOS="780"
                    VPOS="3458"
                    WIDTH="1308"
                    HEIGHT="128">
            <Shape><Polygon POINTS="784 3549 784 3569 1427 3586 1431 3586 1572 3566 1578 3566 1582 3566 1635 3582 1639 3582 1642 3582 1820 3566 1840 3582 1843 3582 1846 3582 1850 3582 1853 3582 1856 3582 1880 3566 2051 3582 2054 3582 2058 3582 2061 3582 2088 3562 2088 3542 2081 3482 1947 3458 1944 3458 1940 3458 1937 3458 1937 3462 1917 3482 1826 3482 1776 3458 1773 3458 1769 3458 1766 3458 1706 3479 1635 3458 1632 3458 1629 3458 1625 3458 1622 3458 1595 3482 1243 3482 1169 3462 1166 3462 1163 3462 1159 3462 1156 3462 1156 3465 1139 3479 1096 3462 1092 3462 1089 3462 780 3485 784 3549"/></Shape>
	    <String CONTENT="rent apoinctes par ꝸroit. Et"
                    HPOS="780"
                    VPOS="3458"
                    WIDTH="1308"
                    HEIGHT="128"></String>
          </TextLine>

          
          
          <TextLine ID="eSc_line_76ded286"
                    TAGREFS="LT1716"
                    BASELINE="784 3663 2084 3656" 
                    HPOS="780"
                    VPOS="3576"
                    WIDTH="1304"
                    HEIGHT="130">
            <Shape><Polygon POINTS="784 3663 784 3690 1203 3706 1206 3706 1210 3706 1213 3706 1236 3690 1270 3690 1380 3690 1424 3706 1427 3706 1431 3706 1518 3686 1521 3686 1528 3686 1595 3703 1598 3703 1602 3703 1679 3686 1682 3686 1689 3686 2048 3703 2051 3703 2054 3703 2058 3703 2084 3683 2084 3656 2078 3596 1437 3576 1434 3576 1330 3596 931 3579 928 3579 925 3579 921 3579 901 3596 878 3579 874 3579 871 3579 868 3579 864 3579 780 3599 784 3663"/></Shape>
	    <String CONTENT="en ce comptant fut apoincte au"
                    HPOS="780"
                    VPOS="3576"
                    WIDTH="1304"
                    HEIGHT="130"></String>
          </TextLine>

          
          
          <TextLine ID="eSc_line_0fb8d320"
                    TAGREFS="LT1716"
                    BASELINE="784 3780 2088 3780" 
                    HPOS="784"
                    VPOS="3686"
                    WIDTH="1304"
                    HEIGHT="134">
            <Shape><Polygon POINTS="784 3780 784 3804 1163 3804 1210 3820 1213 3820 1216 3820 1367 3804 1997 3820 2001 3820 2088 3800 2088 3780 2088 3710 2034 3686 2031 3686 2027 3686 2024 3686 1974 3710 1940 3686 1937 3686 1934 3686 1930 3686 1927 3686 1856 3710 1799 3686 1796 3686 1793 3686 1632 3710 1565 3686 1561 3686 1558 3686 1555 3686 1551 3686 1551 3690 1528 3710 1350 3693 1347 3693 1344 3693 1310 3710 1290 3690 1290 3686 1287 3686 1283 3686 1179 3686 1176 3686 1173 3686 1169 3686 1132 3713 972 3713 861 3686 858 3686 854 3686 784 3710 784 3780"/></Shape>
	    <String CONTENT="cõte de mõfort et a luy aiugie la"
                    HPOS="784"
                    VPOS="3686"
                    WIDTH="1304"
                    HEIGHT="134"></String>
          </TextLine>

          
          
          <TextLine ID="eSc_line_189051ec"
                    TAGREFS="LT1716"
                    BASELINE="787 3897 2094 3891" 
                    HPOS="784"
                    VPOS="3797"
                    WIDTH="1310"
                    HEIGHT="124">
            <Shape><Polygon POINTS="787 3897 787 3921 2091 3914 2094 3891 2091 3824 2037 3797 2034 3797 2031 3797 1920 3820 1669 3807 1665 3807 1437 3824 1411 3804 1411 3800 1407 3800 1404 3800 1401 3800 1287 3824 1260 3804 1260 3800 1256 3800 1253 3800 1169 3800 1166 3800 1163 3800 1099 3824 1039 3800 1035 3800 1032 3800 1029 3800 1025 3800 995 3824 821 3800 817 3800 814 3800 811 3800 784 3820 787 3897"/></Shape>
	    <String CONTENT="ꝸicte ꝸuchienõ appartenir. ꝸõt"
                    HPOS="784"
                    VPOS="3797"
                    WIDTH="1310"
                    HEIGHT="124"></String>
          </TextLine>

          
          
          <TextLine ID="eSc_line_70de39a6"
                    TAGREFS="LT1716"
                    BASELINE="791 4011 2081 4005" 
                    HPOS="787"
                    VPOS="3914"
                    WIDTH="1294"
                    HEIGHT="128">
            <Shape><Polygon POINTS="791 4011 791 4038 2074 4042 2081 4005 2071 3914 1709 3934 1679 3924 1655 3914 1652 3914 1649 3914 1645 3914 1605 3924 1565 3934 1538 3928 1501 3914 1498 3914 1494 3914 1491 3914 1434 3928 1397 3941 1149 3941 1143 3938 1099 3918 1096 3918 1092 3918 884 3938 821 3918 817 3918 814 3918 811 3918 807 3918 807 3921 787 3938 791 4011"/></Shape>
	    <String CONTENT="ſe partit de court hatiuemẽt ʃãʃ"
                    HPOS="787"
                    VPOS="3914"
                    WIDTH="1294"
                    HEIGHT="128"></String>
          </TextLine>

          
          
          <TextLine ID="eSc_line_ce3b7098"
                    TAGREFS="LT1716"
                    BASELINE="787 4125 2094 4125" 
                    HPOS="787"
                    VPOS="4032"
                    WIDTH="1307"
                    HEIGHT="144">
            <Shape><Polygon POINTS="787 4125 787 4149 905 4172 908 4172 1042 4152 1267 4152 1300 4172 1303 4172 1307 4172 1310 4176 1380 4176 1380 4172 1384 4172 1387 4172 1387 4169 1407 4152 1515 4152 1535 4169 1535 4172 1538 4172 1541 4172 1545 4172 1934 4152 2011 4172 2014 4172 2017 4172 2021 4172 2094 4149 2094 4125 2091 4045 1890 4058 1877 4045 1863 4035 1863 4032 1860 4032 1856 4032 1779 4032 1776 4032 1773 4032 1732 4048 1706 4058 1675 4048 1625 4032 1622 4032 1618 4032 1615 4032 1572 4048 1561 4055 1555 4052 1531 4032 1528 4032 1525 4032 1437 4032 1434 4032 1431 4032 1427 4032 1427 4035 1407 4052 1401 4062 1183 4062 1173 4055 1136 4032 1132 4032 1129 4032 1126 4032 1122 4032 1119 4032 1082 4055 1079 4058 1079 4055 1039 4032 1035 4032 1032 4032 1029 4032 1025 4032 962 4058 958 4062 787 4062 787 4125"/></Shape>
	    <String CONTENT="congie ꝸu roy. Et ſen alla tout"
                    HPOS="787"
                    VPOS="4032"
                    WIDTH="1307"
                    HEIGHT="144"></String>
          </TextLine>

          
          
          <TextLine ID="eSc_line_c7876347"
                    TAGREFS="LT1716"
                    BASELINE="794 4243 2098 4236" 
                    HPOS="791"
                    VPOS="4146"
                    WIDTH="1307"
                    HEIGHT="137">
            <Shape><Polygon POINTS="794 4243 794 4266 1206 4283 1210 4283 1776 4263 1793 4263 1810 4276 1810 4280 1813 4280 1816 4280 1820 4283 2048 4283 2048 4280 2051 4280 2098 4259 2098 4236 2094 4172 2044 4146 2041 4146 2037 4146 2034 4146 1984 4169 1840 4146 1836 4146 1833 4146 1830 4146 1830 4149 1806 4172 1555 4172 1494 4146 1491 4146 1488 4146 1484 4146 1401 4176 1166 4176 1143 4152 1143 4149 1139 4149 1136 4149 1132 4149 1129 4149 1055 4169 1035 4149 1032 4149 1029 4149 945 4149 941 4149 938 4149 888 4172 824 4149 821 4149 817 4149 814 4149 811 4149 811 4152 791 4169 794 4243"/></Shape>
	    <String CONTENT="ʃeul iuſques a oreleãs.  et illec ſe"
                    HPOS="791"
                    VPOS="4146"
                    WIDTH="1307"
                    HEIGHT="137"></String>
          </TextLine>

          
          
          <TextLine ID="eSc_line_675e4f44"
                    TAGREFS="LT1716"
                    BASELINE="784 4350 2098 4357" 
                    HPOS="780"
                    VPOS="4259"
                    WIDTH="1318"
                    HEIGHT="141">
            <Shape><Polygon POINTS="784 4350 780 4373 978 4397 982 4397 1411 4380 1471 4400 1474 4400 1478 4400 1575 4383 1665 4400 1669 4400 1773 4383 1913 4400 1917 4400 1920 4400 1960 4383 2014 4400 2017 4400 2021 4400 2024 4400 2094 4380 2098 4357 2094 4290 1980 4286 1960 4266 1960 4263 1957 4263 1954 4263 1950 4263 1799 4280 1732 4263 1729 4263 1726 4263 1722 4263 1719 4263 1719 4266 1699 4283 1696 4286 1682 4283 1575 4263 1572 4263 1568 4263 1515 4283 1501 4286 1267 4286 1263 4280 1243 4263 1243 4259 1240 4259 1236 4259 1233 4259 1230 4259 1186 4280 1176 4283 1156 4280 1075 4259 1072 4259 1069 4259 1065 4259 1065 4263 1045 4276 1039 4286 888 4286 881 4276 864 4263 864 4259 861 4259 858 4259 854 4259 784 4273 784 4350"/></Shape>
	    <String CONTENT="bouta ſur loyre en ƃng ƃaiſſeau"
                    HPOS="780"
                    VPOS="4259"
                    WIDTH="1318"
                    HEIGHT="141"></String>
          </TextLine>

          
          
          <TextLine ID="eSc_line_9b3270d1"
                    TAGREFS="LT1716"
                    BASELINE="787 4464 2094 4471" 
                    HPOS="784"
                    VPOS="4377"
                    WIDTH="1310"
                    HEIGHT="134">
            <Shape><Polygon POINTS="787 4464 784 4487 905 4507 908 4507 1391 4494 1437 4511 1441 4511 1444 4511 2091 4494 2094 4471 2084 4383 1997 4404 1917 4383 1893 4380 1890 4380 1840 4387 1702 4404 1686 4387 1679 4383 1679 4380 1675 4380 1672 4380 1582 4380 1578 4380 1575 4380 1558 4390 1535 4404 1521 4390 1515 4383 1515 4380 1511 4380 1508 4380 1441 4377 1437 4377 1434 4377 1431 4377 1431 4380 1417 4390 1404 4404 1277 4404 1267 4394 1250 4380 1250 4377 1246 4377 1243 4377 1240 4377 1236 4377 1206 4394 1189 4400 787 4400 787 4464"/></Shape>
	    <String CONTENT="et nuyt et iour ſẽ alla en bretai"
                    HPOS="784"
                    VPOS="4377"
                    WIDTH="1310"
                    HEIGHT="134"></String>
          </TextLine>

          
          
          <TextLine ID="eSc_line_80b522c6"
                    TAGREFS="LT1716"
                    BASELINE="774 4591 2094 4581" 
                    HPOS="770"
                    VPOS="4487"
                    WIDTH="1324"
                    HEIGHT="151">
            <Shape><Polygon POINTS="774 4591 777 4638 864 4618 1277 4628 1458 4632 1461 4632 1511 4621 1555 4615 1568 4621 1582 4632 1585 4632 1588 4632 1592 4632 1595 4632 1625 4621 1652 4611 1726 4618 1833 4628 1836 4628 2091 4608 2094 4581 2091 4511 2034 4487 2031 4487 2027 4487 2024 4487 1957 4511 1934 4491 1934 4487 1930 4487 1927 4487 1856 4487 1853 4487 1850 4487 1846 4487 1846 4491 1823 4511 1823 4514 1535 4514 1531 4514 1481 4491 1478 4491 1474 4491 1471 4491 1468 4491 1441 4511 1421 4494 1421 4491 1417 4491 1414 4491 1344 4491 1340 4491 1337 4491 1287 4514 1065 4494 1062 4494 1059 4494 968 4518 965 4518 962 4518 844 4501 841 4501 837 4501 770 4518 774 4591"/></Shape>
	    <String CONTENT="gne et illec paʃʃa la mer et ʃẽ ala"
                    HPOS="770"
                    VPOS="4487"
                    WIDTH="1324"
                    HEIGHT="151"></String>
          </TextLine>

          
          
          <TextLine ID="eSc_line_520a19ca"
                    TAGREFS="LT1716"
                    BASELINE="791 4695 2091 4705" 
                    HPOS="787"
                    VPOS="4615"
                    WIDTH="1304"
                    HEIGHT="134">
            <Shape><Polygon POINTS="791 4695 787 4715 868 4745 871 4745 874 4745 878 4745 918 4722 945 4745 948 4745 951 4745 955 4745 1156 4725 1206 4722 1250 4729 1367 4749 1370 4749 1448 4732 1491 4725 1618 4739 1669 4742 1672 4742 1706 4739 1830 4729 1850 4745 1853 4745 1856 4745 1860 4745 1873 4745 1977 4729 2084 4749 2091 4705 2084 4635 1260 4635 1233 4632 1153 4615 1149 4615 791 4628 791 4695"/></Shape>
	    <String CONTENT="en angleterre par deuers le roy"
                    HPOS="787"
                    VPOS="4615"
                    WIDTH="1304"
                    HEIGHT="134"></String>
          </TextLine>

          
          
          <TextLine ID="eSc_line_4f411bba"
                    TAGREFS="LT1716"
                    BASELINE="787 4812 2094 4819" 
                    HPOS="784"
                    VPOS="4722"
                    WIDTH="1310"
                    HEIGHT="158">
            <Shape><Polygon POINTS="787 4812 784 4843 925 4873 928 4873 1122 4849 1199 4873 1203 4873 1206 4873 1210 4873 1267 4853 1324 4873 1327 4873 1330 4873 1334 4873 1374 4853 1444 4869 1448 4869 1451 4869 1605 4853 1639 4876 1642 4876 1645 4876 1649 4880 1719 4880 1719 4876 1722 4876 1726 4876 1753 4853 1813 4869 1816 4869 1820 4869 1910 4853 2054 4869 2058 4869 2061 4869 2064 4869 2091 4849 2094 4819 2094 4752 1994 4725 1991 4725 1987 4725 1984 4725 1940 4749 1867 4725 1863 4725 1860 4725 1856 4725 1813 4749 1659 4749 1448 4749 1441 4749 1374 4722 1370 4722 1367 4722 787 4742 787 4812"/></Shape>
	    <String CONTENT="au quel il fit hommage de la ꝸu"
                    HPOS="784"
                    VPOS="4722"
                    WIDTH="1310"
                    HEIGHT="158"></String>
          </TextLine>

          
        </TextBlock>
        
        <TextBlock HPOS="2244"
                   VPOS="803"
                   WIDTH="1315"
                   HEIGHT="3764"
                   ID="eSc_textblock_0a402822"
                   >
          <Shape><Polygon POINTS="3559 803 3559 4567 2244 4567 2244 803"/></Shape>
          
          
          <TextLine ID="eSc_line_0ae39343"
                    TAGREFS="LT1716"
                    BASELINE="2202 898 3506 904" 
                    HPOS="2198"
                    VPOS="801"
                    WIDTH="1308"
                    HEIGHT="150">
            <Shape><Polygon POINTS="2202 898 2198 925 2252 948 2255 948 2259 948 2262 948 2349 928 2503 948 2507 948 2725 928 2745 945 2745 948 2748 948 2751 948 2755 951 2822 951 2822 948 2825 948 2829 948 2849 928 2892 951 2896 951 2899 951 3043 931 3375 951 3378 951 3382 951 3385 951 3385 948 3405 931 3502 931 3506 904 3502 834 3274 834 3274 831 3244 807 3244 804 3241 804 3237 804 3234 804 3231 804 3174 827 3130 804 3127 804 3123 804 3120 804 3083 821 3023 804 3020 804 3016 804 3013 804 2966 831 2959 831 2738 831 2735 827 2684 801 2681 801 2678 801 2674 801 2607 827 2530 804 2527 804 2523 804 2520 804 2517 804 2493 817 2477 804 2477 801 2473 801 2470 801 2467 801 2463 801 2413 827 2410 827 2359 801 2356 801 2353 801 2202 824 2202 898"/></Shape>
	    <String CONTENT="chie. lequel roy anglois luy pꝛo"
                    HPOS="2198"
                    VPOS="801"
                    WIDTH="1308"
                    HEIGHT="150"></String>
          </TextLine>

          
          
          <TextLine ID="eSc_line_11c6423c"
                    TAGREFS="LT1716"
                    BASELINE="2202 1015 3506 1015" 
                    HPOS="2202"
                    VPOS="925"
                    WIDTH="1304"
                    HEIGHT="140">
            <Shape><Polygon POINTS="2202 1015 2202 1042 2356 1065 2359 1065 2363 1065 2366 1065 2399 1045 2480 1065 2483 1065 2487 1065 2674 1045 3479 1065 3482 1065 3486 1065 3489 1065 3489 1062 3506 1045 3506 1015 3506 951 3442 951 3418 928 3418 925 3415 925 3412 925 3408 925 3261 948 3237 928 3237 925 3234 925 3231 925 3227 925 3224 925 3221 925 3191 948 3013 925 3010 925 3006 925 3003 925 3003 928 2979 951 2919 951 2869 925 2865 925 2862 925 2859 925 2805 951 2490 951 2467 928 2467 925 2463 925 2460 925 2319 925 2316 925 2202 948 2202 1015"/></Shape>
	    <String CONTENT="miʃt luy. garentir. Et ainſi ſen"
                    HPOS="2202"
                    VPOS="925"
                    WIDTH="1304"
                    HEIGHT="140"></String>
          </TextLine>

          
          
          <TextLine ID="eSc_line_4b26eee8"
                    TAGREFS="LT1716"
                    BASELINE="2202 1126 3499 1132" 
                    HPOS="2198"
                    VPOS="1039"
                    WIDTH="1301"
                    HEIGHT="130">
            <Shape><Polygon POINTS="2202 1126 2198 1146 2312 1169 2316 1169 2319 1169 2389 1152 2423 1169 2426 1169 2430 1169 2537 1152 2591 1169 2594 1169 2597 1169 3496 1152 3499 1132 3499 1069 3452 1049 3449 1049 3445 1049 3281 1065 3211 1049 3207 1049 3204 1049 3201 1049 3164 1065 3046 1042 3043 1042 3040 1042 2996 1065 2993 1065 2926 1042 2922 1042 2919 1042 2916 1042 2912 1042 2912 1045 2892 1065 2845 1039 2842 1039 2839 1039 2835 1039 2832 1039 2802 1059 2782 1042 2782 1039 2778 1039 2775 1039 2772 1039 2768 1039 2674 1062 2601 1062 2379 1062 2359 1042 2359 1039 2356 1039 2353 1039 2349 1039 2202 1059 2202 1126"/></Shape>
	    <String CONTENT="alla des anglois le cõte de mon"
                    HPOS="2198"
                    VPOS="1039"
                    WIDTH="1301"
                    HEIGHT="130"></String>
          </TextLine>

          
          
          <TextLine ID="eSc_line_334904db"
                    TAGREFS="LT1716"
                    BASELINE="2205 1240 3502 1246" 
                    HPOS="2202"
                    VPOS="1149"
                    WIDTH="1300"
                    HEIGHT="148">
            <Shape><Polygon POINTS="2205 1240 2202 1273 2242 1290 2245 1290 2249 1290 2373 1273 2433 1266 2456 1273 2503 1290 2507 1290 2510 1290 2513 1290 2557 1273 2577 1266 2621 1273 2681 1283 2684 1283 2688 1283 2691 1283 2701 1273 2711 1266 2912 1266 2916 1273 2936 1290 2936 1293 2939 1293 2942 1293 2946 1297 3113 1297 3113 1293 3117 1293 3191 1273 3194 1273 3294 1293 3298 1293 3301 1293 3304 1293 3338 1273 3499 1273 3502 1246 3499 1183 3335 1176 3315 1156 3315 1152 3311 1152 3308 1152 3304 1152 3191 1176 2989 1152 2986 1152 2983 1152 2979 1152 2979 1156 2959 1176 2879 1179 2855 1179 2852 1179 2761 1149 2758 1149 2755 1149 2751 1149 2748 1149 2705 1179 2574 1179 2540 1149 2537 1149 2534 1149 2530 1149 2379 1176 2235 1149 2232 1149 2229 1149 2225 1149 2225 1152 2205 1169 2205 1240"/></Shape>
	    <String CONTENT="foꝛt. Et autour aſſigne fut oꝛ"
                    HPOS="2202"
                    VPOS="1149"
                    WIDTH="1300"
                    HEIGHT="148"></String>
          </TextLine>

          
          
          <TextLine ID="eSc_line_02e4724c"
                    TAGREFS="LT1716"
                    BASELINE="2205 1354 3506 1360" 
                    HPOS="2202"
                    VPOS="1266"
                    WIDTH="1304"
                    HEIGHT="138">
            <Shape><Polygon POINTS="2205 1354 2202 1377 2416 1400 2420 1400 2500 1384 2741 1400 2745 1400 2959 1387 2976 1400 2976 1404 2979 1404 2983 1404 2986 1404 3502 1384 3506 1360 3506 1297 3415 1270 3412 1270 3408 1270 3405 1270 3355 1287 3304 1270 3301 1270 3298 1270 3294 1270 3251 1293 3204 1270 3201 1270 3137 1270 3134 1270 3130 1270 3127 1270 3127 1273 3103 1293 2698 1293 2698 1290 2674 1270 2674 1266 2671 1266 2668 1266 2664 1266 2564 1290 2560 1290 2557 1290 2470 1273 2467 1273 2356 1287 2336 1270 2336 1266 2332 1266 2329 1266 2326 1266 2205 1287 2205 1354"/></Shape>
	    <String CONTENT="ꝸõne par les pers q̃ a charleſ de"
                    HPOS="2202"
                    VPOS="1266"
                    WIDTH="1304"
                    HEIGHT="138"></String>
          </TextLine>

          
          
          <TextLine ID="eSc_line_82832652"
                    TAGREFS="LT1716"
                    BASELINE="2198 1471 3502 1468" 
                    HPOS="2195"
                    VPOS="1387"
                    WIDTH="1307"
                    HEIGHT="127">
            <Shape><Polygon POINTS="2198 1471 2198 1498 3408 1514 3412 1514 3415 1514 3418 1514 3435 1501 3455 1514 3459 1514 3462 1514 3465 1514 3469 1514 3472 1514 3502 1494 3502 1468 3492 1411 3070 1411 3060 1411 2963 1387 2892 1387 2889 1387 2886 1387 2882 1387 2882 1390 2859 1411 2855 1411 2835 1411 2523 1387 2520 1387 2517 1387 2456 1411 2453 1411 2450 1411 2326 1387 2208 1387 2205 1387 2202 1387 2198 1387 2198 1390 2195 1390 2198 1471"/></Shape>
	    <String CONTENT="bloys et non a aultre apparte ⸝"
                    HPOS="2195"
                    VPOS="1387"
                    WIDTH="1307"
                    HEIGHT="127"></String>
          </TextLine>

          
          
          <TextLine ID="eSc_line_5168bada"
                    TAGREFS="LT1716"
                    BASELINE="2198 1581 3502 1592" 
                    HPOS="2195"
                    VPOS="1494"
                    WIDTH="1307"
                    HEIGHT="138">
            <Shape><Polygon POINTS="2198 1581 2195 1605 3067 1632 3070 1632 3499 1615 3502 1592 3499 1528 3338 1501 3335 1501 3331 1501 3328 1501 3301 1525 3241 1501 3237 1501 3234 1501 3231 1501 3174 1525 3167 1525 3164 1525 3070 1498 3067 1498 3063 1498 3060 1498 3056 1498 3056 1501 3030 1521 3030 1525 2815 1525 2812 1521 2785 1498 2782 1498 2778 1498 2681 1498 2678 1498 2674 1498 2671 1498 2637 1521 2634 1521 2631 1521 2577 1494 2574 1494 2570 1494 2567 1494 2510 1518 2473 1494 2470 1494 2467 1494 2463 1494 2460 1494 2396 1518 2366 1498 2363 1498 2359 1498 2356 1498 2353 1498 2349 1498 2319 1518 2316 1518 2198 1518 2198 1581"/></Shape>
	    <String CONTENT="noit le ꝸuchie a cauſe de ſa fem"
                    HPOS="2195"
                    VPOS="1494"
                    WIDTH="1307"
                    HEIGHT="138"></String>
          </TextLine>

          
          
          <TextLine ID="eSc_line_c76fb01e"
                    TAGREFS="LT1716"
                    BASELINE="2202 1702 3502 1699" 
                    HPOS="2198"
                    VPOS="1615"
                    WIDTH="1304"
                    HEIGHT="114">
            <Shape><Polygon POINTS="2202 1702 2202 1726 3496 1729 3502 1699 3489 1615 3402 1642 3304 1642 3281 1618 3278 1618 3278 1615 3274 1615 3271 1615 3268 1615 3264 1615 3254 1618 3211 1642 2758 1642 2668 1632 2436 1615 2433 1615 2430 1615 2426 1615 2426 1618 2403 1638 2322 1622 2319 1622 2198 1642 2202 1702"/></Shape>
	    <String CONTENT="me. Et en prononcant larreſt"
                    HPOS="2198"
                    VPOS="1615"
                    WIDTH="1304"
                    HEIGHT="114"></String>
          </TextLine>

          
          
          <TextLine ID="eSc_line_13dd5302"
                    TAGREFS="LT1716"
                    BASELINE="2198 1809 3502 1819" 
                    HPOS="2195"
                    VPOS="1722"
                    WIDTH="1307"
                    HEIGHT="144">
            <Shape><Polygon POINTS="2198 1809 2195 1833 2316 1860 2319 1860 2906 1843 2946 1863 2949 1863 2953 1863 3311 1846 3378 1866 3382 1866 3385 1866 3499 1843 3502 1819 3499 1752 3331 1729 3328 1729 3325 1729 3321 1729 3321 1732 3301 1749 3301 1752 3184 1752 3177 1749 3120 1729 3117 1729 3113 1729 3110 1729 3070 1749 3067 1749 3063 1749 3013 1726 3010 1726 2912 1726 2909 1726 2906 1726 2902 1726 2882 1746 2818 1726 2815 1726 2812 1726 2808 1726 2751 1746 2745 1746 2554 1746 2554 1742 2534 1726 2534 1722 2530 1722 2527 1722 2523 1722 2520 1722 2456 1742 2453 1746 2289 1746 2289 1742 2269 1726 2269 1722 2265 1722 2262 1722 2259 1722 2255 1722 2198 1739 2198 1809"/></Shape>
	    <String CONTENT="les pꝛelatᴣ et barõſ de bretaigne"
                    HPOS="2195"
                    VPOS="1722"
                    WIDTH="1307"
                    HEIGHT="144"></String>
          </TextLine>

          
          
          <TextLine ID="eSc_line_da94eb49"
                    TAGREFS="LT1716"
                    BASELINE="2202 1940 3499 1933" 
                    HPOS="2198"
                    VPOS="1836"
                    WIDTH="1301"
                    HEIGHT="144">
            <Shape><Polygon POINTS="2202 1940 2202 1967 2829 1960 2839 1964 2889 1977 2892 1977 2896 1977 2973 1960 2983 1960 2989 1960 3077 1977 3080 1977 3167 1960 3180 1957 3184 1960 3214 1977 3217 1977 3221 1977 3224 1980 3469 1980 3469 1977 3472 1977 3475 1977 3499 1957 3499 1933 3492 1866 3338 1866 3311 1840 3311 1836 3308 1836 3304 1836 3214 1836 3211 1836 3207 1836 3204 1836 3204 1840 3174 1866 3127 1866 3067 1836 3063 1836 3060 1836 3056 1836 2979 1863 2886 1836 2882 1836 2879 1836 2875 1836 2872 1836 2835 1866 2698 1866 2671 1843 2671 1840 2668 1840 2664 1840 2661 1840 2658 1840 2601 1860 2574 1840 2570 1840 2567 1840 2564 1840 2560 1840 2497 1856 2410 1840 2406 1840 2403 1840 2342 1863 2225 1850 2222 1850 2218 1850 2215 1850 2198 1863 2202 1940"/></Shape>
	    <String CONTENT="y pẽꝸirẽt leurs ſeaulx. Apꝛes"
                    HPOS="2198"
                    VPOS="1836"
                    WIDTH="1301"
                    HEIGHT="144"></String>
          </TextLine>

          
          
          <TextLine ID="eSc_line_6b24b738"
                    TAGREFS="LT1716"
                    BASELINE="2198 2044 3506 2051" 
                    HPOS="2195"
                    VPOS="1957"
                    WIDTH="1311"
                    HEIGHT="134">
            <Shape><Polygon POINTS="2198 2044 2195 2064 2366 2088 2369 2088 2570 2071 2772 2088 2775 2088 2778 2088 2782 2088 2802 2071 3318 2091 3321 2091 3325 2091 3328 2091 3351 2074 3502 2074 3506 2051 3502 1970 2493 1977 2480 1974 2426 1960 2423 1960 2420 1960 2416 1960 2369 1977 2366 1977 2363 1977 2322 1957 2319 1957 2316 1957 2312 1957 2309 1957 2309 1960 2292 1977 2289 1977 2239 1957 2235 1957 2232 1957 2229 1957 2198 1970 2198 2044"/></Shape>
	    <String CONTENT="le iugement partit charles ꝸe"
                    HPOS="2195"
                    VPOS="1957"
                    WIDTH="1311"
                    HEIGHT="134"></String>
          </TextLine>

          
          
          <TextLine ID="eSc_line_6a219a49"
                    TAGREFS="LT1716"
                    BASELINE="2202 2158 3499 2165" 
                    HPOS="2198"
                    VPOS="2071"
                    WIDTH="1301"
                    HEIGHT="134">
            <Shape><Polygon POINTS="2202 2158 2198 2185 2222 2198 2225 2198 2229 2198 2232 2198 2607 2188 2721 2185 2751 2191 2805 2202 2808 2202 2812 2202 2815 2202 2825 2191 2832 2188 2835 2191 2845 2202 2849 2202 2852 2202 2855 2202 3020 2195 3248 2188 3492 2205 3499 2165 3496 2098 3365 2074 3361 2074 3358 2074 3355 2074 3355 2078 3335 2094 3331 2101 3147 2101 3137 2094 3080 2074 3077 2074 3073 2074 3070 2074 3067 2074 3067 2078 3046 2094 3043 2101 2926 2101 2916 2094 2852 2071 2849 2071 2845 2071 2842 2071 2839 2071 2815 2091 2601 2071 2597 2071 2594 2071 2547 2094 2544 2094 2493 2071 2490 2071 2487 2071 2483 2071 2480 2071 2480 2074 2456 2094 2453 2098 2312 2098 2306 2094 2262 2071 2259 2071 2255 2071 2252 2071 2202 2091 2202 2158"/></Shape>
	    <String CONTENT="court et alla en bretaingne . a luy"
                    HPOS="2198"
                    VPOS="2071"
                    WIDTH="1301"
                    HEIGHT="134"></String>
          </TextLine>

          
          
          <TextLine ID="eSc_line_cd0b484f"
                    TAGREFS="LT1716"
                    BASELINE="2205 2279 3506 2272" 
                    HPOS="2202"
                    VPOS="2181"
                    WIDTH="1304"
                    HEIGHT="135">
            <Shape><Polygon POINTS="2205 2279 2205 2316 3506 2299 3506 2272 3499 2208 3271 2181 3268 2181 2976 2205 2902 2181 2899 2181 2896 2181 2892 2181 2889 2181 2889 2185 2869 2202 2842 2185 2839 2185 2835 2185 2832 2185 2705 2208 2470 2185 2467 2185 2302 2208 2232 2185 2229 2185 2225 2185 2222 2185 2218 2185 2218 2188 2202 2205 2205 2279"/></Shape>
	    <String CONTENT="ſe renꝸirent pluſieurs ƃilles et"
                    HPOS="2202"
                    VPOS="2181"
                    WIDTH="1304"
                    HEIGHT="135"></String>
          </TextLine>

          
          
          <TextLine ID="eSc_line_e592137a"
                    TAGREFS="LT1716"
                    BASELINE="2202 2393 3502 2393" 
                    HPOS="2202"
                    VPOS="2299"
                    WIDTH="1300"
                    HEIGHT="141">
            <Shape><Polygon POINTS="2202 2393 2202 2419 2265 2440 2269 2440 2272 2440 2275 2440 2279 2440 2306 2423 2356 2440 2359 2440 2363 2440 2366 2440 2420 2423 2567 2440 2570 2440 2574 2440 2634 2423 2741 2440 2745 2440 2748 2440 2798 2423 2849 2440 2852 2440 2855 2440 2859 2440 2912 2423 2996 2440 2999 2440 3502 2419 3502 2393 3502 2326 3442 2302 3439 2302 3435 2302 3432 2302 3429 2302 3429 2305 3402 2326 3318 2302 3315 2302 3311 2302 3308 2302 3304 2302 3304 2305 3278 2329 3113 2329 3053 2299 3050 2299 3046 2299 3043 2299 3040 2299 3003 2326 2939 2299 2936 2299 2932 2299 2929 2299 2849 2326 2805 2299 2802 2299 2798 2299 2711 2299 2708 2299 2705 2299 2701 2299 2701 2302 2674 2329 2477 2329 2440 2299 2436 2299 2433 2299 2430 2299 2426 2299 2346 2319 2262 2299 2259 2299 2255 2299 2252 2299 2202 2322 2202 2393"/></Shape>
	    <String CONTENT="chaſteaux. Et pluſieurs ſe tin"
                    HPOS="2202"
                    VPOS="2299"
                    WIDTH="1300"
                    HEIGHT="141"></String>
          </TextLine>

          
          
          <TextLine ID="eSc_line_50b6967e"
                    TAGREFS="LT1716"
                    BASELINE="2205 2507 3502 2507" 
                    HPOS="2205"
                    VPOS="2423"
                    WIDTH="1297"
                    HEIGHT="110">
            <Shape><Polygon POINTS="2205 2507 2205 2533 3502 2533 3502 2507 3502 2446 2996 2446 2996 2443 2946 2423 2942 2423 2939 2423 2591 2443 2584 2443 2550 2423 2547 2423 2544 2423 2540 2423 2446 2440 2232 2423 2229 2423 2225 2423 2222 2423 2205 2433 2205 2507"/></Shape>
	    <String CONTENT="ꝸꝛẽt de la partie ꝸu conte de mõ"
                    HPOS="2205"
                    VPOS="2423"
                    WIDTH="1297"
                    HEIGHT="110"></String>
          </TextLine>

          
          
          <TextLine ID="eSc_line_769a2a3a"
                    TAGREFS="LT1716"
                    BASELINE="2208 2621 3509 2627" 
                    HPOS="2205"
                    VPOS="2550"
                    WIDTH="1304"
                    HEIGHT="124">
            <Shape><Polygon POINTS="2208 2621 2205 2661 2212 2667 2215 2667 2215 2671 2218 2671 2222 2671 2225 2671 2229 2671 2299 2647 2363 2647 2389 2667 2389 2671 2393 2671 2396 2671 2399 2674 2547 2674 2547 2671 2550 2671 2631 2647 2641 2647 2963 2647 3030 2674 3033 2674 3036 2674 3197 2651 3338 2651 3398 2674 3402 2674 3405 2674 3408 2674 3506 2647 3509 2627 3509 2560 2208 2550 2208 2621"/></Shape>
	    <String CONTENT="fort. ¶Ne demoura gueres que"
                    HPOS="2205"
                    VPOS="2550"
                    WIDTH="1304"
                    HEIGHT="124"></String>
          </TextLine>

          
          
          <TextLine ID="eSc_line_1517cb5c"
                    TAGREFS="LT1716"
                    BASELINE="2202 2734 3506 2741" 
                    HPOS="2198"
                    VPOS="2651"
                    WIDTH="1308"
                    HEIGHT="130">
            <Shape><Polygon POINTS="2202 2734 2198 2775 2386 2765 2450 2775 2483 2781 2487 2781 2523 2775 2597 2761 2627 2775 2644 2781 2648 2781 2651 2781 2654 2781 2684 2775 2721 2765 2849 2771 3043 2781 3046 2781 3402 2765 3408 2765 3432 2781 3435 2781 3439 2781 3442 2781 3445 2781 3502 2761 3506 2741 3506 2674 3482 2654 3479 2654 3475 2654 3472 2654 3469 2654 3408 2674 3358 2654 3355 2654 3351 2654 3248 2674 3197 2654 3194 2654 3191 2654 2932 2674 2919 2674 2879 2674 2741 2671 2725 2654 2725 2651 2721 2651 2718 2651 2715 2651 2711 2651 2644 2671 2577 2651 2574 2651 2570 2651 2567 2651 2490 2671 2487 2671 2202 2671 2202 2734"/></Shape>
	    <String CONTENT="pour faire ſecours auꝸit cõte le"
                    HPOS="2198"
                    VPOS="2651"
                    WIDTH="1308"
                    HEIGHT="130"></String>
          </TextLine>

          
          
          <TextLine ID="eSc_line_40ddd8b9"
                    TAGREFS="LT1716"
                    BASELINE="2208 2852 3509 2852" 
                    HPOS="2208"
                    VPOS="2771"
                    WIDTH="1301"
                    HEIGHT="108">
            <Shape><Polygon POINTS="2208 2852 2208 2879 3509 2879 3509 2852 3509 2791 3402 2771 3398 2771 3395 2771 3325 2791 2711 2791 2373 2771 2369 2771 2208 2788 2208 2852"/></Shape>
	    <String CONTENT="roy ꝸangleterre enuoya en bre⸝"
                    HPOS="2208"
                    VPOS="2771"
                    WIDTH="1301"
                    HEIGHT="108"></String>
          </TextLine>

          
          
          <TextLine ID="eSc_line_ffbe5eed"
                    TAGREFS="LT1716"
                    BASELINE="2205 2962 3516 2969" 
                    HPOS="2202"
                    VPOS="2869"
                    WIDTH="1314"
                    HEIGHT="154">
            <Shape><Polygon POINTS="2205 2962 2202 2989 2272 3016 2275 3016 2279 3016 2855 2996 3040 3019 3043 3023 3248 3023 3248 3019 3251 3019 3294 2999 3335 3019 3338 3019 3341 3019 3345 3019 3348 3019 3348 3016 3365 2999 3412 3019 3415 3019 3418 3019 3512 2996 3516 2969 3516 2902 3445 2872 3442 2872 3439 2872 3435 2872 3375 2902 3331 2902 3294 2902 3294 2899 3268 2875 3268 2872 3264 2872 3261 2872 3258 2872 3254 2872 3201 2899 3137 2872 3134 2872 3046 2872 3043 2872 3040 2872 3036 2872 3003 2899 2956 2872 2953 2872 2949 2872 2691 2895 2664 2872 2664 2869 2661 2869 2658 2869 2654 2869 2651 2869 2591 2895 2534 2869 2530 2869 2527 2869 2523 2869 2470 2895 2467 2895 2460 2895 2349 2879 2346 2879 2205 2892 2205 2962"/></Shape>
	    <String CONTENT="taigne le duc de lãcaſtre ſon fre"
                    HPOS="2202"
                    VPOS="2869"
                    WIDTH="1314"
                    HEIGHT="154"></String>
          </TextLine>

          
          
          <TextLine ID="eSc_line_fffc70d9"
                    TAGREFS="LT1716"
                    BASELINE="2202 3080 3512 3086" 
                    HPOS="2198"
                    VPOS="2993"
                    WIDTH="1314"
                    HEIGHT="140">
            <Shape><Polygon POINTS="2202 3080 2198 3103 2359 3130 2363 3130 2621 3110 2644 3130 2648 3130 2651 3130 2654 3130 2748 3113 2772 3130 2775 3130 2778 3130 2782 3130 2785 3130 2788 3130 2808 3113 2852 3133 2855 3133 2859 3133 2959 3113 3154 3133 3157 3133 3509 3110 3512 3086 3509 3023 3248 2996 3244 2996 3241 2996 3237 2996 3237 2999 3217 3019 3120 3019 2983 3019 2979 3019 2956 2999 2956 2996 2953 2996 2949 2996 2855 2993 2852 2993 2849 2993 2845 2993 2815 3016 2785 2993 2782 2993 2778 2993 2775 2993 2671 3016 2668 3016 2202 3016 2202 3080"/></Shape>
	    <String CONTENT="re agrans gẽs. Par myla bre⸝"
                    HPOS="2198"
                    VPOS="2993"
                    WIDTH="1314"
                    HEIGHT="140"></String>
          </TextLine>

          
          
          <TextLine ID="eSc_line_be659955"
                    TAGREFS="LT1716"
                    BASELINE="2205 3194 3512 3204" 
                    HPOS="2202"
                    VPOS="3106"
                    WIDTH="1310"
                    HEIGHT="135">
            <Shape><Polygon POINTS="2205 3194 2202 3217 2658 3241 2661 3241 3509 3227 3512 3204 3512 3140 3418 3113 3415 3113 3412 3113 3284 3137 3278 3137 3261 3137 2973 3117 2969 3117 2792 3133 2778 3133 2755 3113 2755 3110 2751 3110 2748 3110 2745 3110 2741 3110 2684 3133 2681 3133 2648 3106 2644 3106 2641 3106 2637 3106 2527 3130 2523 3133 2410 3133 2406 3130 2356 3106 2353 3106 2349 3106 2205 3127 2205 3194"/></Shape>
	    <String CONTENT="taigne alla le conte de monfoꝛt"
                    HPOS="2202"
                    VPOS="3106"
                    WIDTH="1310"
                    HEIGHT="135"></String>
          </TextLine>

          
          
          <TextLine ID="eSc_line_d587d920"
                    TAGREFS="LT1716"
                    BASELINE="2198 3318 3499 3318" 
                    HPOS="2198"
                    VPOS="3220"
                    WIDTH="1301"
                    HEIGHT="141">
            <Shape><Polygon POINTS="2198 3318 2198 3341 2265 3361 2269 3361 2272 3361 2353 3344 2487 3361 2490 3361 2580 3344 2701 3361 2705 3361 2708 3361 2758 3344 2805 3361 2808 3361 2812 3361 2815 3361 2886 3344 3465 3361 3469 3361 3472 3361 3475 3361 3499 3344 3499 3318 3496 3234 3311 3247 3281 3234 3244 3220 3241 3220 3237 3220 3234 3220 3231 3220 3214 3237 3201 3247 3167 3237 3117 3220 3113 3220 3110 3220 3107 3220 3103 3220 3083 3237 3070 3251 2906 3251 2899 3241 2879 3224 2879 3220 2875 3220 2872 3220 2788 3220 2785 3220 2782 3220 2705 3244 2684 3251 2443 3251 2443 3247 2416 3224 2416 3220 2413 3220 2410 3220 2406 3220 2403 3220 2342 3244 2262 3220 2259 3220 2255 3220 2252 3220 2198 3247 2198 3318"/></Shape>
	    <String CONTENT="chalengeãnt ƃilles et chaſteaux"
                    HPOS="2198"
                    VPOS="3220"
                    WIDTH="1301"
                    HEIGHT="141"></String>
          </TextLine>

          
          
          <TextLine ID="eSc_line_777c766c"
                    TAGREFS="LT1716"
                    BASELINE="2208 3435 3506 3425" 
                    HPOS="2205"
                    VPOS="3338"
                    WIDTH="1301"
                    HEIGHT="144">
            <Shape><Polygon POINTS="2208 3435 2208 3462 2410 3462 2413 3462 2463 3482 2467 3482 2470 3482 2473 3482 2477 3482 2477 3479 2497 3462 2500 3462 2621 3475 2624 3475 2627 3475 2661 3458 2664 3458 2688 3475 2691 3475 2694 3475 2698 3475 2822 3458 2835 3458 2849 3458 3067 3479 3070 3479 3073 3479 3147 3458 3375 3475 3378 3475 3502 3452 3506 3425 3499 3365 3345 3338 3341 3338 3338 3338 3284 3365 3150 3365 3073 3338 3070 3338 3067 3338 2879 3365 2694 3348 2691 3348 2507 3368 2232 3344 2229 3344 2225 3344 2222 3344 2222 3348 2205 3361 2208 3435"/></Shape>
	    <String CONTENT="ꝸune part et monſeigneur char"
                    HPOS="2205"
                    VPOS="3338"
                    WIDTH="1301"
                    HEIGHT="144"></String>
          </TextLine>

          
          
          <TextLine ID="eSc_line_2034d1a9"
                    TAGREFS="LT1716"
                    BASELINE="2202 3549 3506 3549" 
                    HPOS="2202"
                    VPOS="3465"
                    WIDTH="1304"
                    HEIGHT="111">
            <Shape><Polygon POINTS="2202 3549 2202 3576 3506 3576 3506 3549 3506 3485 3110 3465 3107 3465 3010 3482 2966 3465 2963 3465 2959 3465 2956 3465 2953 3465 2922 3485 2648 3485 2544 3465 2540 3465 2433 3482 2386 3465 2383 3465 2379 3465 2296 3482 2229 3465 2225 3465 2222 3465 2218 3465 2215 3465 2202 3475 2202 3549"/></Shape>
	    <String CONTENT="les ꝸaultre part. ꝸõt bꝛetaigne"
                    HPOS="2202"
                    VPOS="3465"
                    WIDTH="1304"
                    HEIGHT="111"></String>
          </TextLine>

          
          
          <TextLine ID="eSc_line_484de794"
                    TAGREFS="LT1716"
                    BASELINE="2205 3666 3499 3666" 
                    HPOS="2205"
                    VPOS="3579"
                    WIDTH="1294"
                    HEIGHT="134">
            <Shape><Polygon POINTS="2205 3666 2205 3696 2500 3693 2520 3696 2580 3710 2584 3710 2587 3710 2591 3710 2607 3696 2614 3693 2946 3693 2949 3693 2963 3706 2963 3710 2966 3710 2969 3710 2973 3713 3097 3713 3097 3710 3100 3710 3103 3710 3103 3706 3120 3693 3499 3693 3499 3666 3499 3603 3251 3579 3248 3579 3077 3599 3023 3579 3020 3579 3016 3579 3013 3579 2963 3603 2761 3603 2715 3579 2711 3579 2708 3579 2705 3579 2648 3596 2564 3579 2560 3579 2557 3579 2554 3579 2554 3582 2534 3603 2363 3603 2229 3579 2225 3579 2222 3579 2218 3579 2218 3582 2205 3596 2205 3666"/></Shape>
	    <String CONTENT="fut moult ꝸommagee et les no"
                    HPOS="2205"
                    VPOS="3579"
                    WIDTH="1294"
                    HEIGHT="134"></String>
          </TextLine>

          
          
          <TextLine ID="eSc_line_d0463874"
                    TAGREFS="LT1716"
                    BASELINE="2205 3780 3496 3773" 
                    HPOS="2202"
                    VPOS="3680"
                    WIDTH="1294"
                    HEIGHT="147">
            <Shape><Polygon POINTS="2205 3780 2205 3807 2520 3807 2530 3807 2597 3827 2601 3827 2604 3827 2698 3807 2711 3807 2718 3807 2772 3827 2775 3827 2778 3827 2966 3824 2969 3824 2973 3824 2989 3807 2996 3804 3144 3804 3150 3807 3164 3820 3167 3820 3170 3820 3174 3820 3177 3820 3224 3807 3248 3804 3268 3807 3315 3824 3318 3824 3321 3824 3492 3807 3496 3773 3489 3713 3221 3713 3184 3690 3180 3690 3177 3690 3174 3690 3023 3710 2973 3680 2969 3680 2966 3680 2845 3680 2842 3680 2839 3680 2765 3713 2698 3683 2694 3683 2631 3683 2627 3683 2624 3683 2621 3683 2580 3713 2487 3683 2483 3683 2480 3683 2477 3683 2473 3683 2423 3716 2346 3716 2316 3686 2316 3683 2312 3683 2309 3683 2245 3683 2242 3683 2239 3683 2235 3683 2202 3710 2205 3780"/></Shape>
	    <String CONTENT="bles abaiſſes¶Car aꝸonc en"
                    HPOS="2202"
                    VPOS="3680"
                    WIDTH="1294"
                    HEIGHT="147"></String>
          </TextLine>

          
          
          <TextLine ID="eSc_line_f0ffc6e3"
                    TAGREFS="LT1716"
                    BASELINE="2202 3897 3502 3891" 
                    HPOS="2198"
                    VPOS="3810"
                    WIDTH="1304"
                    HEIGHT="134">
            <Shape><Polygon POINTS="2202 3897 2202 3924 2329 3924 2332 3928 2349 3941 2349 3944 2353 3944 2356 3944 2359 3944 2520 3928 2560 3924 2597 3928 2721 3944 2725 3944 2728 3944 2768 3928 2782 3924 2805 3928 2859 3941 2862 3941 2963 3931 3046 3921 3496 3931 3502 3891 3496 3824 2969 3810 2966 3810 2715 3830 2651 3810 2648 3810 2644 3810 2641 3810 2564 3830 2218 3810 2215 3810 2212 3810 2208 3810 2208 3814 2205 3814 2198 3817 2202 3897"/></Shape>
	    <String CONTENT="bretaigne le pere guerreoit con"
                    HPOS="2198"
                    VPOS="3810"
                    WIDTH="1304"
                    HEIGHT="134"></String>
          </TextLine>

          
          
          <TextLine ID="eSc_line_c1fbc521"
                    TAGREFS="LT1716"
                    BASELINE="2208 4011 3506 4005" 
                    HPOS="2205"
                    VPOS="3921"
                    WIDTH="1301"
                    HEIGHT="137">
            <Shape><Polygon POINTS="2208 4011 2208 4038 2634 4058 2637 4058 2641 4058 2644 4058 2664 4042 2681 4058 2684 4058 2688 4058 2691 4058 2694 4058 2698 4058 2698 4055 2718 4038 2761 4052 2765 4052 2768 4052 2849 4035 2859 4035 2862 4035 2879 4052 2879 4055 2882 4055 2886 4055 2889 4055 2892 4055 2929 4035 2932 4035 2963 4055 2966 4055 2969 4055 2973 4055 2976 4055 2979 4055 2979 4052 2996 4035 3077 4035 3184 4035 3187 4035 3211 4055 3214 4055 3217 4055 3221 4058 3335 4058 3335 4055 3338 4055 3341 4055 3365 4035 3418 4052 3422 4052 3425 4052 3429 4052 3506 4032 3506 4005 3499 3944 3110 3921 3107 3921 3103 3921 3100 3921 3070 3941 3003 3921 2999 3921 2996 3921 2993 3921 2989 3921 2989 3924 2969 3944 2591 3944 2507 3924 2503 3924 2500 3924 2497 3924 2493 3924 2493 3928 2480 3938 2460 3924 2456 3924 2453 3924 2450 3924 2446 3924 2443 3924 2443 3928 2423 3944 2366 3924 2363 3924 2359 3924 2356 3924 2353 3924 2353 3928 2336 3941 2239 3928 2235 3928 2232 3928 2229 3928 2205 3941 2208 4011"/></Shape>
	    <String CONTENT="re le filᴣ pource q̃ les ƃngᴣ te⸝"
                    HPOS="2205"
                    VPOS="3921"
                    WIDTH="1301"
                    HEIGHT="137"></String>
          </TextLine>

          
          
          <TextLine ID="eSc_line_8687d0fe"
                    TAGREFS="LT1716"
                    BASELINE="2205 4129 3499 4122" 
                    HPOS="2202"
                    VPOS="4028"
                    WIDTH="1297"
                    HEIGHT="141">
            <Shape><Polygon POINTS="2205 4129 2205 4152 2611 4169 2614 4169 2617 4169 2648 4159 2668 4152 2825 4159 2939 4166 2942 4166 2946 4166 2949 4166 2949 4162 2953 4162 2966 4149 3194 4149 3211 4162 3211 4166 3214 4166 3217 4166 3221 4169 3496 4169 3499 4122 3486 4028 3425 4055 3368 4032 3361 4028 3358 4028 3355 4028 3351 4028 3338 4032 3271 4058 3134 4058 3093 4038 3070 4028 3067 4028 3063 4028 3060 4028 3036 4042 3010 4055 2966 4042 2916 4028 2912 4028 2909 4028 2906 4028 2862 4045 2832 4058 2805 4045 2775 4032 2772 4032 2768 4032 2765 4032 2761 4032 2741 4048 2731 4058 2544 4058 2537 4055 2517 4035 2517 4032 2513 4032 2510 4032 2507 4032 2503 4032 2446 4052 2386 4032 2383 4032 2379 4032 2376 4032 2319 4062 2202 4062 2205 4129"/></Shape>
	    <String CONTENT="noyẽt le parti de charles de bloiſ"
                    HPOS="2202"
                    VPOS="4028"
                    WIDTH="1297"
                    HEIGHT="141"></String>
          </TextLine>

          
          
          <TextLine ID="eSc_line_74cc438d"
                    TAGREFS="LT1716"
                    BASELINE="2218 4236 3506 4243" 
                    HPOS="2215"
                    VPOS="4152"
                    WIDTH="1291"
                    HEIGHT="131">
            <Shape><Polygon POINTS="2218 4236 2215 4256 2275 4280 2279 4280 2282 4280 2859 4263 3365 4283 3368 4283 3502 4263 3506 4243 3502 4179 3335 4179 3335 4176 3315 4159 3315 4156 3311 4156 3308 4156 3304 4156 3154 4176 3140 4176 2731 4176 2731 4172 2711 4156 2711 4152 2708 4152 2705 4152 2701 4152 2698 4152 2627 4172 2624 4176 2473 4176 2473 4172 2453 4156 2453 4152 2450 4152 2446 4152 2443 4152 2218 4169 2218 4236"/></Shape>
	    <String CONTENT="Et les aultres tenoyent le par"
                    HPOS="2215"
                    VPOS="4152"
                    WIDTH="1291"
                    HEIGHT="131"></String>
          </TextLine>

          
          
          <TextLine ID="eSc_line_6d191fd5"
                    TAGREFS="LT1716"
                    BASELINE="2208 4360 3502 4353" 
                    HPOS="2205"
                    VPOS="4266"
                    WIDTH="1297"
                    HEIGHT="138">
            <Shape><Polygon POINTS="2208 4360 2208 4387 2832 4404 2835 4404 2969 4387 3479 4400 3482 4400 3486 4400 3489 4400 3489 4397 3502 4380 3502 4353 3496 4290 3184 4290 3137 4270 3134 4270 3130 4270 2899 4286 2855 4266 2852 4266 2849 4266 2731 4290 2644 4270 2641 4270 2637 4270 2386 4290 2275 4270 2272 4270 2269 4270 2205 4290 2208 4360"/></Shape>
	    <String CONTENT="ti de meſſire iehan conte de mon"
                    HPOS="2205"
                    VPOS="4266"
                    WIDTH="1297"
                    HEIGHT="138"></String>
          </TextLine>

          
          
          <TextLine ID="eSc_line_ebd10d1f"
                    TAGREFS="LT1716"
                    BASELINE="2218 4471 2430 4477" 
                    HPOS="2215"
                    VPOS="4377"
                    WIDTH="215"
                    HEIGHT="141">
            <Shape><Polygon POINTS="2218 4471 2215 4518 2426 4504 2430 4477 2430 4414 2319 4407 2319 4404 2292 4380 2292 4377 2289 4377 2286 4377 2282 4377 2279 4377 2218 4394 2218 4471"/></Shape>
	    <String CONTENT="fort."
                    HPOS="2215"
                    VPOS="4377"
                    WIDTH="215"
                    HEIGHT="141"></String>
          </TextLine>

          
        </TextBlock>
        
        <TextBlock HPOS="2222"
                   VPOS="4692"
                   WIDTH="37"
                   HEIGHT="50"
                   ID="eSc_textblock_c514c910"
                   TAGREFS="BT5205">
          <Shape><Polygon POINTS="2259 4715 2235 4742 2222 4705 2242 4692"/></Shape>
          
        </TextBlock>
        
        <TextBlock HPOS="3517"
                   VPOS="741"
                   WIDTH="4"
                   HEIGHT="17"
                   ID="eSc_textblock_b5f79ece"
                   >
          <Shape><Polygon POINTS="3517 758 3517 741 3521 741 3521 758"/></Shape>
          
        </TextBlock>
        

        
        <TextBlock ID="eSc_dummyblock_">
          
          
          <TextLine ID="eSc_line_f0b48050"
                    TAGREFS="LT2"
                    BASELINE="3387 740 3416 740 3460 740 3584 740" 
                    HPOS="3386"
                    VPOS="593"
                    WIDTH="196"
                    HEIGHT="171">
            <Shape><Polygon POINTS="3386 764 3582 754 3582 739 3582 638 3471 593 3466 593 3461 593 3456 593 3451 593 3386 633 3386 739"/></Shape>
	    <String CONTENT="9."
                    HPOS="3386"
                    VPOS="593"
                    WIDTH="196"
                    HEIGHT="171"></String>
          </TextLine>

          
        </TextBlock>
        
      </PrintSpace>
    </Page>
  </Layout>
</alto>
