<?xml version="1.0" encoding="UTF-8"?>
<alto xmlns:xsi="http://www.w3.org/2001/XMLSchema-instance"
      xmlns="http://www.loc.gov/standards/alto/ns-v4#"
      xsi:schemaLocation="http://www.loc.gov/standards/alto/ns-v4# http://www.loc.gov/standards/alto/v4/alto-4-2.xsd">
  <Description>
    <MeasurementUnit>pixel</MeasurementUnit>
    <sourceImageInformation>
      <fileName>Le_Livre_des_faits_de_..._bpt6k1110614.pdf_page_14.png</fileName>
      
    </sourceImageInformation>
  </Description>
  
  <Tags>
    <OtherTag ID="BT5221" LABEL="Drop Cap" DESCRIPTION="block type Drop Cap"/><OtherTag ID="BT5208" LABEL="Column" DESCRIPTION="block type Column"/><OtherTag ID="BT5205" LABEL="text" DESCRIPTION="block type text"/><OtherTag ID="BT4" LABEL="Illustration" DESCRIPTION="block type Illustration"/><OtherTag ID="BT3" LABEL="Commentary" DESCRIPTION="block type Commentary"/><OtherTag ID="BT2" LABEL="Main" DESCRIPTION="block type Main"/><OtherTag ID="BT1" LABEL="Title" DESCRIPTION="block type Title"/>
    <OtherTag ID="LT2" LABEL="Numbering" DESCRIPTION="line type Numbering"/><OtherTag ID="LT1716" LABEL="default" DESCRIPTION="line type default"/>
  </Tags>
  
  <Layout>
    <Page WIDTH="4267"
          HEIGHT="6033"
          PHYSICAL_IMG_NR="13"
          ID="eSc_dummypage_">
      <PrintSpace HPOS="0"
                  VPOS="0"
                  WIDTH="4267"
                  HEIGHT="6033">
        
        <TextBlock HPOS="721"
                   VPOS="963"
                   WIDTH="1409"
                   HEIGHT="4088"
                   ID="eSc_textblock_987cce8f"
                   >
          <Shape><Polygon POINTS="721 963 721 5051 2130 5051 2130 963"/></Shape>
          
          
          <TextLine ID="eSc_line_c314faed"
                    
                    BASELINE="744 1092 2051 1059" 
                    HPOS="734"
                    VPOS="909"
                    WIDTH="1313"
                    HEIGHT="237">
            <Shape><Polygon POINTS="739 1090 739 1126 1101 1146 1107 1146 2047 1090 2047 1055 2032 965 1715 970 1650 915 1650 909 1645 909 1640 909 1469 909 1464 909 1157 920 1152 920 1147 920 1031 990 1026 990 774 970 769 970 764 970 759 970 734 985 739 1090"/></Shape>
	    <String CONTENT="le ſiege¶Et ſen retournerent"
                    HPOS="734"
                    VPOS="909"
                    WIDTH="1313"
                    HEIGHT="237"></String>
          </TextLine>

          
          
          <TextLine ID="eSc_line_71bb2366"
                    TAGREFS="LT1716"
                    BASELINE="744 1209 2048 1176" 
                    HPOS="740"
                    VPOS="1092"
                    WIDTH="1308"
                    HEIGHT="158">
            <Shape><Polygon POINTS="744 1230 998 1250 1002 1250 1005 1250 1099 1226 1391 1240 1394 1240 1588 1213 1649 1233 1652 1233 1655 1233 1659 1233 1712 1209 1877 1223 1880 1223 2048 1196 2048 1176 2041 1112 1783 1092 1779 1092 1776 1092 1732 1116 1659 1095 1655 1095 1652 1095 1649 1095 1588 1122 1350 1126 1287 1106 1283 1106 1280 1106 1277 1106 1273 1106 1273 1109 1270 1109 1253 1129 1163 1109 1159 1109 1156 1109 1153 1109 1119 1136 837 1139 760 1119 757 1119 754 1119 750 1119 747 1119 747 1122 744 1122 740 1126 744 1209"/></Shape>
	    <String CONTENT="les roys chaſcun en la cõntree ⸝"
                    HPOS="740"
                    VPOS="1092"
                    WIDTH="1308"
                    HEIGHT="158"></String>
          </TextLine>

          
          
          <TextLine ID="eSc_line_9cbc671e"
                    TAGREFS="LT1716"
                    BASELINE="757 1323 2058 1293" 
                    HPOS="754"
                    VPOS="1199"
                    WIDTH="1304"
                    HEIGHT="171">
            <Shape><Polygon POINTS="757 1323 757 1350 824 1370 827 1370 831 1370 834 1370 888 1354 1029 1367 1032 1367 1035 1367 1099 1344 1126 1364 1129 1364 1132 1364 1136 1364 1139 1364 1206 1340 1213 1340 1216 1340 1293 1360 1297 1360 1300 1360 1424 1344 1461 1357 1464 1357 1468 1357 1471 1357 1474 1357 1498 1337 1555 1354 1558 1354 1561 1354 1732 1333 1756 1350 1759 1350 1763 1350 1766 1350 2054 1320 2058 1293 2051 1226 1846 1226 1773 1199 1769 1199 1766 1199 1763 1199 1759 1199 1759 1203 1732 1233 1652 1233 1618 1209 1615 1209 1612 1209 1608 1209 1515 1223 1481 1206 1478 1206 1474 1206 1471 1206 1468 1206 1414 1240 1213 1240 1163 1220 1159 1220 1156 1220 1153 1220 1149 1220 1129 1240 1072 1216 1069 1216 1065 1216 1062 1216 1059 1216 1059 1220 1032 1246 814 1223 811 1223 807 1223 754 1250 757 1323"/></Shape>
	    <String CONTENT="Et quãt le roy phelippe fut re⸝"
                    HPOS="754"
                    VPOS="1199"
                    WIDTH="1304"
                    HEIGHT="171"></String>
          </TextLine>

          
          
          <TextLine ID="eSc_line_2120caaf"
                    TAGREFS="LT1716"
                    BASELINE="750 1437 2051 1404" 
                    HPOS="747"
                    VPOS="1320"
                    WIDTH="1304"
                    HEIGHT="164">
            <Shape><Polygon POINTS="750 1437 750 1464 915 1484 918 1484 1059 1461 1132 1481 1136 1481 1139 1481 1243 1461 1370 1474 1374 1474 1377 1474 1434 1451 1494 1468 1498 1468 1501 1468 1505 1468 1508 1468 1531 1451 1548 1464 1551 1464 1555 1464 1558 1464 1652 1444 1662 1444 1682 1444 1917 1461 1920 1461 2051 1434 2051 1404 2048 1340 2014 1320 2011 1320 2007 1320 2004 1320 1769 1347 1525 1330 1521 1330 1518 1330 1444 1357 1256 1360 1176 1340 1173 1340 1169 1340 1166 1340 1163 1340 1163 1344 1143 1364 1055 1364 1039 1350 1039 1347 1035 1347 1032 1347 1029 1347 848 1370 784 1350 780 1350 777 1350 774 1350 770 1350 747 1364 750 1437"/></Shape>
	    <String CONTENT="tourne en france il ꝸõna congie"
                    HPOS="747"
                    VPOS="1320"
                    WIDTH="1304"
                    HEIGHT="164"></String>
          </TextLine>

          
          
          <TextLine ID="eSc_line_fae3bd2f"
                    TAGREFS="LT1716"
                    BASELINE="754 1551 2064 1525" 
                    HPOS="750"
                    VPOS="1444"
                    WIDTH="1314"
                    HEIGHT="144">
            <Shape><Polygon POINTS="754 1551 754 1575 1075 1588 1079 1588 2064 1548 2064 1525 2058 1464 1736 1444 1732 1444 1729 1444 1726 1444 1702 1464 1615 1447 1612 1447 1608 1447 1558 1474 1183 1478 1109 1457 1106 1457 1102 1457 1099 1457 1096 1457 1059 1481 871 1464 868 1464 864 1464 861 1464 861 1468 841 1488 750 1488 754 1551"/></Shape>
	    <String CONTENT="a ſes pꝛinces et moult les mer"
                    HPOS="750"
                    VPOS="1444"
                    WIDTH="1314"
                    HEIGHT="144"></String>
          </TextLine>

          
          
          <TextLine ID="eSc_line_6cf06112"
                    
                    BASELINE="750 1672 2044 1632" 
                    HPOS="744"
                    VPOS="1533"
                    WIDTH="1298"
                    HEIGHT="181">
            <Shape><Polygon POINTS="749 1669 749 1699 1227 1714 1232 1714 2042 1659 2042 1628 2027 1533 744 1593 749 1669"/></Shape>
	    <String CONTENT="cya de leurs ſecours. Et ſur toɂ"
                    HPOS="744"
                    VPOS="1533"
                    WIDTH="1298"
                    HEIGHT="181"></String>
          </TextLine>

          
          
          <TextLine ID="eSc_line_e2a621af"
                    TAGREFS="LT1716"
                    BASELINE="754 1783 2058 1756" 
                    HPOS="750"
                    VPOS="1662"
                    WIDTH="1308"
                    HEIGHT="144">
            <Shape><Polygon POINTS="754 1783 754 1806 1726 1806 2058 1779 2058 1756 2051 1692 1893 1662 1890 1662 1763 1689 1736 1665 1732 1665 1729 1665 1726 1665 1722 1665 1618 1695 1538 1672 1535 1672 1531 1672 1528 1672 1525 1672 1481 1699 1401 1675 1397 1675 1394 1675 1391 1675 1320 1695 1273 1675 1270 1675 1267 1675 1263 1675 1260 1675 1260 1679 1230 1709 1102 1709 1052 1682 1049 1682 1045 1682 1042 1682 1039 1682 998 1712 844 1712 791 1685 787 1685 784 1685 780 1685 777 1685 777 1689 750 1709 754 1783"/></Shape>
	    <String CONTENT="les aultres le bon ꝸuc fut hõno"
                    HPOS="750"
                    VPOS="1662"
                    WIDTH="1308"
                    HEIGHT="144"></String>
          </TextLine>

          
          
          <TextLine ID="eSc_line_ea59e2d7"
                    TAGREFS="LT1716"
                    BASELINE="760 1893 2064 1870" 
                    HPOS="757"
                    VPOS="1783"
                    WIDTH="1307"
                    HEIGHT="157">
            <Shape><Polygon POINTS="760 1893 760 1917 951 1940 955 1940 958 1940 1025 1920 1065 1937 1069 1937 1072 1937 1370 1920 1491 1933 1494 1933 1498 1933 1501 1933 1501 1930 1521 1913 1535 1923 1538 1923 1541 1923 1545 1923 1689 1903 1712 1923 1712 1927 1716 1927 1719 1927 1722 1930 1830 1930 1830 1927 1833 1927 1836 1927 1836 1923 1856 1903 2064 1893 2064 1870 2061 1809 1984 1783 1980 1783 1977 1783 1974 1783 1913 1803 1883 1783 1880 1783 1877 1783 1873 1783 1736 1786 1732 1786 1682 1813 1595 1789 1592 1789 1588 1789 1468 1816 1404 1793 1401 1793 1397 1793 1394 1793 1310 1819 968 1799 965 1799 962 1799 958 1799 958 1803 935 1826 757 1830 760 1893"/></Shape>
	    <String CONTENT="re et feſtoye. puir pꝛint cõgie ꝸu"
                    HPOS="757"
                    VPOS="1783"
                    WIDTH="1307"
                    HEIGHT="157"></String>
          </TextLine>

          
          
          <TextLine ID="eSc_line_986c7aa0"
                    TAGREFS="LT1716"
                    BASELINE="760 2014 2071 1984" 
                    HPOS="757"
                    VPOS="1903"
                    WIDTH="1314"
                    HEIGHT="138">
            <Shape><Polygon POINTS="760 2014 760 2041 2068 2011 2071 1984 2064 1923 1880 1903 1877 1903 1743 1927 1662 1907 1659 1907 1655 1907 1652 1907 1585 1930 1253 1923 1250 1923 1149 1940 1052 1920 1049 1920 757 1950 760 2014"/></Shape>
	    <String CONTENT="roy et ſen retourna en bꝛetaigne"
                    HPOS="757"
                    VPOS="1903"
                    WIDTH="1314"
                    HEIGHT="138"></String>
          </TextLine>

          
          
          <TextLine ID="eSc_line_5124fcde"
                    TAGREFS="LT1716"
                    BASELINE="760 2131 2068 2101" 
                    HPOS="757"
                    VPOS="2007"
                    WIDTH="1311"
                    HEIGHT="158">
            <Shape><Polygon POINTS="760 2131 760 2151 1045 2165 1049 2165 1340 2141 1991 2141 1994 2141 1997 2141 2068 2121 2068 2101 2061 2037 2014 2037 1987 2011 1987 2007 1984 2007 1980 2007 1977 2007 1753 2041 1629 2014 1625 2014 1622 2014 1551 2047 1317 2051 1210 2024 1206 2024 1203 2024 1199 2024 1196 2024 1196 2027 1169 2054 1109 2027 1106 2027 1102 2027 1099 2027 1035 2061 757 2064 760 2131"/></Shape>
	    <String CONTENT="ou moult fut receu hõnoꝛable⸝"
                    HPOS="757"
                    VPOS="2007"
                    WIDTH="1311"
                    HEIGHT="158"></String>
          </TextLine>

          
          
          <TextLine ID="eSc_line_0c2d6ece"
                    TAGREFS="LT1716"
                    BASELINE="767 2245 2071 2215" 
                    HPOS="764"
                    VPOS="2128"
                    WIDTH="1307"
                    HEIGHT="147">
            <Shape><Polygon POINTS="767 2245 767 2269 1340 2275 1344 2275 1796 2248 1920 2262 1924 2262 2071 2238 2071 2215 2064 2155 1924 2128 1920 2128 1803 2155 1665 2135 1662 2135 1659 2135 1568 2161 1488 2148 1484 2148 1481 2148 1478 2148 1458 2168 1280 2168 1220 2145 1216 2145 1213 2145 1210 2145 1206 2145 1206 2148 1186 2168 968 2175 911 2151 908 2151 905 2151 764 2181 767 2245"/></Shape>
	    <String CONTENT="mẽt.pour la grãt renõmee q̃ de"
                    HPOS="764"
                    VPOS="2128"
                    WIDTH="1307"
                    HEIGHT="147"></String>
          </TextLine>

          
          
          <TextLine ID="eSc_line_8cce61c9"
                    TAGREFS="LT1716"
                    BASELINE="760 2356 2074 2329" 
                    HPOS="757"
                    VPOS="2242"
                    WIDTH="1317"
                    HEIGHT="147">
            <Shape><Polygon POINTS="760 2356 760 2379 1246 2389 1250 2389 2074 2352 2074 2329 2068 2262 1977 2242 1974 2242 1863 2265 1860 2265 1853 2265 1779 2245 1776 2245 1773 2245 1642 2269 1568 2248 1565 2248 1561 2248 1558 2248 1555 2248 1555 2252 1551 2252 1535 2272 1535 2275 1478 2275 1441 2275 1397 2252 1394 2252 1391 2252 1387 2252 1384 2252 1384 2255 1360 2275 1360 2279 1267 2279 1112 2279 1069 2259 1065 2259 1062 2259 894 2285 891 2285 784 2265 780 2265 777 2265 774 2265 757 2275 760 2356"/></Shape>
	    <String CONTENT="bertrãꝸ couroit en bretaigne ꝸe"
                    HPOS="757"
                    VPOS="2242"
                    WIDTH="1317"
                    HEIGHT="147"></String>
          </TextLine>

          
          
          <TextLine ID="eSc_line_c2efbb62"
                    TAGREFS="LT1716"
                    BASELINE="777 2470 2071 2446" 
                    HPOS="774"
                    VPOS="2359"
                    WIDTH="1297"
                    HEIGHT="151">
            <Shape><Polygon POINTS="777 2470 777 2510 1005 2493 1183 2500 1324 2503 1327 2503 1330 2503 1357 2493 1377 2486 1427 2490 1511 2500 1515 2500 1518 2500 1545 2486 1555 2483 1585 2486 1662 2496 1665 2496 1669 2496 1712 2483 1722 2480 1769 2480 1970 2490 1974 2490 2071 2470 2071 2446 2064 2383 1763 2359 1759 2359 1756 2359 1753 2359 1753 2362 1729 2386 1635 2386 1598 2362 1595 2362 1592 2362 1588 2362 1474 2389 1451 2369 1451 2366 1448 2366 1444 2366 1327 2366 1324 2366 1320 2366 1317 2366 1317 2369 1290 2393 1246 2369 1243 2369 1240 2369 1122 2399 1018 2399 965 2372 962 2372 958 2372 955 2372 894 2399 807 2376 804 2376 801 2376 797 2376 794 2376 794 2379 774 2396 777 2470"/></Shape>
	    <String CONTENT="ſiroit moult le bon ꝸuc iehan a"
                    HPOS="774"
                    VPOS="2359"
                    WIDTH="1297"
                    HEIGHT="151"></String>
          </TextLine>

          
          
          <TextLine ID="eSc_line_c3224b02"
                    TAGREFS="LT1716"
                    BASELINE="770 2590 2078 2557" 
                    HPOS="767"
                    VPOS="2473"
                    WIDTH="1311"
                    HEIGHT="148">
            <Shape><Polygon POINTS="770 2590 770 2614 1287 2621 1290 2621 1293 2621 1297 2621 1320 2604 1391 2617 1394 2617 2078 2584 2078 2557 2071 2496 1863 2473 1860 2473 1856 2473 1793 2503 1632 2503 1565 2480 1561 2480 1558 2480 1555 2480 1471 2510 1236 2513 1213 2496 1210 2496 1206 2496 1203 2496 1106 2517 1045 2493 1042 2493 1039 2493 1035 2493 1032 2493 1032 2496 1008 2517 898 2496 894 2496 891 2496 858 2513 801 2500 797 2500 794 2500 791 2500 787 2500 767 2513 770 2590"/></Shape>
	    <String CONTENT="le ƃeoir .et pource le manꝸda et"
                    HPOS="767"
                    VPOS="2473"
                    WIDTH="1311"
                    HEIGHT="148"></String>
          </TextLine>

          
          
          <TextLine ID="eSc_line_7bb1bb14"
                    TAGREFS="LT1716"
                    BASELINE="774 2708 2081 2674" 
                    HPOS="770"
                    VPOS="2584"
                    WIDTH="1311"
                    HEIGHT="161">
            <Shape><Polygon POINTS="774 2708 774 2728 894 2745 898 2745 901 2745 905 2745 905 2741 921 2728 1421 2731 1424 2731 2081 2698 2081 2674 2078 2604 2041 2584 2037 2584 2034 2584 2031 2584 1810 2610 1655 2594 1652 2594 1649 2594 1645 2594 1615 2614 1558 2594 1555 2594 1551 2594 1548 2594 1545 2594 1545 2597 1518 2621 1391 2621 1347 2600 1344 2600 1340 2600 1337 2600 1287 2627 1005 2631 901 2610 898 2610 804 2614 801 2614 797 2614 770 2631 774 2708"/></Shape>
	    <String CONTENT="il ƃint deuers luy. la le receut le"
                    HPOS="770"
                    VPOS="2584"
                    WIDTH="1311"
                    HEIGHT="161"></String>
          </TextLine>

          
          
          <TextLine ID="eSc_line_27f03a02"
                    TAGREFS="LT1716"
                    BASELINE="774 2822 2088 2795" 
                    HPOS="770"
                    VPOS="2698"
                    WIDTH="1318"
                    HEIGHT="164">
            <Shape><Polygon POINTS="774 2822 774 2845 931 2862 935 2862 938 2862 941 2862 941 2858 945 2858 955 2842 972 2842 1099 2855 1102 2855 1106 2855 1153 2838 1156 2838 1163 2838 1246 2855 1250 2855 1253 2855 1320 2835 1327 2835 1334 2835 1427 2852 1431 2852 1434 2852 1471 2832 1474 2832 1484 2832 1592 2848 1595 2848 1598 2848 1602 2848 1632 2828 1635 2828 1642 2828 1716 2842 1719 2842 1907 2822 1937 2822 1944 2822 1991 2838 1994 2838 1997 2838 2084 2818 2088 2795 2084 2728 2027 2698 2024 2698 1947 2698 1944 2698 1940 2698 1937 2698 1937 2701 1910 2728 1806 2728 1766 2701 1763 2701 1759 2701 1756 2701 1753 2701 1749 2701 1706 2731 1598 2704 1595 2704 1592 2704 1588 2704 1585 2704 1545 2738 1471 2738 1437 2711 1434 2711 1431 2711 1427 2711 1424 2711 1340 2738 1273 2711 1270 2711 1267 2711 1183 2728 1153 2714 1149 2714 1146 2714 1143 2714 1139 2714 1089 2745 1005 2721 1002 2721 998 2721 868 2748 801 2721 797 2721 794 2721 791 2721 787 2721 787 2724 784 2724 770 2738 774 2822"/></Shape>
	    <String CONTENT="(ᵷ)bon ꝸuc iehã a ſon ſeruice. Et"
                    HPOS="770"
                    VPOS="2698"
                    WIDTH="1318"
                    HEIGHT="164"></String>
          </TextLine>

          
          
          <TextLine ID="eSc_line_ea274ced"
                    TAGREFS="LT1716"
                    BASELINE="774 2939 2084 2905" 
                    HPOS="770"
                    VPOS="2822"
                    WIDTH="1314"
                    HEIGHT="160">
            <Shape><Polygon POINTS="774 2939 774 2962 871 2982 874 2982 878 2982 881 2982 881 2979 905 2959 908 2959 945 2959 1189 2969 1193 2969 1196 2969 1236 2952 1287 2972 1290 2972 1293 2972 1297 2972 1357 2949 1360 2949 1417 2969 1421 2969 1424 2969 1578 2942 1592 2942 1598 2942 1679 2962 1682 2962 1686 2962 1689 2962 1692 2962 1716 2942 1766 2959 1769 2959 1773 2959 1776 2959 1779 2959 1803 2942 1880 2956 1883 2956 1887 2956 1890 2956 1917 2936 1917 2932 2081 2929 2084 2905 2078 2838 1689 2822 1686 2822 1551 2848 1394 2832 1391 2832 1387 2832 1384 2832 1354 2852 1300 2832 1297 2832 1293 2832 1290 2832 1226 2855 1166 2835 1163 2835 1159 2835 1156 2835 1092 2855 918 2848 915 2848 770 2869 774 2939"/></Shape>
	    <String CONTENT="en tous les ƃoiages q̃l fit pour"
                    HPOS="770"
                    VPOS="2822"
                    WIDTH="1314"
                    HEIGHT="160"></String>
          </TextLine>

          
          
          <TextLine ID="eSc_line_c0ba959a"
                    TAGREFS="LT1716"
                    BASELINE="774 3053 2081 3019" 
                    HPOS="770"
                    VPOS="2942"
                    WIDTH="1311"
                    HEIGHT="151">
            <Shape><Polygon POINTS="774 3053 774 3080 791 3093 794 3093 797 3093 801 3093 925 3073 1029 3090 1032 3090 1035 3090 1039 3090 1039 3086 1042 3086 1055 3070 1813 3070 1816 3070 1950 3046 2058 3063 2061 3063 2064 3063 2068 3063 2068 3060 2071 3060 2081 3046 2081 3019 2074 2959 1686 2942 1682 2942 1679 2942 1675 2942 1675 2946 1672 2946 1655 2966 1595 2949 1592 2949 1588 2949 1139 2979 1065 2959 1062 2959 1059 2959 1055 2959 1052 2959 1022 2982 938 2969 935 2969 931 2969 868 2986 804 2966 801 2966 797 2966 794 2966 791 2966 791 2969 770 2982 774 3053"/></Shape>
	    <String CONTENT="le roy le mena auec luy et en"
                    HPOS="770"
                    VPOS="2942"
                    WIDTH="1311"
                    HEIGHT="151"></String>
          </TextLine>

          
          
          <TextLine ID="eSc_line_3170d513"
                    TAGREFS="LT1716"
                    BASELINE="780 3170 2084 3137" 
                    HPOS="777"
                    VPOS="3043"
                    WIDTH="1307"
                    HEIGHT="167">
            <Shape><Polygon POINTS="780 3170 780 3207 941 3194 975 3200 1012 3210 1015 3210 1018 3210 1022 3210 1025 3210 1025 3207 1029 3207 1035 3197 1045 3187 1099 3197 1166 3207 1169 3207 1253 3190 1303 3180 1340 3187 1411 3200 1414 3200 1417 3200 1491 3180 1511 3177 1528 3180 1582 3190 1585 3190 1820 3167 1843 3167 1850 3167 1944 3187 1947 3187 1950 3187 1954 3187 1954 3184 1980 3163 2058 3184 2061 3184 2064 3184 2068 3184 2071 3184 2071 3180 2074 3180 2084 3167 2084 3137 2068 3043 2021 3073 1511 3083 1481 3073 1434 3056 1431 3056 1427 3056 1340 3060 1337 3060 1334 3060 1334 3063 1313 3080 1310 3086 1303 3083 1270 3063 1267 3063 1263 3063 1260 3063 1256 3063 1230 3083 1102 3066 1099 3066 1096 3066 1092 3066 1045 3093 1045 3096 982 3096 905 3100 814 3073 811 3073 807 3073 804 3073 801 3073 801 3076 777 3096 780 3170"/></Shape>
	    <String CONTENT="ſa cõpaignie. Ne demoura paſ"
                    HPOS="777"
                    VPOS="3043"
                    WIDTH="1307"
                    HEIGHT="167"></String>
          </TextLine>

          
          
          <TextLine ID="eSc_line_77efe8f0"
                    TAGREFS="LT1716"
                    BASELINE="780 3287 2081 3254" 
                    HPOS="777"
                    VPOS="3157"
                    WIDTH="1304"
                    HEIGHT="164">
            <Shape><Polygon POINTS="780 3287 780 3308 998 3321 1002 3321 1183 3304 1270 3298 1280 3304 1290 3314 1293 3314 1297 3314 1300 3314 1434 3301 1598 3287 1635 3301 1645 3304 1649 3304 1652 3304 1655 3304 1669 3301 1709 3284 1793 3298 1813 3301 1816 3301 1820 3301 1833 3298 1907 3281 2074 3294 2081 3254 2071 3160 1930 3180 1913 3167 1907 3160 1907 3157 1903 3157 1900 3157 1820 3157 1816 3157 1743 3174 1675 3187 1585 3180 1451 3167 1448 3167 1444 3167 1441 3167 1441 3170 1424 3187 1417 3190 1414 3187 1397 3174 1397 3170 1394 3170 1391 3170 1297 3170 1293 3170 1290 3170 1287 3170 1256 3194 1253 3197 1246 3194 1199 3174 1196 3174 1193 3174 1189 3174 1186 3174 1153 3197 1146 3204 901 3207 831 3184 827 3184 824 3184 821 3184 817 3184 777 3207 780 3287"/></Shape>
	    <String CONTENT="longuemẽt q̃ le bõ ꝸuc iehã treſ"
                    HPOS="777"
                    VPOS="3157"
                    WIDTH="1304"
                    HEIGHT="164"></String>
          </TextLine>

          
          
          <TextLine ID="eSc_line_f9bb4413"
                    TAGREFS="LT1716"
                    BASELINE="787 3401 2094 3368" 
                    HPOS="784"
                    VPOS="3277"
                    WIDTH="1310"
                    HEIGHT="161">
            <Shape><Polygon POINTS="787 3401 787 3438 2091 3395 2094 3368 2084 3301 1920 3301 1850 3277 1846 3277 1843 3277 1840 3277 1836 3277 1836 3281 1810 3308 1635 3308 1578 3284 1575 3284 1572 3284 1568 3284 1491 3311 1441 3291 1437 3291 1434 3291 1297 3318 1267 3294 1263 3294 1260 3294 1256 3294 1069 3298 1065 3298 1062 3298 1062 3301 1035 3328 975 3328 925 3301 921 3301 918 3301 915 3301 911 3301 871 3331 784 3331 787 3401"/></Shape>
	    <String CONTENT="paſſa ꝸõt le pais fut moult en⸝"
                    HPOS="784"
                    VPOS="3277"
                    WIDTH="1310"
                    HEIGHT="161"></String>
          </TextLine>

          
          
          <TextLine ID="eSc_line_99294f2a"
                    TAGREFS="LT1716"
                    BASELINE="797 3515 1250 3502" 
                    HPOS="791"
                    VPOS="3411"
                    WIDTH="459"
                    HEIGHT="155">
            <Shape><Polygon POINTS="797 3515 797 3542 1018 3566 1022 3566 1250 3532 1250 3502 1243 3438 1129 3411 1126 3411 1122 3411 1015 3445 1008 3445 998 3445 844 3422 841 3422 837 3422 791 3445 797 3515"/></Shape>
	    <String CONTENT="ꝸõmagie ."
                    HPOS="791"
                    VPOS="3411"
                    WIDTH="459"
                    HEIGHT="155"></String>
          </TextLine>

          
          
          <TextLine ID="eSc_line_ba5ca4bf"
                    TAGREFS="LT1716"
                    BASELINE="1169 3743 1682 3716 2101 3716" 
                    HPOS="1163"
                    VPOS="3606"
                    WIDTH="938"
                    HEIGHT="171">
            <Shape><Polygon POINTS="1169 3743 1169 3770 1377 3777 1380 3777 1384 3777 1451 3760 1488 3750 1515 3757 1558 3770 1561 3770 1565 3770 1568 3770 1572 3770 1572 3767 1588 3753 1592 3747 1846 3740 1870 3740 2021 3757 2024 3757 2027 3757 2101 3730 2101 3716 2094 3636 2014 3636 2007 3633 1970 3606 1967 3606 1964 3606 1960 3606 1957 3606 1954 3606 1954 3609 1927 3633 1920 3636 1903 3629 1840 3613 1836 3613 1833 3613 1830 3613 1796 3629 1786 3636 1776 3629 1746 3606 1743 3606 1739 3606 1736 3606 1732 3606 1689 3626 1649 3646 1538 3633 1535 3633 1531 3633 1478 3653 1441 3623 1427 3609 1424 3609 1421 3609 1417 3609 1414 3609 1411 3609 1391 3623 1354 3643 1330 3619 1324 3616 1324 3613 1320 3613 1317 3613 1313 3613 1163 3616 1169 3743"/></Shape>
	    <String CONTENT="n ceſte partie ꝸit ly⸝"
                    HPOS="1163"
                    VPOS="3606"
                    WIDTH="938"
                    HEIGHT="171"></String>
          </TextLine>

          
          
          <TextLine ID="eSc_line_fea9797c"
                    TAGREFS="LT1716"
                    BASELINE="1146 3847 2108 3830" 
                    HPOS="1143"
                    VPOS="3740"
                    WIDTH="965"
                    HEIGHT="141">
            <Shape><Polygon POINTS="1146 3847 1146 3871 1401 3864 1427 3867 1505 3881 1508 3881 1682 3861 1722 3857 1753 3857 1910 3871 1913 3871 1917 3871 1960 3854 2031 3871 2034 3871 2037 3871 2041 3871 2108 3847 2108 3830 2098 3763 1846 3763 1759 3740 1756 3740 1753 3740 1749 3740 1746 3740 1746 3743 1722 3767 1505 3770 1468 3747 1464 3747 1461 3747 1458 3747 1454 3747 1380 3770 1183 3750 1179 3750 1176 3750 1173 3750 1143 3767 1146 3847"/></Shape>
	    <String CONTENT="ſtoire q̃ apꝛes la moꝛt"
                    HPOS="1143"
                    VPOS="3740"
                    WIDTH="965"
                    HEIGHT="141"></String>
          </TextLine>

          
          
          <TextLine ID="eSc_line_23e95028"
                    TAGREFS="LT1716"
                    BASELINE="1183 3954 2098 3941" 
                    HPOS="1179"
                    VPOS="3847"
                    WIDTH="919"
                    HEIGHT="141">
            <Shape><Polygon POINTS="1183 3954 1183 3981 1826 3988 1830 3988 2098 3965 2098 3941 2091 3877 1689 3847 1686 3847 1682 3847 1618 3877 1612 3884 1538 3884 1535 3877 1511 3857 1511 3854 1508 3854 1505 3854 1501 3854 1498 3854 1417 3881 1401 3884 1394 3881 1357 3854 1354 3854 1350 3854 1290 3854 1287 3854 1283 3854 1280 3854 1280 3857 1256 3881 1253 3881 1230 3861 1226 3861 1223 3861 1220 3861 1216 3861 1179 3874 1183 3954"/></Shape>
	    <String CONTENT="ꝸu bon ꝸuc iehã le con⸝"
                    HPOS="1179"
                    VPOS="3847"
                    WIDTH="919"
                    HEIGHT="141"></String>
          </TextLine>

          
          
          <TextLine ID="eSc_line_183abf41"
                    TAGREFS="LT1716"
                    BASELINE="804 4085 2105 4058" 
                    HPOS="801"
                    VPOS="3971"
                    WIDTH="1304"
                    HEIGHT="151">
            <Shape><Polygon POINTS="804 4085 804 4105 962 4122 965 4122 968 4122 972 4122 995 4105 1283 4115 1287 4115 1458 4095 2068 4099 2071 4099 2074 4099 2078 4099 2105 4082 2105 4058 2098 3988 1820 3971 1816 3971 1592 3998 1572 3998 1558 3998 1444 3978 1441 3978 1290 4005 1277 4005 1267 4005 1203 3991 1199 3991 911 4011 891 4011 888 4011 868 3995 864 3995 861 3995 858 3995 854 3995 801 4008 804 4085"/></Shape>
	    <String CONTENT="te de monfort frere mainſe ꝸu"
                    HPOS="801"
                    VPOS="3971"
                    WIDTH="1304"
                    HEIGHT="151"></String>
          </TextLine>

          
          
          <TextLine ID="eSc_line_e057f54c"
                    TAGREFS="LT1716"
                    BASELINE="804 4206 2111 4172" 
                    HPOS="801"
                    VPOS="4078"
                    WIDTH="1310"
                    HEIGHT="165">
            <Shape><Polygon POINTS="804 4206 804 4226 928 4243 931 4243 935 4243 972 4226 1582 4226 1585 4226 1719 4206 2078 4213 2081 4213 2084 4213 2088 4213 2111 4196 2111 4172 2105 4095 1991 4078 1987 4078 1984 4078 1980 4078 1957 4099 1950 4105 1454 4112 1384 4095 1380 4095 1377 4095 1374 4095 1370 4095 1347 4115 1196 4099 1193 4099 1189 4099 1186 4099 1186 4102 1163 4122 1163 4125 1032 4125 992 4105 988 4105 985 4105 982 4105 908 4129 905 4129 814 4109 811 4109 807 4109 804 4109 804 4112 801 4112 804 4206"/></Shape>
	    <String CONTENT="bon ꝸuc alla a limoges pour ſai"
                    HPOS="801"
                    VPOS="4078"
                    WIDTH="1310"
                    HEIGHT="165"></String>
          </TextLine>

          
          
          <TextLine ID="eSc_line_b6a99a2f"
                    TAGREFS="LT1716"
                    BASELINE="811 4320 2111 4293" 
                    HPOS="807"
                    VPOS="4196"
                    WIDTH="1304"
                    HEIGHT="157">
            <Shape><Polygon POINTS="811 4320 811 4353 1072 4337 1149 4343 1236 4350 1240 4350 1324 4337 1367 4330 1384 4333 1421 4347 1424 4347 1427 4347 1501 4330 1525 4327 1561 4327 1722 4340 1726 4340 1729 4340 1813 4320 1863 4337 1867 4337 1870 4337 1873 4337 1950 4316 2081 4333 2084 4333 2088 4333 2091 4333 2111 4313 2111 4293 2105 4223 1977 4223 1927 4196 1924 4196 1920 4196 1917 4196 1913 4196 1880 4226 1823 4226 1789 4196 1786 4196 1783 4196 1779 4196 1669 4219 1649 4202 1649 4199 1645 4199 1642 4199 1639 4199 1525 4223 1471 4202 1468 4202 1464 4202 1461 4202 1377 4236 1277 4236 1230 4213 1226 4213 1223 4213 1220 4213 1216 4213 1186 4239 1029 4239 975 4213 972 4213 968 4213 965 4213 962 4213 962 4216 935 4243 864 4216 861 4216 858 4216 854 4216 851 4216 807 4239 811 4320"/></Shape>
	    <String CONTENT="ſir les treſoꝛs ꝸicelluy bon ꝸuc."
                    HPOS="807"
                    VPOS="4196"
                    WIDTH="1304"
                    HEIGHT="157"></String>
          </TextLine>

          
          
          <TextLine ID="eSc_line_8d683f83"
                    TAGREFS="LT1716"
                    BASELINE="804 4434 2115 4410" 
                    HPOS="801"
                    VPOS="4323"
                    WIDTH="1314"
                    HEIGHT="138">
            <Shape><Polygon POINTS="804 4434 804 4457 1360 4461 1364 4461 1769 4437 1920 4451 1924 4451 2041 4434 2074 4447 2078 4447 2081 4447 2084 4447 2088 4447 2115 4430 2115 4410 2108 4343 1870 4323 1867 4323 1712 4350 1696 4350 1686 4350 1561 4330 1558 4330 1555 4330 1551 4330 1551 4333 1548 4333 1531 4353 1494 4353 1243 4340 1240 4340 1153 4360 1146 4360 1143 4360 1119 4340 1119 4337 1116 4337 1112 4337 1049 4337 1045 4337 1042 4337 998 4360 955 4347 951 4347 948 4347 945 4347 941 4347 941 4350 928 4363 925 4367 801 4367 804 4434"/></Shape>
	    <String CONTENT="et puis retourna en bretaigne."
                    HPOS="801"
                    VPOS="4323"
                    WIDTH="1314"
                    HEIGHT="138"></String>
          </TextLine>

          
          
          <TextLine ID="eSc_line_d08829e2"
                    TAGREFS="LT1716"
                    BASELINE="827 4541 2111 4521" 
                    HPOS="824"
                    VPOS="4434"
                    WIDTH="1287"
                    HEIGHT="154">
            <Shape><Polygon POINTS="827 4541 827 4564 1035 4588 1039 4588 1042 4588 1045 4588 1082 4564 1086 4564 1096 4564 1380 4581 1384 4581 1387 4581 1464 4561 1481 4554 1706 4554 1716 4558 1736 4575 1739 4575 1743 4575 1746 4578 1836 4578 1836 4575 1840 4575 1843 4575 1863 4558 1867 4554 1883 4558 1944 4571 1947 4571 2111 4554 2111 4521 2105 4461 1954 4434 1950 4434 1947 4434 1887 4461 1719 4437 1716 4437 1712 4437 1659 4461 1541 4464 1501 4440 1498 4440 1494 4440 1491 4440 1488 4440 1484 4440 1454 4467 1297 4467 1260 4444 1256 4444 1253 4444 1250 4444 1246 4444 1193 4471 1159 4454 1156 4454 1153 4454 951 4474 888 4451 884 4451 881 4451 878 4451 824 4474 827 4541"/></Shape>
	    <String CONTENT="Et par largent atrahyt a ſoy"
                    HPOS="824"
                    VPOS="4434"
                    WIDTH="1287"
                    HEIGHT="154"></String>
          </TextLine>

          
          
          <TextLine ID="eSc_line_a3fdef8d"
                    TAGREFS="LT1716"
                    BASELINE="817 4662 2115 4635" 
                    HPOS="814"
                    VPOS="4548"
                    WIDTH="1301"
                    HEIGHT="151">
            <Shape><Polygon POINTS="817 4662 817 4699 1464 4672 1541 4675 1692 4685 1696 4685 1699 4685 1702 4685 1719 4668 1722 4668 1743 4668 1880 4678 1883 4678 1887 4678 1947 4662 1950 4662 1957 4662 2014 4678 2017 4678 2021 4678 2115 4655 2115 4635 2111 4575 2074 4558 2071 4558 2068 4558 1873 4578 1870 4578 1796 4548 1793 4548 1789 4548 1786 4548 1783 4548 1783 4551 1779 4551 1766 4568 1541 4554 1538 4554 1535 4554 1501 4571 1464 4554 1461 4554 1458 4554 1300 4591 1290 4595 1096 4595 1092 4595 1059 4564 1055 4564 1052 4564 988 4564 985 4564 982 4564 978 4564 978 4568 975 4568 958 4588 908 4568 905 4568 901 4568 898 4568 814 4595 817 4662"/></Shape>
	    <String CONTENT="pluſieurs barõs ꝸupais. Et"
                    HPOS="814"
                    VPOS="4548"
                    WIDTH="1301"
                    HEIGHT="151"></String>
          </TextLine>

          
          
          <TextLine ID="eSc_line_f37e57cd"
                    TAGREFS="LT1716"
                    BASELINE="821 4776 2115 4756" 
                    HPOS="817"
                    VPOS="4665"
                    WIDTH="1298"
                    HEIGHT="147">
            <Shape><Polygon POINTS="821 4776 821 4799 1243 4812 1246 4812 1250 4812 1320 4792 1327 4792 1357 4792 1635 4806 1639 4806 1642 4806 1679 4789 1686 4786 1712 4786 1883 4802 1887 4802 1890 4802 1893 4802 1924 4782 1930 4782 2115 4782 2115 4756 2108 4692 1897 4665 1893 4665 1699 4692 1615 4672 1612 4672 1608 4672 1605 4672 1602 4672 1568 4695 1464 4672 1461 4672 1458 4672 1370 4702 1163 4702 1136 4682 1136 4678 1132 4678 1129 4678 1045 4678 1042 4678 1039 4678 1035 4678 1035 4682 1032 4682 1018 4702 817 4709 821 4776"/></Shape>
	    <String CONTENT="tant fit que aluy ſe renꝸirent"
                    HPOS="817"
                    VPOS="4665"
                    WIDTH="1298"
                    HEIGHT="147"></String>
          </TextLine>

          
          
          <TextLine ID="eSc_line_c3be25ea"
                    TAGREFS="LT1716"
                    BASELINE="824 4896 2108 4866" 
                    HPOS="821"
                    VPOS="4769"
                    WIDTH="1287"
                    HEIGHT="168">
            <Shape><Polygon POINTS="824 4896 824 4937 1250 4910 1267 4920 1277 4926 1280 4926 1283 4926 1287 4926 1380 4916 1431 4910 1448 4913 1488 4923 1491 4923 1494 4923 1498 4923 1525 4910 1541 4900 1686 4900 1692 4903 1709 4916 1712 4916 1716 4916 1719 4916 1867 4900 2074 4910 2078 4910 2081 4910 2084 4910 2108 4890 2108 4866 2105 4796 2048 4769 2044 4769 2041 4769 2037 4769 1957 4796 1820 4772 1816 4772 1813 4772 1810 4772 1810 4776 1783 4799 1696 4776 1692 4776 1689 4776 1686 4776 1682 4776 1682 4779 1659 4802 1605 4789 1602 4789 1598 4789 1595 4789 1528 4806 1391 4782 1387 4782 1384 4782 1344 4799 1303 4786 1300 4786 1297 4786 1293 4786 1240 4816 1096 4816 1018 4792 1015 4792 1012 4792 1008 4792 1005 4792 1005 4796 982 4816 928 4796 925 4796 921 4796 918 4796 821 4823 824 4896"/></Shape>
	    <String CONTENT="pluſieurs ƃilles et chaſteaulx"
                    HPOS="821"
                    VPOS="4769"
                    WIDTH="1287"
                    HEIGHT="168"></String>
          </TextLine>

          
          
          <TextLine ID="eSc_line_39399fa2"
                    TAGREFS="LT1716"
                    BASELINE="827 5014 2128 4990" 
                    HPOS="824"
                    VPOS="4893"
                    WIDTH="1304"
                    HEIGHT="161">
            <Shape><Polygon POINTS="827 5014 827 5040 1193 5054 1196 5054 1344 5034 1441 5047 1444 5047 1448 5047 1451 5047 1474 5030 1588 5044 1592 5044 1595 5044 1632 5027 1702 5044 1706 5044 1709 5044 1712 5044 1759 5024 1826 5037 1830 5037 1967 5020 2068 5037 2071 5037 2074 5037 2128 5014 2128 4990 2125 4916 2078 4893 2074 4893 2071 4893 1920 4920 1749 4920 1722 4896 1719 4896 1716 4896 1712 4896 1595 4913 1578 4900 1578 4896 1575 4896 1572 4896 1568 4896 1565 4896 1501 4920 1394 4900 1391 4900 1387 4900 1384 4900 1384 4903 1357 4930 1307 4930 1283 4906 1283 4903 1280 4903 1277 4903 1199 4903 1196 4903 1193 4903 1189 4903 1156 4930 1052 4913 1049 4913 1045 4913 998 4933 948 4910 945 4910 941 4910 938 4910 935 4910 905 4937 824 4937 827 5014"/></Shape>
	    <String CONTENT="de la duchie. Et bꝛiefuement ſe"
                    HPOS="824"
                    VPOS="4893"
                    WIDTH="1304"
                    HEIGHT="161"></String>
          </TextLine>

          
        </TextBlock>
        
        <TextBlock HPOS="2094"
                   VPOS="949"
                   WIDTH="1633"
                   HEIGHT="4090"
                   ID="eSc_textblock_6820cf01"
                   TAGREFS="BT5208">
          <Shape><Polygon POINTS="2094 964 2153 5039 3727 5039 3727 949"/></Shape>
          
          
          <TextLine ID="eSc_line_f568e29c"
                    TAGREFS="LT1716"
                    BASELINE="2172 1059 3268 1045" 
                    HPOS="2168"
                    VPOS="965"
                    WIDTH="1100"
                    HEIGHT="157">
            <Shape><Polygon POINTS="2872 965 2839 965 2805 965 2772 965 2738 965 2705 965 2701 965 2668 982 2577 965 2570 965 2540 965 2490 982 2269 971 2265 971 2168 988 2172 1059 2172 1085 2239 1085 2242 1085 2272 1116 2272 1119 2275 1119 2279 1119 2282 1122 2426 1122 2426 1119 2430 1119 2497 1099 2648 1116 2651 1116 2654 1116 2658 1116 2708 1082 2718 1079 2782 1082 2892 1092 2896 1092 2966 1082 3016 1075 3030 1082 3083 1109 3087 1109 3090 1109 3264 1079 3268 1045 3261 978 2902 965 2872 965"/></Shape>
	    <String CONTENT="nomma ꝸuc ꝸe bꝛetaigne."
                    HPOS="2168"
                    VPOS="965"
                    WIDTH="1100"
                    HEIGHT="157"></String>
          </TextLine>

          
          
          <TextLine ID="eSc_line_1dbd42a2"
                    TAGREFS="LT1716"
                    BASELINE="2520 1173 3486 1159" 
                    HPOS="2517"
                    VPOS="1065"
                    WIDTH="969"
                    HEIGHT="148">
            <Shape><Polygon POINTS="2520 1173 2520 1193 2745 1213 2748 1213 2751 1213 2755 1213 2755 1209 2758 1209 2772 1193 2795 1209 2798 1209 2802 1209 2805 1209 2808 1209 2862 1193 2869 1189 2875 1193 2902 1209 2906 1209 2909 1209 2912 1209 2916 1209 2963 1193 2989 1209 2993 1209 2996 1209 2999 1209 3003 1209 3006 1209 3006 1206 3023 1189 3030 1186 3056 1189 3134 1203 3137 1203 3140 1203 3144 1203 3164 1189 3170 1186 3187 1189 3234 1203 3237 1203 3241 1203 3482 1186 3486 1159 3479 1099 3308 1099 3274 1069 3271 1069 3268 1069 3264 1069 3261 1069 3214 1089 3180 1065 3177 1065 3174 1065 3170 1065 3167 1065 3083 1095 3003 1065 2999 1065 2996 1065 2815 1069 2812 1069 2808 1069 2751 1106 2708 1089 2705 1089 2701 1089 2517 1109 2520 1173"/></Shape>
	    <String CONTENT="R(?)ay eſt q̃ hartɂ ꝸuc de"
                    HPOS="2517"
                    VPOS="1065"
                    WIDTH="969"
                    HEIGHT="148"></String>
          </TextLine>

          
          
          <TextLine ID="eSc_line_1b23c6a9"
                    TAGREFS="LT1716"
                    BASELINE="2470 1290 3472 1283" 
                    HPOS="2467"
                    VPOS="1179"
                    WIDTH="1005"
                    HEIGHT="148">
            <Shape><Polygon POINTS="2470 1290 2473 1327 2520 1307 2889 1307 2959 1323 2963 1323 2966 1323 2969 1323 2973 1323 3003 1303 3465 1320 3472 1283 3465 1209 3325 1183 3321 1183 3318 1183 3315 1183 3315 1186 3294 1203 3288 1209 3254 1203 3191 1189 3187 1189 3184 1189 3180 1189 3167 1199 3150 1209 2973 1196 2969 1196 2966 1196 2963 1196 2959 1196 2932 1213 2835 1193 2778 1179 2775 1179 2772 1179 2768 1179 2755 1189 2711 1213 2634 1209 2611 1186 2607 1183 2607 1179 2604 1179 2601 1179 2597 1179 2594 1179 2577 1183 2540 1196 2467 1183 2470 1290"/></Shape>
	    <String CONTENT="bꝛetaigne pere ꝸu bon"
                    HPOS="2467"
                    VPOS="1179"
                    WIDTH="1005"
                    HEIGHT="148"></String>
          </TextLine>

          
          
          <TextLine ID="eSc_line_18cfe249"
                    TAGREFS="LT1716"
                    BASELINE="2373 1394 3475 1390" 
                    HPOS="2369"
                    VPOS="1303"
                    WIDTH="1106"
                    HEIGHT="121">
            <Shape><Polygon POINTS="2373 1394 2373 1424 3472 1424 3475 1390 3465 1327 3211 1330 3204 1327 3154 1303 3150 1303 3147 1303 3144 1303 3140 1303 3140 1307 3117 1327 3117 1330 2959 1330 2956 1330 2879 1303 2875 1303 2731 1303 2728 1303 2725 1303 2637 1327 2567 1303 2564 1303 2560 1303 2369 1333 2373 1394"/></Shape>
	    <String CONTENT="ꝸuc iehan auoit troys"
                    HPOS="2369"
                    VPOS="1303"
                    WIDTH="1106"
                    HEIGHT="121"></String>
          </TextLine>

          
          
          <TextLine ID="eSc_line_847a80af"
                    TAGREFS="LT1716"
                    BASELINE="2192 1521 3489 1508" 
                    HPOS="2188"
                    VPOS="1417"
                    WIDTH="1301"
                    HEIGHT="138">
            <Shape><Polygon POINTS="2192 1521 2192 1555 2969 1555 2969 1551 2973 1551 2976 1551 2989 1538 3003 1548 3003 1551 3006 1551 3010 1551 3013 1551 3264 1535 3268 1535 3422 1548 3425 1548 3429 1548 3489 1528 3489 1508 3482 1437 3355 1417 3351 1417 3348 1417 3345 1417 3345 1421 3328 1437 3325 1441 3224 1441 3221 1437 3194 1417 3191 1417 3187 1417 3184 1417 3180 1417 3137 1437 3130 1444 2718 1444 2694 1441 2597 1417 2594 1417 2490 1441 2477 1444 2470 1441 2423 1421 2420 1421 2416 1421 2413 1421 2353 1441 2326 1421 2322 1421 2319 1421 2205 1421 2202 1421 2198 1421 2195 1421 2195 1424 2188 1427 2192 1521"/></Shape>
	    <String CONTENT="filᴣ ꝸont less deux premiers fu⸝"
                    HPOS="2188"
                    VPOS="1417"
                    WIDTH="1301"
                    HEIGHT="138"></String>
          </TextLine>

          
          
          <TextLine ID="eSc_line_e97a42c8"
                    TAGREFS="LT1716"
                    BASELINE="2195 1628 3489 1622" 
                    HPOS="2192"
                    VPOS="1535"
                    WIDTH="1297"
                    HEIGHT="137">
            <Shape><Polygon POINTS="2195 1628 2195 1652 2473 1672 2477 1672 2614 1652 2634 1652 2644 1652 2701 1672 2705 1672 2708 1672 2808 1652 2839 1649 2855 1652 2896 1669 2899 1669 2902 1669 2906 1669 2939 1652 2946 1652 2963 1652 3060 1669 3063 1669 3067 1669 3113 1652 3120 1652 3123 1652 3144 1669 3147 1669 3150 1669 3154 1669 3486 1652 3489 1622 3482 1551 3077 1535 3073 1535 3070 1535 3030 1551 2966 1535 2963 1535 2959 1535 2956 1535 2953 1535 2953 1538 2936 1551 2654 1538 2651 1538 2648 1538 2607 1558 2192 1558 2195 1628"/></Shape>
	    <String CONTENT="rent engenꝸres en la ƃiconteſſe"
                    HPOS="2192"
                    VPOS="1535"
                    WIDTH="1297"
                    HEIGHT="137"></String>
          </TextLine>

          
          
          <TextLine ID="eSc_line_7acb4bd0"
                    TAGREFS="LT1716"
                    BASELINE="2195 1746 3486 1736" 
                    HPOS="2192"
                    VPOS="1645"
                    WIDTH="1294"
                    HEIGHT="144">
            <Shape><Polygon POINTS="2195 1746 2195 1769 2554 1789 2557 1789 2560 1789 2648 1766 2654 1766 2658 1766 2698 1786 2701 1786 2705 1786 2708 1786 2761 1766 2765 1766 2768 1766 2845 1786 2849 1786 2852 1786 2855 1786 2892 1769 3040 1779 3043 1779 3134 1762 3144 1762 3147 1762 3170 1779 3174 1779 3177 1779 3180 1779 3268 1762 3271 1762 3278 1762 3358 1779 3361 1779 3482 1759 3486 1736 3479 1672 3375 1672 3338 1645 3335 1645 3331 1645 3328 1645 3325 1645 3231 1669 3177 1645 3174 1645 3170 1645 3167 1645 3164 1645 3164 1649 3140 1672 3046 1672 2822 1649 2818 1649 2815 1649 2812 1649 2812 1652 2788 1672 2721 1649 2718 1649 2715 1649 2711 1649 2708 1649 2708 1652 2684 1675 2403 1675 2296 1652 2292 1652 2289 1652 2192 1679 2195 1746"/></Shape>
	    <String CONTENT="de lymoges ſa fẽme et le tiers"
                    HPOS="2192"
                    VPOS="1645"
                    WIDTH="1294"
                    HEIGHT="144"></String>
          </TextLine>

          
          
          <TextLine ID="eSc_line_5ae53743"
                    TAGREFS="LT1716"
                    BASELINE="2185 1863 3492 1850" 
                    HPOS="2182"
                    VPOS="1756"
                    WIDTH="1310"
                    HEIGHT="154">
            <Shape><Polygon POINTS="2185 1883 2272 1910 2275 1910 2279 1910 2413 1886 2567 1907 2570 1907 2574 1907 2617 1883 2778 1907 2782 1907 2785 1907 2829 1886 2922 1903 2926 1903 2929 1903 3020 1880 3087 1900 3090 1900 3093 1903 3378 1903 3378 1900 3382 1900 3492 1870 3492 1850 3486 1783 3335 1756 3331 1756 3328 1756 3278 1783 3214 1756 3211 1756 3207 1756 3204 1756 3201 1756 3201 1759 3180 1776 3080 1762 3077 1762 3073 1762 3070 1762 3070 1766 3046 1786 3043 1786 3040 1786 2886 1759 2882 1759 2879 1759 2825 1786 2772 1762 2768 1762 2765 1762 2761 1762 2758 1762 2718 1789 2604 1789 2406 1793 2399 1793 2336 1769 2332 1769 2329 1769 2182 1793 2185 1863"/></Shape>
	    <String CONTENT="en la royne deſcoſſe. E (?) eſtaſſa⸝"
                    HPOS="2182"
                    VPOS="1756"
                    WIDTH="1310"
                    HEIGHT="154"></String>
          </TextLine>

          
          
          <TextLine ID="eSc_line_bab640d1"
                    TAGREFS="LT1716"
                    BASELINE="2192 1980 3492 1967" 
                    HPOS="2188"
                    VPOS="1873"
                    WIDTH="1304"
                    HEIGHT="138">
            <Shape><Polygon POINTS="2192 1980 2192 2004 3164 2011 3167 2011 3489 1990 3492 1967 3489 1903 3435 1873 3432 1873 3429 1873 3425 1873 3372 1903 3123 1903 3080 1876 3077 1876 3073 1876 2969 1876 2966 1876 2963 1876 2959 1876 2959 1880 2936 1900 2808 1883 2805 1883 2802 1883 2798 1883 2765 1907 2611 1880 2607 1880 2604 1880 2601 1880 2601 1883 2584 1897 2410 1883 2406 1883 2403 1883 2399 1883 2399 1886 2383 1900 2339 1883 2336 1883 2332 1883 2329 1883 2326 1883 2326 1886 2302 1910 2188 1913 2192 1980"/></Shape>
	    <String CONTENT="uoir leꝸit (ᵷ)bon ꝸuc iehan et mõ⸝"
                    HPOS="2188"
                    VPOS="1873"
                    WIDTH="1304"
                    HEIGHT="138"></String>
          </TextLine>

          
          
          <TextLine ID="eSc_line_d5c140c2"
                    TAGREFS="LT1716"
                    BASELINE="2202 2094 3479 2084" 
                    HPOS="2198"
                    VPOS="1994"
                    WIDTH="1281"
                    HEIGHT="141">
            <Shape><Polygon POINTS="2202 2094 2202 2135 3174 2135 3174 2131 3264 2114 3278 2114 3284 2114 3318 2131 3321 2131 3325 2131 3475 2111 3479 2084 3475 2017 3388 1994 3385 1994 3382 1994 3378 1994 3321 2014 3154 2014 3130 1994 3127 1994 3123 1994 3120 1994 3117 1994 3113 1994 3113 1997 3093 2014 2899 1997 2896 1997 2892 1997 2889 1997 2889 2000 2869 2017 2792 2000 2788 2000 2785 2000 2782 2000 2782 2004 2765 2021 2591 2021 2225 2000 2222 2000 2218 2000 2215 2000 2215 2004 2198 2017 2202 2094"/></Shape>
	    <String CONTENT="ſeigneur guy de (ᵷ)bretaigne cõte"
                    HPOS="2198"
                    VPOS="1994"
                    WIDTH="1281"
                    HEIGHT="141"></String>
          </TextLine>

          
          
          <TextLine ID="eSc_line_9188a2db"
                    TAGREFS="LT1716"
                    BASELINE="2202 2208 3489 2202" 
                    HPOS="2198"
                    VPOS="2108"
                    WIDTH="1291"
                    HEIGHT="130">
            <Shape><Polygon POINTS="2202 2208 2202 2232 3482 2238 3489 2202 3486 2128 3452 2108 3449 2108 3445 2108 3365 2108 3361 2108 3358 2108 3355 2108 3331 2128 3234 2111 3231 2111 3227 2111 3224 2111 3224 2114 3214 2124 3197 2111 3197 2108 3194 2108 3191 2108 3033 2108 3030 2108 3026 2108 3023 2108 3023 2111 3003 2131 2540 2131 2520 2114 2520 2111 2517 2111 2513 2111 2510 2111 2507 2111 2470 2128 2416 2111 2413 2111 2410 2111 2406 2111 2403 2111 2376 2135 2198 2135 2202 2208"/></Shape>
	    <String CONTENT="de poitieure et de grele ſecõꝸ filᴣ"
                    HPOS="2198"
                    VPOS="2108"
                    WIDTH="1291"
                    HEIGHT="130"></String>
          </TextLine>

          
          
          <TextLine ID="eSc_line_8d998632"
                    TAGREFS="LT1716"
                    BASELINE="2195 2322 3499 2316" 
                    HPOS="2192"
                    VPOS="2228"
                    WIDTH="1307"
                    HEIGHT="114">
            <Shape><Polygon POINTS="2195 2322 2195 2342 3499 2339 3499 2316 3492 2255 2963 2228 2959 2228 2956 2228 2896 2248 2718 2235 2715 2235 2711 2235 2644 2255 2373 2232 2369 2232 2366 2232 2363 2232 2363 2235 2339 2255 2259 2238 2255 2238 2252 2238 2192 2259 2195 2322"/></Shape>
	    <String CONTENT="et iehan conte de mõfoꝛt tiers et"
                    HPOS="2192"
                    VPOS="2228"
                    WIDTH="1307"
                    HEIGHT="114"></String>
          </TextLine>

          
          
          <TextLine ID="eSc_line_1bafc3f5"
                    TAGREFS="LT1716"
                    BASELINE="2208 2443 3499 2436" 
                    HPOS="2205"
                    VPOS="2339"
                    WIDTH="1294"
                    HEIGHT="144">
            <Shape><Polygon POINTS="2208 2443 2208 2463 2477 2483 2480 2483 2705 2470 2845 2460 2862 2470 2872 2480 2875 2480 2879 2480 2882 2480 2886 2480 2906 2470 2926 2460 3492 2473 3499 2436 3486 2339 3408 2366 3258 2366 3211 2346 3194 2339 3191 2339 3187 2339 3127 2346 3023 2362 2999 2349 2976 2339 2973 2339 2969 2339 2966 2339 2963 2339 2946 2352 2929 2362 2889 2352 2839 2342 2701 2342 2698 2342 2694 2342 2661 2359 2658 2362 2658 2359 2641 2346 2641 2342 2637 2342 2634 2342 2547 2342 2544 2342 2540 2342 2537 2342 2537 2346 2517 2362 2513 2369 2205 2369 2208 2443"/></Shape>
	    <String CONTENT="derram filᴣ le bon ꝸut iehan aiſ"
                    HPOS="2205"
                    VPOS="2339"
                    WIDTH="1294"
                    HEIGHT="144"></String>
          </TextLine>

          
          
          <TextLine ID="eSc_line_ce959811"
                    TAGREFS="LT1716"
                    BASELINE="2208 2553 3496 2547" 
                    HPOS="2205"
                    VPOS="2463"
                    WIDTH="1291"
                    HEIGHT="144">
            <Shape><Polygon POINTS="2208 2553 2208 2580 2353 2580 2379 2604 2379 2607 2383 2607 2386 2607 2389 2607 2393 2607 2396 2607 2436 2577 2440 2577 2487 2577 2560 2577 2587 2604 2587 2607 2591 2607 2594 2607 2597 2607 2601 2607 2668 2577 2701 2607 2705 2607 2708 2607 2711 2607 2715 2607 2718 2607 2718 2604 2748 2580 2785 2607 2788 2607 2792 2607 2795 2607 2798 2607 2865 2574 2869 2574 2963 2604 2966 2604 2969 2607 3023 2607 3023 2604 3026 2604 3030 2604 3030 2600 3060 2574 3174 2604 3177 2604 3180 2607 3449 2607 3449 2604 3452 2604 3455 2604 3496 2570 3496 2547 3489 2486 3261 2463 3258 2463 3254 2463 3170 2483 3123 2463 3120 2463 3117 2463 3113 2463 3063 2483 2989 2463 2986 2463 2983 2463 2979 2463 2976 2463 2976 2466 2956 2486 2674 2486 2604 2466 2601 2466 2597 2466 2594 2466 2591 2466 2591 2470 2574 2483 2289 2473 2286 2473 2205 2490 2208 2553"/></Shape>
	    <String CONTENT="ne apꝛes ſon pere le ꝸuc hartɂ"
                    HPOS="2205"
                    VPOS="2463"
                    WIDTH="1291"
                    HEIGHT="144"></String>
          </TextLine>

          
          
          <TextLine ID="eSc_line_a6e36761"
                    TAGREFS="LT1716"
                    BASELINE="2208 2664 3502 2671" 
                    HPOS="2205"
                    VPOS="2597"
                    WIDTH="1297"
                    HEIGHT="124">
            <Shape><Polygon POINTS="2208 2664 2205 2684 2292 2714 2296 2714 2299 2714 2470 2691 2584 2691 2604 2711 2604 2714 2607 2714 2611 2714 2614 2714 2855 2691 3063 2691 3097 2718 3100 2718 3103 2718 3107 2721 3248 2721 3248 2718 3251 2718 3308 2694 3368 2718 3372 2718 3375 2718 3499 2691 3502 2671 3502 2600 2208 2597 2208 2664"/></Shape>
	    <String CONTENT="regna au gre de tous¶Et par"
                    HPOS="2205"
                    VPOS="2597"
                    WIDTH="1297"
                    HEIGHT="124"></String>
          </TextLine>

          
          
          <TextLine ID="eSc_line_480d2bba"
                    TAGREFS="LT1716"
                    BASELINE="2205 2788 3506 2788" 
                    HPOS="2205"
                    VPOS="2688"
                    WIDTH="1301"
                    HEIGHT="140">
            <Shape><Polygon POINTS="2205 2788 2205 2808 2349 2828 2353 2828 2520 2812 2523 2812 2527 2812 2631 2828 2634 2828 2637 2828 2698 2812 2701 2812 3016 2812 3033 2825 3033 2828 3036 2828 3040 2828 3043 2828 3506 2812 3506 2788 3506 2714 3422 2694 3418 2694 3415 2694 3412 2694 3408 2694 3372 2714 3130 2714 3070 2688 3067 2688 3063 2688 3060 2688 3056 2688 3026 2714 2932 2688 2929 2688 2926 2688 2922 2688 2872 2714 2785 2688 2782 2688 2778 2688 2775 2688 2715 2714 2664 2688 2661 2688 2658 2688 2654 2688 2651 2688 2617 2714 2544 2688 2540 2688 2537 2688 2534 2688 2463 2704 2359 2688 2356 2688 2353 2688 2296 2714 2245 2688 2242 2688 2239 2688 2235 2688 2232 2688 2205 2708 2205 2788"/></Shape>
	    <String CONTENT="le cõſeil de ſes barõs fut marie."
                    HPOS="2205"
                    VPOS="2688"
                    WIDTH="1301"
                    HEIGHT="140"></String>
          </TextLine>

          
          
          <TextLine ID="eSc_line_e2adea2a"
                    TAGREFS="LT1716"
                    BASELINE="2215 2905 3506 2895" 
                    HPOS="2212"
                    VPOS="2798"
                    WIDTH="1294"
                    HEIGHT="148">
            <Shape><Polygon POINTS="2215 2905 2215 2929 2738 2926 2745 2929 2765 2942 2768 2942 2772 2942 2775 2946 2775 2942 2778 2942 2782 2942 2802 2929 2805 2926 2815 2929 2875 2942 2879 2942 2882 2942 2886 2942 2889 2942 2889 2939 2902 2926 2906 2926 2926 2926 3067 2942 3070 2942 3502 2922 3506 2895 3499 2832 3157 2832 3097 2798 3093 2798 3090 2798 3087 2798 3083 2798 3083 2801 3053 2828 3010 2801 3006 2801 3003 2801 2999 2801 2996 2801 2949 2828 2926 2805 2926 2801 2922 2801 2919 2801 2745 2801 2741 2801 2738 2801 2735 2801 2735 2805 2711 2825 2617 2805 2614 2805 2611 2805 2607 2805 2574 2832 2503 2805 2500 2805 2497 2805 2493 2805 2490 2805 2460 2832 2212 2838 2215 2905"/></Shape>
	    <String CONTENT="mais la ꝸucheſſe ſa femme ne"
                    HPOS="2212"
                    VPOS="2798"
                    WIDTH="1294"
                    HEIGHT="148"></String>
          </TextLine>

          
          
          <TextLine ID="eSc_line_8fa98030"
                    TAGREFS="LT1716"
                    BASELINE="2215 3019 3509 3013" 
                    HPOS="2212"
                    VPOS="2922"
                    WIDTH="1297"
                    HEIGHT="141">
            <Shape><Polygon POINTS="2215 3019 2215 3056 2627 3039 2661 3050 2698 3063 2701 3063 2705 3063 2708 3063 2738 3050 2758 3039 2792 3046 2852 3063 2855 3063 2859 3063 2862 3063 2896 3046 2912 3036 3130 3036 3140 3043 3160 3060 3164 3060 3167 3060 3170 3063 3479 3063 3479 3060 3482 3060 3486 3060 3509 3036 3509 3013 3502 2952 3278 2952 3154 2922 3150 2922 3147 2922 3144 2922 3144 2926 3113 2952 3060 2952 2862 2922 2859 2922 2855 2922 2751 2952 2631 2926 2627 2926 2624 2926 2621 2926 2591 2946 2493 2936 2490 2936 2487 2936 2483 2936 2463 2952 2386 2932 2383 2932 2379 2932 2212 2956 2215 3019"/></Shape>
	    <String CONTENT="poꝛta oncq̃s enfans. Et pour"
                    HPOS="2212"
                    VPOS="2922"
                    WIDTH="1297"
                    HEIGHT="141"></String>
          </TextLine>

          
          
          <TextLine ID="eSc_line_5bfcd445"
                    TAGREFS="LT1716"
                    BASELINE="2212 3137 3512 3127" 
                    HPOS="2208"
                    VPOS="3029"
                    WIDTH="1304"
                    HEIGHT="161">
            <Shape><Polygon POINTS="2212 3137 2212 3163 2322 3163 2326 3163 2369 3187 2373 3187 2376 3187 2500 3163 2523 3184 2523 3187 2527 3187 2530 3187 2534 3190 2597 3190 2597 3187 2601 3187 2651 3160 2654 3160 2658 3160 2711 3184 2715 3184 2718 3184 2721 3184 2768 3163 2865 3184 2869 3184 2872 3184 2875 3184 2906 3160 2973 3184 2976 3184 2979 3184 2983 3184 2986 3184 2986 3180 3010 3160 3445 3180 3449 3180 3452 3180 3512 3153 3512 3127 3506 3056 3392 3036 3388 3036 3385 3036 3318 3053 3227 3029 3224 3029 3221 3029 3217 3029 3214 3029 3214 3033 3187 3053 3097 3029 3093 3029 3090 3029 3087 3029 3083 3029 3083 3033 3063 3056 3016 3033 3013 3033 3010 3033 3006 3033 2956 3056 2926 3033 2922 3033 2919 3033 2916 3033 2792 3056 2544 3036 2540 3036 2537 3036 2534 3036 2497 3060 2336 3036 2332 3036 2329 3036 2326 3036 2326 3039 2306 3060 2208 3063 2212 3137"/></Shape>
	    <String CONTENT="ce q̃ meſſire guy le ſecõꝸ filᴣ fut"
                    HPOS="2208"
                    VPOS="3029"
                    WIDTH="1304"
                    HEIGHT="161"></String>
          </TextLine>

          
          
          <TextLine ID="eSc_line_5c2d420b"
                    TAGREFS="LT1716"
                    BASELINE="2218 3254 3509 3254" 
                    HPOS="2218"
                    VPOS="3160"
                    WIDTH="1291"
                    HEIGHT="134">
            <Shape><Polygon POINTS="2218 3254 2218 3281 3452 3294 3455 3294 3459 3294 3509 3274 3509 3254 3509 3177 3482 3160 3479 3160 3475 3160 3398 3160 3395 3160 3392 3160 3388 3160 3365 3184 3070 3184 2986 3160 2983 3160 2979 3160 2976 3160 2909 3180 2778 3160 2775 3160 2530 3180 2450 3160 2446 3160 2443 3160 2218 3180 2218 3254"/></Shape>
	    <String CONTENT="pꝛeuꝸons. et fut plus agreable"
                    HPOS="2218"
                    VPOS="3160"
                    WIDTH="1291"
                    HEIGHT="134"></String>
          </TextLine>

          
          
          <TextLine ID="eSc_line_0befa940"
                    TAGREFS="LT1716"
                    BASELINE="2218 3365 3512 3365" 
                    HPOS="2218"
                    VPOS="3274"
                    WIDTH="1294"
                    HEIGHT="141">
            <Shape><Polygon POINTS="2218 3365 2218 3385 2342 3411 2346 3411 2349 3411 2403 3388 2788 3388 2909 3411 2912 3411 3204 3388 3227 3408 3227 3411 3231 3411 3234 3411 3237 3415 3465 3415 3465 3411 3469 3411 3512 3385 3512 3365 3512 3294 3486 3274 3482 3274 3479 3274 3475 3274 3472 3274 3395 3301 3298 3301 3244 3274 3241 3274 3237 3274 3234 3274 3184 3298 3130 3274 3127 3274 3123 3274 3120 3274 3056 3301 2798 3301 2761 3277 2758 3277 2755 3277 2751 3277 2748 3277 2691 3298 2641 3274 2637 3274 2634 3274 2537 3291 2436 3274 2433 3274 2430 3274 2426 3274 2426 3277 2403 3301 2218 3301 2218 3365"/></Shape>
	    <String CONTENT="aux (ᵷ)barõs et au peuple q̃ meſ⸝"
                    HPOS="2218"
                    VPOS="3274"
                    WIDTH="1294"
                    HEIGHT="141"></String>
          </TextLine>

          
          
          <TextLine ID="eSc_line_9934d85e"
                    TAGREFS="LT1716"
                    BASELINE="2225 3479 3516 3485" 
                    HPOS="2222"
                    VPOS="3385"
                    WIDTH="1294"
                    HEIGHT="120">
            <Shape><Polygon POINTS="2225 3479 2222 3505 3512 3505 3516 3485 3516 3418 3268 3415 3164 3388 3160 3388 3157 3388 3154 3388 3120 3415 3030 3415 2939 3415 2936 3415 2875 3385 2872 3385 2869 3385 2865 3385 2795 3401 2701 3385 2698 3385 2694 3385 2637 3411 2426 3385 2423 3385 2420 3385 2416 3385 2386 3411 2265 3385 2262 3385 2259 3385 2255 3385 2225 3405 2225 3479"/></Shape>
	    <String CONTENT="ſire iehan cõte ꝸe montfoꝛt. Et"
                    HPOS="2222"
                    VPOS="3385"
                    WIDTH="1294"
                    HEIGHT="120"></String>
          </TextLine>

          
          
          <TextLine ID="eSc_line_cefeafee"
                    TAGREFS="LT1716"
                    BASELINE="2222 3589 3509 3603" 
                    HPOS="2218"
                    VPOS="3492"
                    WIDTH="1291"
                    HEIGHT="151">
            <Shape><Polygon POINTS="2222 3589 2218 3619 2242 3633 2245 3633 2249 3633 2252 3633 3157 3626 3207 3643 3211 3643 3214 3643 3506 3626 3509 3603 3502 3502 3351 3509 3348 3509 3345 3509 3345 3512 3325 3532 3224 3532 3194 3505 3194 3502 3191 3502 3187 3502 3184 3502 3167 3505 3080 3525 3060 3505 3053 3502 3053 3499 3050 3499 3046 3499 2986 3499 2983 3499 2979 3499 2976 3499 2976 3502 2969 3509 2949 3525 2906 3509 2869 3495 2865 3495 2862 3495 2859 3495 2815 3509 2785 3519 2765 3509 2735 3495 2731 3495 2728 3495 2725 3495 2721 3495 2721 3499 2708 3512 2698 3519 2691 3512 2674 3499 2674 3495 2671 3495 2668 3495 2664 3495 2661 3495 2601 3512 2560 3522 2446 3519 2443 3515 2423 3495 2423 3492 2420 3492 2416 3492 2413 3492 2410 3492 2366 3515 2356 3519 2222 3519 2222 3589"/></Shape>
	    <String CONTENT="meſmemẽt icelluy bon ꝸuc iehan"
                    HPOS="2218"
                    VPOS="3492"
                    WIDTH="1291"
                    HEIGHT="151"></String>
          </TextLine>

          
          
          <TextLine ID="eSc_line_909c8993"
                    TAGREFS="LT1716"
                    BASELINE="2218 3716 3519 3710" 
                    HPOS="2215"
                    VPOS="3616"
                    WIDTH="1304"
                    HEIGHT="144">
            <Shape><Polygon POINTS="2218 3716 2218 3740 2346 3740 2349 3740 2383 3760 2386 3760 2389 3760 2393 3760 2396 3760 2446 3740 2453 3737 2691 3737 2698 3740 2718 3757 2718 3760 2721 3760 2725 3760 2728 3760 2815 3740 2832 3737 2845 3740 2896 3757 2899 3757 2902 3757 2906 3757 2942 3740 2953 3737 2986 3740 3060 3750 3063 3750 3067 3750 3093 3740 3113 3733 3137 3740 3187 3757 3191 3757 3194 3757 3516 3740 3519 3710 3516 3646 3462 3626 3459 3626 3455 3626 3452 3626 3408 3643 3375 3616 3372 3616 3368 3616 3365 3616 3361 3616 3358 3616 3311 3646 3201 3646 3140 3616 3137 3616 3134 3616 3130 3616 3127 3616 3127 3619 3100 3643 2939 3629 2936 3629 2932 3629 2859 3649 2698 3649 2668 3623 2668 3619 2664 3619 2661 3619 2658 3619 2544 3636 2396 3619 2393 3619 2215 3649 2218 3716"/></Shape>
	    <String CONTENT="conſiderãnt que apꝛes luy eſtoit"
                    HPOS="2215"
                    VPOS="3616"
                    WIDTH="1304"
                    HEIGHT="144"></String>
          </TextLine>

          
          
          <TextLine ID="eSc_line_6f961846"
                    TAGREFS="LT1716"
                    BASELINE="2222 3830 3526 3830" 
                    HPOS="2222"
                    VPOS="3740"
                    WIDTH="1304"
                    HEIGHT="137">
            <Shape><Polygon POINTS="2222 3830 2222 3854 2326 3877 2329 3877 2332 3877 2379 3857 2517 3857 2534 3874 2534 3877 2537 3877 2540 3877 2544 3877 2547 3877 2624 3857 2688 3877 2691 3877 2694 3877 2698 3877 2701 3877 2728 3857 2845 3877 2849 3877 2852 3877 2855 3877 2879 3857 2902 3874 2906 3874 2909 3874 2912 3874 2916 3874 2919 3874 2946 3857 3113 3857 3134 3874 3134 3877 3137 3877 3140 3877 3144 3877 3412 3857 3492 3874 3496 3874 3499 3874 3502 3874 3526 3857 3526 3830 3526 3767 2879 3767 2829 3740 2825 3740 2822 3740 2550 3763 2393 3740 2389 3740 2386 3740 2322 3760 2252 3740 2249 3740 2245 3740 2242 3740 2239 3740 2239 3743 2222 3760 2222 3830"/></Shape>
	    <String CONTENT="le  plus ꝓchain pour regner et"
                    HPOS="2222"
                    VPOS="3740"
                    WIDTH="1304"
                    HEIGHT="137"></String>
          </TextLine>

          
          
          <TextLine ID="eSc_line_1115eb77"
                    TAGREFS="LT1716"
                    BASELINE="2232 3941 3519 3948" 
                    HPOS="2229"
                    VPOS="3844"
                    WIDTH="1290"
                    HEIGHT="144">
            <Shape><Polygon POINTS="2232 3941 2229 3971 2245 3985 2249 3985 2252 3985 2255 3985 2363 3968 2765 3968 2875 3988 2879 3988 2882 3988 2946 3971 3026 3988 3030 3988 3516 3971 3519 3948 3512 3861 3150 3871 3140 3861 3123 3851 3123 3847 3120 3847 3117 3847 3113 3847 3110 3847 3107 3847 3087 3864 3080 3867 3067 3864 3026 3847 3023 3847 3020 3847 3016 3847 3013 3847 2989 3864 2979 3871 2973 3864 2956 3851 2956 3847 2953 3847 2949 3847 2865 3844 2862 3844 2859 3844 2802 3864 2795 3867 2788 3864 2751 3844 2748 3844 2745 3844 2741 3844 2691 3867 2684 3867 2681 3867 2621 3844 2617 3844 2614 3844 2611 3844 2607 3844 2607 3847 2587 3867 2584 3871 2467 3871 2463 3867 2389 3844 2386 3844 2383 3844 2379 3844 2322 3867 2259 3844 2255 3844 2252 3844 2249 3844 2245 3844 2245 3847 2232 3861 2232 3941"/></Shape>
	    <String CONTENT="heriter a la ꝸuchie q̃ leꝸit meſſi"
                    HPOS="2229"
                    VPOS="3844"
                    WIDTH="1290"
                    HEIGHT="144"></String>
          </TextLine>

          
          
          <TextLine ID="eSc_line_2805361f"
                    TAGREFS="LT1716"
                    BASELINE="2232 4055 3526 4062" 
                    HPOS="2229"
                    VPOS="3965"
                    WIDTH="1297"
                    HEIGHT="144">
            <Shape><Polygon POINTS="2232 4055 2229 4082 2269 4105 2272 4105 2275 4105 2855 4085 2896 4109 2899 4109 2902 4109 2906 4109 2909 4109 2976 4089 3026 4109 3030 4109 3033 4109 3036 4109 3083 4089 3358 4109 3361 4109 3522 4085 3526 4062 3516 3968 3449 3991 3412 3968 3408 3968 3405 3968 3338 3968 3335 3968 3331 3968 3328 3968 3328 3971 3308 3991 3258 3971 3248 3968 3244 3968 3241 3968 3237 3968 3231 3971 3191 3991 3070 3975 3067 3975 3063 3975 3060 3975 3023 3991 2999 3975 2993 3968 2989 3968 2986 3968 2983 3968 2979 3968 2949 3975 2896 3988 2829 3978 2785 3971 2782 3971 2778 3971 2775 3971 2768 3978 2758 3985 2751 3978 2738 3968 2738 3965 2735 3965 2731 3965 2728 3965 2658 3981 2621 3988 2607 3981 2577 3965 2574 3965 2570 3965 2467 3981 2430 3988 2232 3988 2232 4055"/></Shape>
	    <String CONTENT="re guy ƃoulut et fit par le cõſeil"
                    HPOS="2229"
                    VPOS="3965"
                    WIDTH="1297"
                    HEIGHT="144"></String>
          </TextLine>

          
          
          <TextLine ID="eSc_line_bf4471f7"
                    TAGREFS="LT1716"
                    BASELINE="2235 4172 3522 4179" 
                    HPOS="2232"
                    VPOS="4078"
                    WIDTH="1290"
                    HEIGHT="141">
            <Shape><Polygon POINTS="2235 4172 2232 4192 2654 4196 2654 4199 2671 4213 2671 4216 2674 4216 2678 4216 2681 4216 2684 4216 2745 4202 2758 4199 2788 4202 2916 4216 2919 4216 2996 4202 3010 4202 3013 4206 3026 4216 3026 4219 3030 4219 3033 4219 3036 4219 3519 4209 3522 4179 3516 4092 3274 4105 3261 4092 3251 4085 3251 4082 3248 4082 3244 4082 3241 4082 3180 4092 3147 4099 3117 4092 3053 4082 3050 4082 3046 4082 3023 4095 2999 4109 2899 4109 2772 4095 2547 4078 2544 4078 2540 4078 2503 4099 2493 4102 2480 4099 2406 4078 2403 4078 2399 4078 2396 4078 2393 4078 2393 4082 2373 4099 2373 4102 2235 4102 2235 4172"/></Shape>
	    <String CONTENT="des barõs q̃ au cas q̃ leꝸit meſſi"
                    HPOS="2232"
                    VPOS="4078"
                    WIDTH="1290"
                    HEIGHT="141"></String>
          </TextLine>

          
          
          <TextLine ID="eSc_line_7f0fac96"
                    TAGREFS="LT1716"
                    BASELINE="2232 4286 3522 4300" 
                    HPOS="2229"
                    VPOS="4196"
                    WIDTH="1293"
                    HEIGHT="147">
            <Shape><Polygon POINTS="2232 4286 2229 4310 2262 4333 2265 4333 2269 4333 2272 4337 2530 4337 2530 4333 2534 4333 2587 4313 2631 4337 2634 4337 2637 4337 2641 4337 2644 4337 2674 4313 2725 4337 2728 4337 2731 4337 2849 4313 2919 4340 2922 4340 2926 4340 3154 4316 3207 4333 3211 4333 3214 4333 3217 4333 3268 4320 3318 4343 3321 4343 3325 4343 3519 4316 3522 4300 3519 4233 3315 4206 3311 4206 3308 4206 3237 4229 3231 4229 3221 4229 3110 4202 3107 4202 3103 4202 3060 4226 2996 4226 2899 4226 2886 4226 2775 4199 2772 4199 2607 4223 2594 4223 2591 4223 2560 4196 2557 4196 2554 4196 2550 4196 2547 4196 2497 4219 2232 4219 2232 4286"/></Shape>
	    <String CONTENT="re guy ſon frere yroit de ƃie a"
                    HPOS="2229"
                    VPOS="4196"
                    WIDTH="1293"
                    HEIGHT="147"></String>
          </TextLine>

          
          
          <TextLine ID="eSc_line_d7161f15"
                    TAGREFS="LT1716"
                    BASELINE="2232 4400 3522 4414" 
                    HPOS="2229"
                    VPOS="4306"
                    WIDTH="1293"
                    HEIGHT="148">
            <Shape><Polygon POINTS="2232 4400 2229 4424 2292 4444 2296 4444 2299 4444 2859 4434 3197 4454 3201 4454 3519 4437 3522 4414 3519 4347 3472 4347 3472 4343 3445 4320 3445 4316 3442 4316 3439 4316 3335 4316 3331 4316 3328 4316 3325 4316 3284 4343 3281 4343 3204 4343 3167 4313 3164 4313 3160 4313 3157 4313 2912 4340 2889 4340 2886 4340 2842 4310 2839 4310 2835 4310 2832 4310 2637 4333 2557 4306 2554 4306 2550 4306 2547 4306 2470 4333 2406 4306 2403 4306 2399 4306 2232 4330 2232 4400"/></Shape>
	    <String CONTENT="treſpaſſement auant luy il ƃou"
                    HPOS="2229"
                    VPOS="4306"
                    WIDTH="1293"
                    HEIGHT="148"></String>
          </TextLine>

          
          
          <TextLine ID="eSc_line_c9b7bbd3"
                    TAGREFS="LT1716"
                    BASELINE="2232 4518 3519 4524" 
                    HPOS="2229"
                    VPOS="4424"
                    WIDTH="1290"
                    HEIGHT="140">
            <Shape><Polygon POINTS="2232 4518 2229 4544 2249 4558 2252 4558 2255 4558 2259 4558 2835 4544 2842 4544 2922 4564 2926 4564 2929 4564 3516 4548 3519 4524 3512 4430 3120 4447 3093 4434 3077 4427 3073 4427 3070 4427 3067 4427 3043 4434 3010 4447 2983 4434 2966 4427 2963 4427 2959 4427 2956 4427 2922 4437 2882 4447 2869 4437 2855 4427 2855 4424 2852 4424 2849 4424 2845 4424 2842 4424 2798 4437 2775 4444 2694 4437 2500 4424 2497 4424 2493 4424 2490 4424 2490 4427 2473 4440 2473 4444 2319 4444 2316 4444 2265 4424 2262 4424 2259 4424 2255 4424 2252 4424 2232 4437 2232 4518"/></Shape>
	    <String CONTENT="lut et ẽtieremẽt eſcript ſõ ĩtẽntiõ"
                    HPOS="2229"
                    VPOS="4424"
                    WIDTH="1290"
                    HEIGHT="140"></String>
          </TextLine>

          
          
          <TextLine ID="eSc_line_607efdd1"
                    TAGREFS="LT1716"
                    BASELINE="2245 4642 3526 4642" 
                    HPOS="2245"
                    VPOS="4538"
                    WIDTH="1281"
                    HEIGHT="147">
            <Shape><Polygon POINTS="2245 4642 2245 4665 2286 4685 2289 4685 2292 4685 2296 4685 2366 4665 2517 4682 2520 4682 2621 4665 2641 4682 2641 4685 2644 4685 2648 4685 2651 4685 2654 4685 2718 4665 2805 4665 2825 4682 2825 4685 2829 4685 2832 4685 2835 4685 3207 4665 3261 4685 3264 4685 3268 4685 3271 4685 3274 4685 3291 4668 3304 4678 3304 4682 3308 4682 3311 4682 3489 4685 3492 4685 3496 4685 3499 4685 3526 4665 3526 4642 3526 4568 3472 4551 3469 4551 3465 4551 3462 4551 3459 4551 3459 4554 3442 4571 3385 4571 3204 4571 3201 4568 3160 4541 3157 4541 3154 4541 3150 4541 3147 4541 3083 4568 3033 4538 3030 4538 3026 4538 3023 4538 3020 4538 2959 4568 2932 4541 2932 4538 2929 4538 2926 4538 2832 4538 2829 4538 2825 4538 2822 4538 2822 4541 2798 4561 2765 4538 2761 4538 2758 4538 2755 4538 2751 4538 2748 4538 2725 4558 2698 4538 2694 4538 2691 4538 2688 4538 2684 4538 2624 4558 2594 4538 2591 4538 2587 4538 2584 4538 2580 4538 2577 4538 2577 4541 2550 4564 2547 4568 2540 4564 2463 4538 2460 4538 2456 4538 2453 4538 2406 4564 2379 4541 2379 4538 2376 4538 2373 4538 2269 4538 2265 4538 2262 4538 2259 4538 2259 4541 2245 4554 2245 4642"/></Shape>
	    <String CONTENT="q̃ le ꝸꝛoit (h)?oir q̃ hyſtroit de meſ⸝"
                    HPOS="2245"
                    VPOS="4538"
                    WIDTH="1281"
                    HEIGHT="147"></String>
          </TextLine>

          
          
          <TextLine ID="eSc_line_2536fda6"
                    TAGREFS="LT1716"
                    BASELINE="2245 4759 3529 4752" 
                    HPOS="2242"
                    VPOS="4655"
                    WIDTH="1287"
                    HEIGHT="147">
            <Shape><Polygon POINTS="2245 4759 2245 4792 2383 4782 2416 4792 2450 4802 2453 4802 2456 4802 2460 4802 2483 4792 2503 4782 2534 4792 2574 4802 2577 4802 2580 4802 2584 4802 2587 4802 2601 4789 2611 4782 2637 4789 2691 4802 2694 4802 2698 4802 2701 4802 2741 4789 2761 4782 2772 4789 2792 4802 2795 4802 2798 4802 2802 4802 2805 4802 2808 4802 2808 4799 2822 4789 2829 4782 2849 4786 2892 4796 2896 4796 2899 4796 2922 4786 2946 4779 3231 4779 3237 4782 3251 4796 3251 4799 3254 4799 3258 4799 3261 4802 3472 4802 3472 4799 3475 4799 3529 4779 3529 4752 3519 4675 3372 4682 3361 4675 3328 4655 3325 4655 3321 4655 3318 4655 3315 4655 3311 4655 3284 4678 3274 4685 3214 4685 3207 4678 3180 4655 3177 4655 3174 4655 3170 4655 3167 4655 3164 4655 3164 4658 3140 4678 3137 4685 3013 4685 3003 4682 2909 4655 2906 4655 2902 4655 2899 4655 2896 4655 2896 4658 2869 4682 2835 4658 2832 4658 2829 4658 2684 4658 2681 4658 2678 4658 2674 4658 2674 4662 2651 4682 2460 4668 2456 4668 2453 4668 2410 4685 2265 4658 2262 4658 2259 4658 2255 4658 2255 4662 2252 4662 2242 4672 2245 4759"/></Shape>
	    <String CONTENT="ſire guy q̃ ſõ (h)oir deuoit eſtre et"
                    HPOS="2242"
                    VPOS="4655"
                    WIDTH="1287"
                    HEIGHT="147"></String>
          </TextLine>

          
          
          <TextLine ID="eSc_line_5e2c6a00"
                    TAGREFS="LT1716"
                    BASELINE="2245 4863 3529 4876" 
                    HPOS="2242"
                    VPOS="4769"
                    WIDTH="1287"
                    HEIGHT="151">
            <Shape><Polygon POINTS="2245 4863 2242 4903 3248 4903 3261 4903 3351 4920 3355 4920 3526 4903 3529 4876 3526 4792 3294 4802 3268 4792 3241 4779 3237 4779 3103 4776 3100 4776 3097 4776 3093 4776 3093 4779 3080 4792 3070 4802 2956 4802 2946 4792 2932 4779 2932 4776 2929 4776 2926 4776 2825 4772 2822 4772 2818 4772 2815 4772 2815 4776 2798 4792 2795 4796 2698 4796 2688 4792 2648 4772 2644 4772 2641 4772 2637 4772 2594 4792 2584 4796 2336 4796 2332 4792 2299 4769 2296 4769 2292 4769 2289 4769 2286 4769 2245 4789 2245 4863"/></Shape>
	    <String CONTENT="ſe reputaſt ou filᴣ ou fille car tel"
                    HPOS="2242"
                    VPOS="4769"
                    WIDTH="1287"
                    HEIGHT="151"></String>
          </TextLine>

          
          
          <TextLine ID="eSc_line_7e2bfede"
                    TAGREFS="LT1716"
                    BASELINE="2222 4987 3522 4997" 
                    HPOS="2218"
                    VPOS="4886"
                    WIDTH="1304"
                    HEIGHT="158">
            <Shape><Polygon POINTS="2222 4987 2218 5007 2342 5010 2373 5037 2376 5037 2379 5037 2383 5037 2550 5014 2564 5014 2567 5014 2580 5027 2580 5030 2584 5030 2587 5030 2591 5030 2684 5017 2694 5017 2708 5017 2839 5040 2842 5040 2969 5024 3013 5017 3093 5024 3288 5044 3291 5044 3519 5030 3522 4997 3519 4923 3361 4900 3358 4900 3355 4900 3351 4900 3328 4920 3328 4923 3217 4923 3217 4920 3194 4896 3194 4893 3191 4893 3187 4893 3184 4893 3180 4893 3120 4920 3117 4920 3073 4920 3033 4920 3010 4893 3010 4890 3006 4890 3003 4890 2999 4890 2694 4916 2661 4890 2661 4886 2658 4886 2654 4886 2651 4886 2648 4886 2584 4910 2550 4886 2547 4886 2544 4886 2540 4886 2537 4886 2493 4910 2443 4886 2440 4886 2436 4886 2433 4886 2329 4913 2289 4886 2286 4886 2282 4886 2279 4886 2275 4886 2222 4910 2222 4987"/></Shape>
	    <String CONTENT="le eſtoit la couſtũe de bꝛetaigne"
                    HPOS="2218"
                    VPOS="4886"
                    WIDTH="1304"
                    HEIGHT="158"></String>
          </TextLine>

          
        </TextBlock>
        
        <TextBlock HPOS="2167"
                   VPOS="1052"
                   WIDTH="511"
                   HEIGHT="427"
                   ID="eSc_textblock_edf745ea"
                   >
          <Shape><Polygon POINTS="2167 1053 2594 1052 2678 1390 2178 1479"/></Shape>
          
          
          <TextLine ID="eSc_line_0096a7be"
                    
                    BASELINE="2138 1317 2536 1317" 
                    HPOS="2133"
                    VPOS="1251"
                    WIDTH="398"
                    HEIGHT="141">
            <Shape><Polygon POINTS="2435 1292 2385 1292 2334 1292 2324 1251 2133 1251 2133 1312 2133 1342 2193 1342 2208 1352 2259 1392 2264 1392 2269 1392 2274 1392 2279 1392 2284 1392 2319 1367 2349 1342 2390 1377 2395 1382 2435 1382 2485 1382 2531 1382 2531 1312 2531 1287 2485 1287"/></Shape>
	    <String CONTENT="A"
                    HPOS="2133"
                    VPOS="1251"
                    WIDTH="398"
                    HEIGHT="141"></String>
          </TextLine>

          
        </TextBlock>
        
        <TextBlock HPOS="470"
                   VPOS="3619"
                   WIDTH="740"
                   HEIGHT="410"
                   ID="eSc_textblock_1e51cacf"
                   TAGREFS="BT5221">
          <Shape><Polygon POINTS="470 3619 470 4029 1210 4029 1210 3619"/></Shape>
          
          
          <TextLine ID="eSc_line_e4391cb3"
                    
                    BASELINE="582 3989 1178 3981" 
                    HPOS="573"
                    VPOS="3800"
                    WIDTH="604"
                    HEIGHT="227">
            <Shape><Polygon POINTS="578 3986 578 3996 1172 4027 1177 3976 1172 3861 1101 3815 1096 3815 1091 3815 1086 3815 860 3825 774 3800 769 3800 764 3800 759 3800 754 3800 754 3805 679 3876 679 3881 573 3881 578 3986"/></Shape>
	    <String CONTENT="A"
                    HPOS="573"
                    VPOS="3800"
                    WIDTH="604"
                    HEIGHT="227"></String>
          </TextLine>

          
        </TextBlock>
        
        <TextBlock HPOS="697"
                   VPOS="4276"
                   WIDTH="37"
                   HEIGHT="64"
                   ID="eSc_textblock_1a0bd3de"
                   TAGREFS="BT5205">
          <Shape><Polygon POINTS="734 4276 734 4340 697 4327 703 4276"/></Shape>
          
        </TextBlock>
        

        
      </PrintSpace>
    </Page>
  </Layout>
</alto>
